-- phpMyAdmin SQL Dump
-- version 4.9.7deb1
-- https://www.phpmyadmin.net/
--
-- Host: localhost:3306
-- Generation Time: Aug 28, 2021 at 10:31 PM
-- Server version: 8.0.26-0ubuntu0.21.04.3
-- PHP Version: 7.4.16

SET SQL_MODE = "NO_AUTO_VALUE_ON_ZERO";
SET AUTOCOMMIT = 0;
START TRANSACTION;
SET time_zone = "+00:00";


/*!40101 SET @OLD_CHARACTER_SET_CLIENT=@@CHARACTER_SET_CLIENT */;
/*!40101 SET @OLD_CHARACTER_SET_RESULTS=@@CHARACTER_SET_RESULTS */;
/*!40101 SET @OLD_COLLATION_CONNECTION=@@COLLATION_CONNECTION */;
/*!40101 SET NAMES utf8mb4 */;

--
-- Database: `elearning`
--

-- --------------------------------------------------------

--
-- Table structure for table `assign_grade_base`
--

CREATE TABLE `assign_grade_base` (
  `id` bigint UNSIGNED NOT NULL,
  `user_id` bigint NOT NULL DEFAULT '0',
  `grade_id` bigint NOT NULL DEFAULT '0',
  `base_id` bigint NOT NULL DEFAULT '0',
  `school_id` bigint NOT NULL DEFAULT '0',
  `created_at` timestamp NULL DEFAULT NULL,
  `updated_at` timestamp NULL DEFAULT NULL
) ENGINE=InnoDB DEFAULT CHARSET=utf8mb4 COLLATE=utf8mb4_unicode_ci;

--
-- Dumping data for table `assign_grade_base`
--

INSERT INTO `assign_grade_base` (`id`, `user_id`, `grade_id`, `base_id`, `school_id`, `created_at`, `updated_at`) VALUES
(1, 1, 3, 3, 1, '2021-02-03 13:49:38', '2021-02-03 13:49:38'),
(2, 1, 3, 4, 1, '2021-02-03 13:49:38', '2021-02-03 13:49:38'),
(3, 1, 3, 5, 1, '2021-02-03 13:49:38', '2021-02-03 13:49:38'),
(4, 1, 3, 6, 1, '2021-02-03 13:49:38', '2021-02-03 13:49:38'),
(5, 1, 3, 3, 2, '2021-02-13 08:04:01', '2021-02-13 08:04:01'),
(6, 1, 3, 4, 2, '2021-02-13 08:04:01', '2021-02-13 08:04:01'),
(7, 1, 3, 5, 2, '2021-02-13 08:04:01', '2021-02-13 08:04:01'),
(8, 1, 3, 10, 2, '2021-02-13 08:04:01', '2021-02-13 08:04:01'),
(14, 1, 1, 1, 3, '2021-02-14 16:38:59', '2021-02-14 16:38:59');

-- --------------------------------------------------------

--
-- Table structure for table `base`
--

CREATE TABLE `base` (
  `id` bigint UNSIGNED NOT NULL,
  `title` varchar(255) CHARACTER SET utf8mb4 COLLATE utf8mb4_unicode_ci DEFAULT NULL,
  `grade_id` bigint NOT NULL DEFAULT '0',
  `user_id` bigint NOT NULL DEFAULT '0',
  `created_at` timestamp NULL DEFAULT NULL,
  `updated_at` timestamp NULL DEFAULT NULL
) ENGINE=InnoDB DEFAULT CHARSET=utf8mb4 COLLATE=utf8mb4_unicode_ci;

--
-- Dumping data for table `base`
--

INSERT INTO `base` (`id`, `title`, `grade_id`, `user_id`, `created_at`, `updated_at`) VALUES
(1, 'اول', 1, 1, '2021-02-03 12:38:23', '2021-02-03 12:38:23'),
(2, 'هفتم', 2, 1, '2021-02-03 12:38:37', '2021-02-03 13:10:19'),
(3, 'دهم ریاضی فیزیک', 3, 1, '2021-02-03 12:38:50', '2021-02-03 13:03:13'),
(4, 'یازدهم ریاضی فیزیک', 3, 1, '2021-02-03 13:03:26', '2021-02-03 13:03:26'),
(5, 'دوازدهم ریاضی فیزیک', 3, 1, '2021-02-03 13:03:42', '2021-02-03 13:03:42'),
(6, 'دوازدهم علوم تجربی', 3, 1, '2021-02-03 13:04:01', '2021-02-03 13:04:01'),
(7, 'هشتم', 2, 1, '2021-02-03 13:09:31', '2021-02-03 13:10:10'),
(10, 'المپیاد ریاضی', 3, 1, '2021-02-13 07:58:49', '2021-02-13 07:58:49'),
(11, 'المپیاد فیزیک', 3, 1, '2021-02-13 07:59:10', '2021-02-13 07:59:10');

-- --------------------------------------------------------

--
-- Table structure for table `city`
--

CREATE TABLE `city` (
  `id` int UNSIGNED NOT NULL,
  `City_No` int DEFAULT '0',
  `State_No` int DEFAULT '0',
  `City_Name` varchar(150) CHARACTER SET utf8 COLLATE utf8_unicode_ci NOT NULL,
  `created_at` timestamp NULL DEFAULT NULL,
  `updated_at` timestamp NULL DEFAULT NULL
) ENGINE=InnoDB DEFAULT CHARSET=utf8mb4 COLLATE=utf8mb4_unicode_ci;

--
-- Dumping data for table `city`
--

INSERT INTO `city` (`id`, `City_No`, `State_No`, `City_Name`, `created_at`, `updated_at`) VALUES
(1, 1, 1, 'امان آباد', '2020-03-13 02:04:09', '2020-03-13 02:04:09'),
(2, 2, 1, 'امیریه', '2020-03-13 02:04:09', '2020-03-13 02:04:09'),
(4, 4, 1, 'سده', '2020-03-13 02:04:09', '2020-03-13 02:04:09'),
(5, 5, 1, 'شمس آباد', '2020-03-13 02:04:09', '2020-03-13 02:04:09'),
(6, 6, 1, 'مشهدمیقان', '2020-03-13 02:04:09', '2020-03-13 02:04:09'),
(7, 7, 1, 'حاجی آباد', '2020-03-13 02:04:09', '2020-03-13 02:04:09'),
(8, 8, 1, 'اراک', '2020-03-13 02:04:09', '2020-03-13 02:04:09'),
(12, 12, 1, 'داودآباد', '2020-03-13 02:04:09', '2020-03-13 02:04:09'),
(14, 14, 1, 'مشهدالکوبه', '2020-03-13 02:04:09', '2020-03-13 02:04:09'),
(15, 15, 1, 'ساروق', '2020-03-13 02:04:09', '2020-03-13 02:04:09'),
(16, 16, 1, 'معصومیه', '2020-03-13 02:04:09', '2020-03-13 02:04:09'),
(17, 17, 1, 'مشک آباد', '2020-03-13 02:04:09', '2020-03-13 02:04:09'),
(18, 18, 1, 'کارچان', '2020-03-13 02:04:09', '2020-03-13 02:04:09'),
(19, 19, 1, 'سیاوشان', '2020-03-13 02:04:09', '2020-03-13 02:04:09'),
(20, 20, 1, 'گرکان', '2020-03-13 02:04:09', '2020-03-13 02:04:09'),
(21, 21, 1, 'مزرعه نو', '2020-03-13 02:04:09', '2020-03-13 02:04:09'),
(22, 22, 1, 'آشتیان', '2020-03-13 02:04:09', '2020-03-13 02:04:09'),
(23, 23, 1, 'بازرجان', '2020-03-13 02:04:09', '2020-03-13 02:04:09'),
(24, 24, 1, 'رودبار', '2020-03-13 02:04:09', '2020-03-13 02:04:09'),
(25, 25, 1, 'خرازان', '2020-03-13 02:04:09', '2020-03-13 02:04:09'),
(26, 26, 1, 'کوه پناه', '2020-03-13 02:04:09', '2020-03-13 02:04:09'),
(27, 27, 1, 'تفرش', '2020-03-13 02:04:09', '2020-03-13 02:04:09'),
(28, 28, 1, 'آشناخور', '2020-03-13 02:04:09', '2020-03-13 02:04:09'),
(29, 29, 1, 'حمزه لو', '2020-03-13 02:04:09', '2020-03-13 02:04:09'),
(30, 30, 1, 'رستاق', '2020-03-13 02:04:09', '2020-03-13 02:04:09'),
(31, 31, 1, 'صالحان', '2020-03-13 02:04:09', '2020-03-13 02:04:09'),
(32, 32, 1, 'گله زن', '2020-03-13 02:04:09', '2020-03-13 02:04:09'),
(33, 33, 1, 'خمین', '2020-03-13 02:04:09', '2020-03-13 02:04:09'),
(34, 34, 1, 'چهارچشمه', '2020-03-13 02:04:09', '2020-03-13 02:04:09'),
(35, 35, 1, 'خرم دشت', '2020-03-13 02:04:09', '2020-03-13 02:04:09'),
(36, 36, 1, 'قورچی باشی', '2020-03-13 02:04:09', '2020-03-13 02:04:09'),
(37, 37, 1, 'دودهک', '2020-03-13 02:04:09', '2020-03-13 02:04:09'),
(38, 38, 1, 'هستیجان', '2020-03-13 02:04:09', '2020-03-13 02:04:09'),
(39, 39, 1, 'جاسب', '2020-03-13 02:04:09', '2020-03-13 02:04:09'),
(40, 40, 1, 'جوشق', '2020-03-13 02:04:09', '2020-03-13 02:04:09'),
(41, 41, 1, 'دلیجان', '2020-03-13 02:04:09', '2020-03-13 02:04:09'),
(42, 42, 1, 'نراق', '2020-03-13 02:04:09', '2020-03-13 02:04:09'),
(43, 43, 1, 'شاهسونکندی', '2020-03-13 02:04:09', '2020-03-13 02:04:09'),
(44, 44, 1, 'طرازناهید', '2020-03-13 02:04:09', '2020-03-13 02:04:09'),
(45, 45, 1, 'قره چای', '2020-03-13 02:04:09', '2020-03-13 02:04:09'),
(46, 46, 1, 'نورعلی بیک', '2020-03-13 02:04:09', '2020-03-13 02:04:09'),
(47, 47, 1, 'ساوه', '2020-03-13 02:04:09', '2020-03-13 02:04:09'),
(48, 48, 1, 'آوه', '2020-03-13 02:04:09', '2020-03-13 02:04:09'),
(49, 49, 1, 'آق کهریز', '2020-03-13 02:04:09', '2020-03-13 02:04:09'),
(50, 50, 1, 'بیات', '2020-03-13 02:04:09', '2020-03-13 02:04:09'),
(51, 51, 1, 'کوهپایه', '2020-03-13 02:04:09', '2020-03-13 02:04:09'),
(52, 52, 1, 'غرق آباد', '2020-03-13 02:04:09', '2020-03-13 02:04:09'),
(53, 53, 1, 'نوبران', '2020-03-13 02:04:09', '2020-03-13 02:04:09'),
(55, 55, 1, 'کزاز', '2020-03-13 02:04:09', '2020-03-13 02:04:09'),
(56, 56, 1, 'آستانه', '2020-03-13 02:04:09', '2020-03-13 02:04:09'),
(57, 57, 1, 'شازند', '2020-03-13 02:04:09', '2020-03-13 02:04:09'),
(59, 59, 1, 'مالمیر', '2020-03-13 02:04:09', '2020-03-13 02:04:09'),
(60, 60, 1, 'هندودر', '2020-03-13 02:04:09', '2020-03-13 02:04:09'),
(61, 61, 1, 'پل دوآب', '2020-03-13 02:04:09', '2020-03-13 02:04:09'),
(62, 62, 1, 'زالیان', '2020-03-13 02:04:09', '2020-03-13 02:04:09'),
(63, 63, 1, 'نهرمیان', '2020-03-13 02:04:09', '2020-03-13 02:04:09'),
(64, 64, 1, 'مهاجران', '2020-03-13 02:04:09', '2020-03-13 02:04:09'),
(65, 65, 1, 'توره', '2020-03-13 02:04:09', '2020-03-13 02:04:09'),
(66, 66, 1, 'قره کهریز', '2020-03-13 02:04:09', '2020-03-13 02:04:09'),
(67, 67, 1, 'کوهسار', '2020-03-13 02:04:09', '2020-03-13 02:04:09'),
(68, 68, 1, 'شهباز', '2020-03-13 02:04:09', '2020-03-13 02:04:09'),
(69, 69, 1, 'باقرآباد', '2020-03-13 02:04:09', '2020-03-13 02:04:09'),
(70, 70, 1, 'خورهه', '2020-03-13 02:04:09', '2020-03-13 02:04:09'),
(71, 71, 1, 'محلات', '2020-03-13 02:04:09', '2020-03-13 02:04:09'),
(72, 72, 1, 'نیمور', '2020-03-13 02:04:09', '2020-03-13 02:04:09'),
(73, 73, 1, 'الویر', '2020-03-13 02:04:09', '2020-03-13 02:04:09'),
(74, 74, 1, 'علیشار', '2020-03-13 02:04:09', '2020-03-13 02:04:09'),
(75, 75, 1, 'دوزج', '2020-03-13 02:04:09', '2020-03-13 02:04:09'),
(76, 76, 1, 'رازقان', '2020-03-13 02:04:09', '2020-03-13 02:04:09'),
(77, 77, 1, 'حکیم آباد', '2020-03-13 02:04:09', '2020-03-13 02:04:09'),
(78, 78, 1, 'خشک رود', '2020-03-13 02:04:09', '2020-03-13 02:04:09'),
(79, 79, 1, 'رودشور', '2020-03-13 02:04:09', '2020-03-13 02:04:09'),
(80, 80, 1, 'زاویه', '2020-03-13 02:04:09', '2020-03-13 02:04:09'),
(81, 81, 1, 'مامونیه', '2020-03-13 02:04:09', '2020-03-13 02:04:09'),
(82, 82, 1, 'خشکرود', '2020-03-13 02:04:09', '2020-03-13 02:04:09'),
(83, 83, 1, 'پرندک', '2020-03-13 02:04:09', '2020-03-13 02:04:09'),
(84, 84, 1, 'اسفندان', '2020-03-13 02:04:09', '2020-03-13 02:04:09'),
(85, 85, 1, 'وفس', '2020-03-13 02:04:09', '2020-03-13 02:04:09'),
(86, 86, 1, 'کمیجان', '2020-03-13 02:04:09', '2020-03-13 02:04:09'),
(87, 87, 1, 'خسروبیک', '2020-03-13 02:04:09', '2020-03-13 02:04:09'),
(89, 89, 1, 'میلاجرد', '2020-03-13 02:04:09', '2020-03-13 02:04:09'),
(90, 90, 1, 'اناج', '2020-03-13 02:04:09', '2020-03-13 02:04:09'),
(92, 92, 1, 'سنگ سفید', '2020-03-13 02:04:09', '2020-03-13 02:04:09'),
(93, 93, 1, 'جاورسیان', '2020-03-13 02:04:09', '2020-03-13 02:04:09'),
(95, 95, 1, 'دهچال', '2020-03-13 02:04:09', '2020-03-13 02:04:09'),
(96, 96, 1, 'خنداب', '2020-03-13 02:04:09', '2020-03-13 02:04:09'),
(98, 98, 1, 'فشک', '2020-03-13 02:04:09', '2020-03-13 02:04:09'),
(99, 99, 1, 'فرمهین', '2020-03-13 02:04:09', '2020-03-13 02:04:09'),
(101, 101, 1, 'تلخاب', '2020-03-13 02:04:09', '2020-03-13 02:04:09'),
(102, 102, 1, 'خنجین', '2020-03-13 02:04:09', '2020-03-13 02:04:09'),
(103, 103, 2, 'حیران', '2020-03-13 02:04:09', '2020-03-13 02:04:09'),
(104, 104, 2, 'ویرمونی', '2020-03-13 02:04:09', '2020-03-13 02:04:09'),
(105, 105, 2, 'آستارا', '2020-03-13 02:04:09', '2020-03-13 02:04:09'),
(106, 106, 2, 'چلوند', '2020-03-13 02:04:09', '2020-03-13 02:04:09'),
(108, 108, 2, 'لوندویل', '2020-03-13 02:04:09', '2020-03-13 02:04:09'),
(109, 109, 2, 'دهگاه', '2020-03-13 02:04:09', '2020-03-13 02:04:09'),
(111, 111, 2, 'کیاشهر', '2020-03-13 02:04:09', '2020-03-13 02:04:09'),
(112, 112, 2, 'دهشال', '2020-03-13 02:04:09', '2020-03-13 02:04:09'),
(113, 113, 2, 'گورکا', '2020-03-13 02:04:09', '2020-03-13 02:04:09'),
(114, 114, 2, 'کیسم', '2020-03-13 02:04:09', '2020-03-13 02:04:09'),
(115, 115, 2, 'چهارده', '2020-03-13 02:04:09', '2020-03-13 02:04:09'),
(116, 116, 2, 'آستانه اشرفیه', '2020-03-13 02:04:09', '2020-03-13 02:04:09'),
(117, 117, 2, 'چهارفریضه', '2020-03-13 02:04:09', '2020-03-13 02:04:09'),
(118, 118, 2, 'لیچارکی حسن رود', '2020-03-13 02:04:09', '2020-03-13 02:04:09'),
(119, 119, 2, 'بندرانزلی', '2020-03-13 02:04:09', '2020-03-13 02:04:09'),
(122, 122, 2, 'ساحلی جوکندان', '2020-03-13 02:04:09', '2020-03-13 02:04:09'),
(123, 123, 2, 'طولارود', '2020-03-13 02:04:09', '2020-03-13 02:04:09'),
(124, 124, 2, 'کوهستانی تالش', '2020-03-13 02:04:09', '2020-03-13 02:04:09'),
(125, 125, 2, 'هشتپر (تالش)', '2020-03-13 02:04:09', '2020-03-13 02:04:09'),
(127, 127, 2, 'خطبه سرا', '2020-03-13 02:04:09', '2020-03-13 02:04:09'),
(128, 128, 2, 'لیسار', '2020-03-13 02:04:09', '2020-03-13 02:04:09'),
(130, 130, 2, 'خاله سرا', '2020-03-13 02:04:09', '2020-03-13 02:04:09'),
(131, 131, 2, 'خرجگیل', '2020-03-13 02:04:09', '2020-03-13 02:04:09'),
(132, 132, 2, 'اسالم', '2020-03-13 02:04:09', '2020-03-13 02:04:09'),
(135, 135, 2, 'حویق', '2020-03-13 02:04:09', '2020-03-13 02:04:09'),
(136, 136, 2, 'چوبر', '2020-03-13 02:04:09', '2020-03-13 02:04:09'),
(137, 137, 2, 'چوکام', '2020-03-13 02:04:09', '2020-03-13 02:04:09'),
(138, 138, 2, 'چاپارخانه', '2020-03-13 02:04:09', '2020-03-13 02:04:09'),
(139, 139, 2, 'کته سرخمام', '2020-03-13 02:04:09', '2020-03-13 02:04:09'),
(140, 140, 2, 'خمام', '2020-03-13 02:04:09', '2020-03-13 02:04:09'),
(141, 141, 2, 'اسلام آباد', '2020-03-13 02:04:09', '2020-03-13 02:04:09'),
(142, 142, 2, 'سراوان', '2020-03-13 02:04:09', '2020-03-13 02:04:09'),
(144, 144, 2, 'سنگر', '2020-03-13 02:04:09', '2020-03-13 02:04:09'),
(145, 145, 2, 'بلسبنه', '2020-03-13 02:04:09', '2020-03-13 02:04:09'),
(146, 146, 2, 'کنارسر', '2020-03-13 02:04:09', '2020-03-13 02:04:09'),
(148, 148, 2, 'کوچصفهان', '2020-03-13 02:04:09', '2020-03-13 02:04:09'),
(149, 149, 2, 'لولمان', '2020-03-13 02:04:09', '2020-03-13 02:04:09'),
(150, 150, 2, 'جیرهنده لشت نشاء', '2020-03-13 02:04:09', '2020-03-13 02:04:09'),
(151, 151, 2, 'علی آبادزیباکنار', '2020-03-13 02:04:09', '2020-03-13 02:04:09'),
(152, 152, 2, 'گفشه لشت نشاء', '2020-03-13 02:04:09', '2020-03-13 02:04:09'),
(153, 153, 2, 'لشت نشاء', '2020-03-13 02:04:09', '2020-03-13 02:04:09'),
(154, 154, 2, 'پسیخان', '2020-03-13 02:04:09', '2020-03-13 02:04:09'),
(155, 155, 2, 'پیربازار', '2020-03-13 02:04:09', '2020-03-13 02:04:09'),
(156, 156, 2, 'حومه', '2020-03-13 02:04:09', '2020-03-13 02:04:09'),
(157, 157, 2, 'لاکان', '2020-03-13 02:04:09', '2020-03-13 02:04:09'),
(158, 158, 2, 'رشت', '2020-03-13 02:04:09', '2020-03-13 02:04:09'),
(164, 164, 2, 'حاجی بکنده خشکبیجار', '2020-03-13 02:04:09', '2020-03-13 02:04:09'),
(165, 165, 2, 'نوشرخشکبیجار', '2020-03-13 02:04:09', '2020-03-13 02:04:09'),
(166, 166, 2, 'خشکبیجار', '2020-03-13 02:04:09', '2020-03-13 02:04:09'),
(167, 167, 2, 'بلوکات', '2020-03-13 02:04:09', '2020-03-13 02:04:09'),
(168, 168, 2, 'دشتویل', '2020-03-13 02:04:09', '2020-03-13 02:04:09'),
(169, 169, 2, 'رحمت آباد', '2020-03-13 02:04:09', '2020-03-13 02:04:09'),
(170, 170, 2, 'توتکابن', '2020-03-13 02:04:09', '2020-03-13 02:04:09'),
(172, 172, 2, 'کلیشم', '2020-03-13 02:04:09', '2020-03-13 02:04:09'),
(173, 173, 2, 'جیرنده', '2020-03-13 02:04:09', '2020-03-13 02:04:09'),
(174, 174, 2, 'رستم آبادجنوبی', '2020-03-13 02:04:09', '2020-03-13 02:04:09'),
(175, 175, 2, 'رستم آبادشمالی', '2020-03-13 02:04:09', '2020-03-13 02:04:09'),
(176, 176, 2, 'کلشتر', '2020-03-13 02:04:09', '2020-03-13 02:04:09'),
(177, 177, 2, 'لوشان', '2020-03-13 02:04:09', '2020-03-13 02:04:09'),
(178, 178, 2, 'رودبار', '2020-03-13 02:04:09', '2020-03-13 02:04:09'),
(179, 179, 2, 'منجیل', '2020-03-13 02:04:09', '2020-03-13 02:04:09'),
(180, 180, 2, 'رستم آباد', '2020-03-13 02:04:09', '2020-03-13 02:04:09'),
(181, 181, 2, 'خورگام', '2020-03-13 02:04:09', '2020-03-13 02:04:09'),
(182, 182, 2, 'دلفک', '2020-03-13 02:04:09', '2020-03-13 02:04:09'),
(183, 183, 2, 'بره سر', '2020-03-13 02:04:09', '2020-03-13 02:04:09'),
(184, 184, 2, 'اشکورسفلی', '2020-03-13 02:04:09', '2020-03-13 02:04:09'),
(185, 185, 2, 'اشکورعلیا و سیارستاق ییلاقی', '2020-03-13 02:04:09', '2020-03-13 02:04:09'),
(187, 187, 2, 'شوییل', '2020-03-13 02:04:09', '2020-03-13 02:04:09'),
(188, 188, 2, 'رحیم آباد', '2020-03-13 02:04:09', '2020-03-13 02:04:09'),
(189, 189, 2, 'چینی جان', '2020-03-13 02:04:09', '2020-03-13 02:04:09'),
(190, 190, 2, 'رضامحله', '2020-03-13 02:04:09', '2020-03-13 02:04:09'),
(191, 191, 2, 'رودسر', '2020-03-13 02:04:09', '2020-03-13 02:04:09'),
(192, 192, 2, 'اوشیان', '2020-03-13 02:04:09', '2020-03-13 02:04:09'),
(193, 193, 2, 'سیاهکلرود', '2020-03-13 02:04:09', '2020-03-13 02:04:09'),
(194, 194, 2, 'چابکسر', '2020-03-13 02:04:09', '2020-03-13 02:04:09'),
(195, 195, 2, 'بی بالان', '2020-03-13 02:04:09', '2020-03-13 02:04:09'),
(196, 196, 2, 'ماچیان', '2020-03-13 02:04:09', '2020-03-13 02:04:09'),
(197, 197, 2, 'کلاچای', '2020-03-13 02:04:09', '2020-03-13 02:04:09'),
(198, 198, 2, 'واجارگاه', '2020-03-13 02:04:09', '2020-03-13 02:04:09'),
(199, 199, 2, 'تولم', '2020-03-13 02:04:09', '2020-03-13 02:04:09'),
(200, 200, 2, 'هندو خاله', '2020-03-13 02:04:09', '2020-03-13 02:04:09'),
(201, 201, 2, 'مرجقل', '2020-03-13 02:04:09', '2020-03-13 02:04:09'),
(202, 202, 2, 'ضیابر', '2020-03-13 02:04:09', '2020-03-13 02:04:09'),
(203, 203, 2, 'طاهرگوراب', '2020-03-13 02:04:09', '2020-03-13 02:04:09'),
(204, 204, 2, 'کسما', '2020-03-13 02:04:09', '2020-03-13 02:04:09'),
(205, 205, 2, 'صومعه سرا', '2020-03-13 02:04:09', '2020-03-13 02:04:09'),
(207, 207, 2, 'مرکیه', '2020-03-13 02:04:09', '2020-03-13 02:04:09'),
(208, 208, 2, 'گوراب زرمیخ', '2020-03-13 02:04:09', '2020-03-13 02:04:09'),
(209, 209, 2, 'رودپیش', '2020-03-13 02:04:09', '2020-03-13 02:04:09'),
(210, 210, 2, 'گشت', '2020-03-13 02:04:09', '2020-03-13 02:04:09'),
(211, 211, 2, 'گوراب پس', '2020-03-13 02:04:09', '2020-03-13 02:04:09'),
(213, 213, 2, 'فومن', '2020-03-13 02:04:09', '2020-03-13 02:04:09'),
(214, 214, 2, 'آلیان', '2020-03-13 02:04:09', '2020-03-13 02:04:09'),
(215, 215, 2, 'سردارجنگل', '2020-03-13 02:04:09', '2020-03-13 02:04:09'),
(216, 216, 2, 'ماسوله', '2020-03-13 02:04:09', '2020-03-13 02:04:09'),
(217, 217, 2, 'ماکلوان', '2020-03-13 02:04:09', '2020-03-13 02:04:09'),
(218, 218, 2, 'چاف', '2020-03-13 02:04:09', '2020-03-13 02:04:09'),
(219, 219, 2, 'دیوشل', '2020-03-13 02:04:09', '2020-03-13 02:04:09'),
(220, 220, 2, 'گل سفید', '2020-03-13 02:04:09', '2020-03-13 02:04:09'),
(221, 221, 2, 'لنگرود', '2020-03-13 02:04:09', '2020-03-13 02:04:09'),
(222, 222, 2, 'چاف و چمخاله', '2020-03-13 02:04:09', '2020-03-13 02:04:09'),
(224, 224, 2, 'لات لیل', '2020-03-13 02:04:09', '2020-03-13 02:04:09'),
(225, 225, 2, 'اطاقور', '2020-03-13 02:04:09', '2020-03-13 02:04:09'),
(226, 226, 2, 'دریاسر', '2020-03-13 02:04:09', '2020-03-13 02:04:09'),
(227, 227, 2, 'مریدان', '2020-03-13 02:04:09', '2020-03-13 02:04:09'),
(228, 228, 2, 'کومله', '2020-03-13 02:04:09', '2020-03-13 02:04:09'),
(229, 229, 2, 'شلمان', '2020-03-13 02:04:09', '2020-03-13 02:04:09'),
(230, 230, 2, 'آهندان', '2020-03-13 02:04:09', '2020-03-13 02:04:09'),
(231, 231, 2, 'بازکیاگوراب', '2020-03-13 02:04:09', '2020-03-13 02:04:09'),
(232, 232, 2, 'لفمجان', '2020-03-13 02:04:09', '2020-03-13 02:04:09'),
(233, 233, 2, 'لیالستان', '2020-03-13 02:04:09', '2020-03-13 02:04:09'),
(234, 234, 2, 'لیل', '2020-03-13 02:04:09', '2020-03-13 02:04:09'),
(235, 235, 2, 'لاهیجان', '2020-03-13 02:04:09', '2020-03-13 02:04:09'),
(237, 237, 2, 'شیرجوپشت', '2020-03-13 02:04:09', '2020-03-13 02:04:09'),
(238, 238, 2, 'رودبنه', '2020-03-13 02:04:09', '2020-03-13 02:04:09'),
(241, 241, 2, 'احمدسرگوراب', '2020-03-13 02:04:09', '2020-03-13 02:04:09'),
(242, 242, 2, 'جیرده', '2020-03-13 02:04:09', '2020-03-13 02:04:09'),
(243, 243, 2, 'ملاسرا', '2020-03-13 02:04:09', '2020-03-13 02:04:09'),
(244, 244, 2, 'شفت', '2020-03-13 02:04:09', '2020-03-13 02:04:09'),
(245, 245, 2, 'سمام', '2020-03-13 02:04:09', '2020-03-13 02:04:09'),
(246, 246, 2, 'شبخوس لات', '2020-03-13 02:04:09', '2020-03-13 02:04:09'),
(247, 247, 2, 'کجید', '2020-03-13 02:04:09', '2020-03-13 02:04:09'),
(248, 248, 2, 'رانکوه', '2020-03-13 02:04:09', '2020-03-13 02:04:09'),
(249, 249, 2, 'املش جنوبی', '2020-03-13 02:04:09', '2020-03-13 02:04:09'),
(250, 250, 2, 'املش شمالی', '2020-03-13 02:04:09', '2020-03-13 02:04:09'),
(251, 251, 2, 'املش', '2020-03-13 02:04:09', '2020-03-13 02:04:09'),
(252, 252, 2, 'دیناچال', '2020-03-13 02:04:09', '2020-03-13 02:04:09'),
(253, 253, 2, 'ییلاقی ارده', '2020-03-13 02:04:09', '2020-03-13 02:04:09'),
(254, 254, 2, 'پره سر', '2020-03-13 02:04:09', '2020-03-13 02:04:09'),
(255, 255, 2, 'خوشابر', '2020-03-13 02:04:09', '2020-03-13 02:04:09'),
(256, 256, 2, 'گیل دولاب', '2020-03-13 02:04:09', '2020-03-13 02:04:09'),
(257, 257, 2, 'رضوانشهر', '2020-03-13 02:04:09', '2020-03-13 02:04:09'),
(258, 258, 2, 'پیرکوه', '2020-03-13 02:04:09', '2020-03-13 02:04:09'),
(260, 260, 2, 'دیلمان', '2020-03-13 02:04:09', '2020-03-13 02:04:09'),
(261, 261, 2, 'توتکی', '2020-03-13 02:04:09', '2020-03-13 02:04:09'),
(262, 262, 2, 'خرارود', '2020-03-13 02:04:09', '2020-03-13 02:04:09'),
(263, 263, 2, 'مالفجان', '2020-03-13 02:04:09', '2020-03-13 02:04:09'),
(264, 264, 2, 'سیاهکل', '2020-03-13 02:04:09', '2020-03-13 02:04:09'),
(265, 265, 2, 'شاندرمن', '2020-03-13 02:04:09', '2020-03-13 02:04:09'),
(266, 266, 2, 'شیخ نشین', '2020-03-13 02:04:09', '2020-03-13 02:04:09'),
(267, 267, 2, 'بازار جمعه', '2020-03-13 02:04:09', '2020-03-13 02:04:09'),
(268, 268, 2, 'حومه', '2020-03-13 02:04:09', '2020-03-13 02:04:09'),
(270, 270, 2, 'ماسال', '2020-03-13 02:04:09', '2020-03-13 02:04:09'),
(271, 271, 3, 'بالالاریجان', '2020-03-13 02:04:09', '2020-03-13 02:04:09'),
(272, 272, 3, 'لاریجان سفلی', '2020-03-13 02:04:09', '2020-03-13 02:04:09'),
(273, 273, 3, 'رینه', '2020-03-13 02:04:09', '2020-03-13 02:04:09'),
(274, 274, 3, 'گزنک', '2020-03-13 02:04:09', '2020-03-13 02:04:09'),
(275, 275, 3, 'پایین خیابان لیتکوه', '2020-03-13 02:04:09', '2020-03-13 02:04:09'),
(276, 276, 3, 'هرازپی جنوبی', '2020-03-13 02:04:09', '2020-03-13 02:04:09'),
(277, 277, 3, 'دشت سر سفلی', '2020-03-13 02:04:09', '2020-03-13 02:04:09'),
(278, 278, 3, 'آمل', '2020-03-13 02:04:09', '2020-03-13 02:04:09'),
(279, 279, 3, 'دابوی جنوبی', '2020-03-13 02:04:09', '2020-03-13 02:04:09'),
(280, 280, 3, 'دابوی میانی', '2020-03-13 02:04:09', '2020-03-13 02:04:09'),
(281, 281, 3, 'دابودشت', '2020-03-13 02:04:09', '2020-03-13 02:04:09'),
(282, 282, 3, 'بالاخیابان لیتکوه', '2020-03-13 02:04:09', '2020-03-13 02:04:09'),
(283, 283, 3, 'چلاو', '2020-03-13 02:04:09', '2020-03-13 02:04:09'),
(284, 284, 3, 'امامزاده عبدالله', '2020-03-13 02:04:09', '2020-03-13 02:04:09'),
(285, 285, 3, 'دشت سر شرقی', '2020-03-13 02:04:09', '2020-03-13 02:04:09'),
(286, 286, 3, 'دشت سر غربی', '2020-03-13 02:04:09', '2020-03-13 02:04:09'),
(287, 287, 3, 'خوش رود', '2020-03-13 02:04:09', '2020-03-13 02:04:09'),
(288, 288, 3, 'شهیدآباد', '2020-03-13 02:04:09', '2020-03-13 02:04:09'),
(289, 289, 3, 'خوش رودپی', '2020-03-13 02:04:09', '2020-03-13 02:04:09'),
(290, 290, 3, 'فیضیه', '2020-03-13 02:04:09', '2020-03-13 02:04:09'),
(291, 291, 3, 'اسبوکلا', '2020-03-13 02:04:09', '2020-03-13 02:04:09'),
(292, 292, 3, 'گنج افروز', '2020-03-13 02:04:09', '2020-03-13 02:04:09'),
(293, 293, 3, 'امیرکلا', '2020-03-13 02:04:09', '2020-03-13 02:04:09'),
(294, 294, 3, 'بابل', '2020-03-13 02:04:09', '2020-03-13 02:04:09'),
(297, 297, 3, 'سجادرود', '2020-03-13 02:04:09', '2020-03-13 02:04:09'),
(298, 298, 3, 'فیروزجاه', '2020-03-13 02:04:09', '2020-03-13 02:04:09'),
(299, 299, 3, 'گلوگاه', '2020-03-13 02:04:09', '2020-03-13 02:04:09'),
(300, 300, 3, 'بابل کنار', '2020-03-13 02:04:09', '2020-03-13 02:04:09'),
(301, 301, 3, 'درازکلا', '2020-03-13 02:04:09', '2020-03-13 02:04:09'),
(302, 302, 3, 'مرزیکلا', '2020-03-13 02:04:09', '2020-03-13 02:04:09'),
(303, 303, 3, 'کاری پی', '2020-03-13 02:04:09', '2020-03-13 02:04:09'),
(304, 304, 3, 'لاله آباد', '2020-03-13 02:04:09', '2020-03-13 02:04:09'),
(305, 305, 3, 'زرگرمحله', '2020-03-13 02:04:09', '2020-03-13 02:04:09'),
(306, 306, 3, 'گتاب جنوبی', '2020-03-13 02:04:09', '2020-03-13 02:04:09'),
(307, 307, 3, 'گتاب شمالی', '2020-03-13 02:04:09', '2020-03-13 02:04:09'),
(308, 308, 3, 'گتاب', '2020-03-13 02:04:09', '2020-03-13 02:04:09'),
(309, 309, 3, 'کوهستان', '2020-03-13 02:04:09', '2020-03-13 02:04:09'),
(310, 310, 3, 'میان کاله', '2020-03-13 02:04:09', '2020-03-13 02:04:09'),
(311, 311, 3, 'پنج هزاره', '2020-03-13 02:04:09', '2020-03-13 02:04:09'),
(312, 312, 3, 'بهشهر', '2020-03-13 02:04:09', '2020-03-13 02:04:09'),
(313, 313, 3, 'رستمکلا', '2020-03-13 02:04:09', '2020-03-13 02:04:09'),
(314, 314, 3, 'خلیل شهر', '2020-03-13 02:04:09', '2020-03-13 02:04:09'),
(315, 315, 3, 'شهدا', '2020-03-13 02:04:09', '2020-03-13 02:04:09'),
(316, 316, 3, 'عشرستاق', '2020-03-13 02:04:09', '2020-03-13 02:04:09'),
(317, 317, 3, 'میرشمس الدین', '2020-03-13 02:04:09', '2020-03-13 02:04:09'),
(318, 318, 3, 'گلیجان', '2020-03-13 02:04:09', '2020-03-13 02:04:09'),
(319, 319, 3, 'شیرود', '2020-03-13 02:04:09', '2020-03-13 02:04:09'),
(320, 320, 3, 'تنکابن', '2020-03-13 02:04:09', '2020-03-13 02:04:09'),
(321, 321, 3, 'تمشکل', '2020-03-13 02:04:09', '2020-03-13 02:04:09'),
(322, 322, 3, 'کترا', '2020-03-13 02:04:09', '2020-03-13 02:04:09'),
(323, 323, 3, 'نشتارود', '2020-03-13 02:04:09', '2020-03-13 02:04:09'),
(325, 325, 3, 'دوهزار', '2020-03-13 02:04:09', '2020-03-13 02:04:09'),
(326, 326, 3, 'سه هزار', '2020-03-13 02:04:09', '2020-03-13 02:04:09'),
(327, 327, 3, 'خرم آباد', '2020-03-13 02:04:09', '2020-03-13 02:04:09'),
(328, 328, 3, 'جنت رودبار', '2020-03-13 02:04:09', '2020-03-13 02:04:09'),
(329, 329, 3, 'چهل شهید', '2020-03-13 02:04:09', '2020-03-13 02:04:09'),
(330, 330, 3, 'سخت سر', '2020-03-13 02:04:09', '2020-03-13 02:04:09'),
(331, 331, 3, 'اشکور', '2020-03-13 02:04:09', '2020-03-13 02:04:09'),
(332, 332, 3, 'رامسر', '2020-03-13 02:04:09', '2020-03-13 02:04:09'),
(333, 333, 3, 'کتالم وسادات شهر', '2020-03-13 02:04:09', '2020-03-13 02:04:09'),
(334, 334, 3, 'پشتکوه', '2020-03-13 02:04:09', '2020-03-13 02:04:09'),
(335, 335, 3, 'چهاردانگه', '2020-03-13 02:04:09', '2020-03-13 02:04:09'),
(336, 336, 3, 'گرماب', '2020-03-13 02:04:09', '2020-03-13 02:04:09'),
(337, 337, 3, 'کیاسر', '2020-03-13 02:04:09', '2020-03-13 02:04:09'),
(338, 338, 3, 'بنافت', '2020-03-13 02:04:09', '2020-03-13 02:04:09'),
(340, 340, 3, 'فریم', '2020-03-13 02:04:09', '2020-03-13 02:04:09'),
(341, 341, 3, 'اسفیوردشوراب', '2020-03-13 02:04:09', '2020-03-13 02:04:09'),
(342, 342, 3, 'کلیجان رستاق سفلی', '2020-03-13 02:04:09', '2020-03-13 02:04:09'),
(343, 343, 3, 'مذکوره', '2020-03-13 02:04:09', '2020-03-13 02:04:09'),
(344, 344, 3, 'میاندورودکوچک', '2020-03-13 02:04:09', '2020-03-13 02:04:09'),
(345, 345, 3, 'ساری', '2020-03-13 02:04:09', '2020-03-13 02:04:09'),
(349, 349, 3, 'تنگه سلیمان', '2020-03-13 02:04:09', '2020-03-13 02:04:09'),
(350, 350, 3, 'کلیجان رستاق علیا', '2020-03-13 02:04:09', '2020-03-13 02:04:09'),
(351, 351, 3, 'پایین هولار', '2020-03-13 02:04:09', '2020-03-13 02:04:09'),
(352, 352, 3, 'رودپی شرقی', '2020-03-13 02:04:09', '2020-03-13 02:04:09'),
(353, 353, 3, 'رودپی غربی', '2020-03-13 02:04:09', '2020-03-13 02:04:09'),
(354, 354, 3, 'فرح آباد شمالی', '2020-03-13 02:04:09', '2020-03-13 02:04:09'),
(355, 355, 3, 'فرح آباد جنوبی', '2020-03-13 02:04:09', '2020-03-13 02:04:09'),
(356, 356, 3, 'راستوپی', '2020-03-13 02:04:09', '2020-03-13 02:04:09'),
(357, 357, 3, 'ولوپی', '2020-03-13 02:04:09', '2020-03-13 02:04:09'),
(358, 358, 3, 'آلاشت', '2020-03-13 02:04:09', '2020-03-13 02:04:09'),
(359, 359, 3, 'پل سفید', '2020-03-13 02:04:09', '2020-03-13 02:04:09'),
(360, 360, 3, 'سرخکلا', '2020-03-13 02:04:09', '2020-03-13 02:04:09'),
(361, 361, 3, 'کسلیان', '2020-03-13 02:04:09', '2020-03-13 02:04:09'),
(362, 362, 3, 'زیرآب', '2020-03-13 02:04:09', '2020-03-13 02:04:09'),
(363, 363, 3, 'بالاتجن', '2020-03-13 02:04:09', '2020-03-13 02:04:09'),
(364, 364, 3, 'بیشه سر', '2020-03-13 02:04:09', '2020-03-13 02:04:09'),
(365, 365, 3, 'علی آباد', '2020-03-13 02:04:09', '2020-03-13 02:04:09'),
(366, 366, 3, 'نوکنده کا', '2020-03-13 02:04:09', '2020-03-13 02:04:09'),
(367, 367, 3, 'کوهساران', '2020-03-13 02:04:09', '2020-03-13 02:04:09'),
(368, 368, 3, 'قایم شهر', '2020-03-13 02:04:09', '2020-03-13 02:04:09'),
(369, 369, 3, 'ارطه', '2020-03-13 02:04:09', '2020-03-13 02:04:09'),
(370, 370, 3, 'اوزرود', '2020-03-13 02:04:09', '2020-03-13 02:04:09'),
(371, 371, 3, 'تتارستاق', '2020-03-13 02:04:09', '2020-03-13 02:04:09'),
(372, 372, 3, 'شیخ فضل اله نوری', '2020-03-13 02:04:09', '2020-03-13 02:04:09'),
(373, 373, 3, 'بلده', '2020-03-13 02:04:09', '2020-03-13 02:04:09'),
(374, 374, 3, 'لاویج', '2020-03-13 02:04:09', '2020-03-13 02:04:09'),
(375, 375, 3, 'میانرود', '2020-03-13 02:04:09', '2020-03-13 02:04:09'),
(376, 376, 3, 'ناتل رستاق', '2020-03-13 02:04:09', '2020-03-13 02:04:09'),
(377, 377, 3, 'چمستان', '2020-03-13 02:04:09', '2020-03-13 02:04:09'),
(378, 378, 3, 'میان بند', '2020-03-13 02:04:09', '2020-03-13 02:04:09'),
(379, 379, 3, 'ناتل کنارسفلی', '2020-03-13 02:04:09', '2020-03-13 02:04:09'),
(380, 380, 3, 'ناتل کنارعلیا', '2020-03-13 02:04:09', '2020-03-13 02:04:09'),
(381, 381, 3, 'نور', '2020-03-13 02:04:09', '2020-03-13 02:04:09'),
(382, 382, 3, 'رویان', '2020-03-13 02:04:09', '2020-03-13 02:04:09'),
(383, 383, 3, 'ایزدشهر', '2020-03-13 02:04:09', '2020-03-13 02:04:09'),
(384, 384, 3, 'پنجک رستاق', '2020-03-13 02:04:09', '2020-03-13 02:04:09'),
(385, 385, 3, 'توابع کجور', '2020-03-13 02:04:09', '2020-03-13 02:04:09'),
(386, 386, 3, 'زانوس رستاق', '2020-03-13 02:04:09', '2020-03-13 02:04:09'),
(387, 387, 3, 'پول', '2020-03-13 02:04:09', '2020-03-13 02:04:09'),
(388, 388, 3, 'کجور', '2020-03-13 02:04:09', '2020-03-13 02:04:09'),
(389, 389, 3, 'بلده کجور', '2020-03-13 02:04:09', '2020-03-13 02:04:09'),
(390, 390, 3, 'خیرودکنار', '2020-03-13 02:04:09', '2020-03-13 02:04:09'),
(391, 391, 3, 'کالج', '2020-03-13 02:04:09', '2020-03-13 02:04:09'),
(392, 392, 3, 'نوشهر', '2020-03-13 02:04:09', '2020-03-13 02:04:09'),
(393, 393, 3, 'ساحلی', '2020-03-13 02:04:09', '2020-03-13 02:04:09'),
(394, 394, 3, 'بابلرود', '2020-03-13 02:04:09', '2020-03-13 02:04:09'),
(395, 395, 3, 'بابلسر', '2020-03-13 02:04:09', '2020-03-13 02:04:09'),
(397, 397, 3, 'عزیزک', '2020-03-13 02:04:09', '2020-03-13 02:04:09'),
(398, 398, 3, 'بهنمیر', '2020-03-13 02:04:09', '2020-03-13 02:04:09'),
(399, 399, 3, 'پازوار', '2020-03-13 02:04:09', '2020-03-13 02:04:09'),
(400, 400, 3, 'خشکرود', '2020-03-13 02:04:09', '2020-03-13 02:04:09'),
(401, 401, 3, 'هادی شهر', '2020-03-13 02:04:09', '2020-03-13 02:04:09'),
(402, 402, 3, 'دابوی شمالی', '2020-03-13 02:04:09', '2020-03-13 02:04:09'),
(403, 403, 3, 'هرازپی شمالی', '2020-03-13 02:04:09', '2020-03-13 02:04:09'),
(404, 404, 3, 'سرخرود', '2020-03-13 02:04:09', '2020-03-13 02:04:09'),
(405, 405, 3, 'اهلمرستاق جنوبی', '2020-03-13 02:04:09', '2020-03-13 02:04:09'),
(406, 406, 3, 'اهلمرستاق شمالی', '2020-03-13 02:04:09', '2020-03-13 02:04:09'),
(407, 407, 3, 'هرازپی غربی', '2020-03-13 02:04:09', '2020-03-13 02:04:09'),
(408, 408, 3, 'محمودآباد', '2020-03-13 02:04:09', '2020-03-13 02:04:09'),
(409, 409, 3, 'پی رجه', '2020-03-13 02:04:09', '2020-03-13 02:04:09'),
(410, 410, 3, 'قره طغان', '2020-03-13 02:04:09', '2020-03-13 02:04:09'),
(411, 411, 3, 'مهروان', '2020-03-13 02:04:09', '2020-03-13 02:04:09'),
(412, 412, 3, 'نکا', '2020-03-13 02:04:09', '2020-03-13 02:04:09'),
(413, 413, 3, 'استخرپشت', '2020-03-13 02:04:09', '2020-03-13 02:04:09'),
(414, 414, 3, 'زارم رود', '2020-03-13 02:04:09', '2020-03-13 02:04:09'),
(415, 415, 3, 'کلارستاق شرقی', '2020-03-13 02:04:09', '2020-03-13 02:04:09'),
(416, 416, 3, 'کلارستاق غربی', '2020-03-13 02:04:09', '2020-03-13 02:04:09'),
(417, 417, 3, 'چالوس', '2020-03-13 02:04:09', '2020-03-13 02:04:09'),
(418, 418, 3, 'هچیرود', '2020-03-13 02:04:09', '2020-03-13 02:04:09'),
(419, 419, 3, 'بیرون بشم', '2020-03-13 02:04:09', '2020-03-13 02:04:09'),
(420, 420, 3, 'کوهستان', '2020-03-13 02:04:09', '2020-03-13 02:04:09'),
(421, 421, 3, 'مرزن آباد', '2020-03-13 02:04:09', '2020-03-13 02:04:09'),
(422, 422, 3, 'چپکرود', '2020-03-13 02:04:09', '2020-03-13 02:04:09'),
(423, 423, 3, 'لاریم', '2020-03-13 02:04:09', '2020-03-13 02:04:09'),
(424, 424, 3, 'کوهی خیل', '2020-03-13 02:04:09', '2020-03-13 02:04:09'),
(425, 425, 3, 'حسن رضا', '2020-03-13 02:04:09', '2020-03-13 02:04:09'),
(426, 426, 3, 'سیاهرود', '2020-03-13 02:04:09', '2020-03-13 02:04:09'),
(427, 427, 3, 'جویبار', '2020-03-13 02:04:09', '2020-03-13 02:04:09'),
(428, 428, 3, 'کلبادشرقی', '2020-03-13 02:04:09', '2020-03-13 02:04:09'),
(429, 429, 3, 'کلبادغربی', '2020-03-13 02:04:09', '2020-03-13 02:04:09'),
(430, 430, 3, 'توسکاچشمه', '2020-03-13 02:04:09', '2020-03-13 02:04:09'),
(431, 431, 3, 'آزادگان', '2020-03-13 02:04:09', '2020-03-13 02:04:09'),
(432, 432, 3, 'گلوگاه', '2020-03-13 02:04:09', '2020-03-13 02:04:09'),
(433, 433, 3, 'امامزاده عبدالله شمالی', '2020-03-13 02:04:09', '2020-03-13 02:04:09'),
(434, 434, 3, 'امامزاده عبدالله جنوبی', '2020-03-13 02:04:09', '2020-03-13 02:04:09'),
(435, 435, 3, 'باریک رود شمالی', '2020-03-13 02:04:09', '2020-03-13 02:04:09'),
(436, 436, 3, 'باریک رود جنوبی', '2020-03-13 02:04:09', '2020-03-13 02:04:09'),
(437, 437, 3, 'فریدونکنار', '2020-03-13 02:04:09', '2020-03-13 02:04:09'),
(438, 438, 3, 'لنگارود شرقی', '2020-03-13 02:04:09', '2020-03-13 02:04:09'),
(439, 439, 3, 'لنگارود غربی', '2020-03-13 02:04:09', '2020-03-13 02:04:09'),
(440, 440, 3, 'عباس اباد', '2020-03-13 02:04:09', '2020-03-13 02:04:09'),
(441, 441, 3, 'کلار آباد غربی', '2020-03-13 02:04:09', '2020-03-13 02:04:09'),
(442, 442, 3, 'سلمان شهر', '2020-03-13 02:04:09', '2020-03-13 02:04:09'),
(443, 443, 3, 'کلار شرقی', '2020-03-13 02:04:09', '2020-03-13 02:04:09'),
(444, 444, 3, 'کلار غربی', '2020-03-13 02:04:09', '2020-03-13 02:04:09'),
(445, 445, 3, 'کلارآباد', '2020-03-13 02:04:09', '2020-03-13 02:04:09'),
(446, 446, 3, 'کوهدشت شرقی', '2020-03-13 02:04:09', '2020-03-13 02:04:09'),
(447, 447, 3, 'کوهدشت غربی', '2020-03-13 02:04:09', '2020-03-13 02:04:09'),
(448, 448, 3, 'میاندورود بزرگ', '2020-03-13 02:04:09', '2020-03-13 02:04:09'),
(449, 449, 3, 'سورک', '2020-03-13 02:04:09', '2020-03-13 02:04:09'),
(450, 450, 3, 'گهرباران شمالی', '2020-03-13 02:04:09', '2020-03-13 02:04:09'),
(451, 451, 3, 'گهرباران جنوبی', '2020-03-13 02:04:09', '2020-03-13 02:04:09'),
(453, 453, 3, 'دشت کنار', '2020-03-13 02:04:09', '2020-03-13 02:04:09'),
(454, 454, 3, 'کیاکلا', '2020-03-13 02:04:09', '2020-03-13 02:04:09'),
(455, 455, 3, 'تالارپی', '2020-03-13 02:04:09', '2020-03-13 02:04:09'),
(456, 456, 3, 'طور', '2020-03-13 02:04:09', '2020-03-13 02:04:09'),
(457, 457, 3, 'شرق وغرب شیرگاه', '2020-03-13 02:04:09', '2020-03-13 02:04:09'),
(458, 458, 3, 'لفور', '2020-03-13 02:04:09', '2020-03-13 02:04:09'),
(459, 459, 3, 'شیرگاه', '2020-03-13 02:04:09', '2020-03-13 02:04:09'),
(460, 460, 3, 'چایباغ', '2020-03-13 02:04:09', '2020-03-13 02:04:09'),
(461, 461, 3, 'هتکه', '2020-03-13 02:04:09', '2020-03-13 02:04:09'),
(462, 462, 3, 'کلاردشت شرقی', '2020-03-13 02:04:09', '2020-03-13 02:04:09'),
(463, 463, 3, 'کلاردشت غربی', '2020-03-13 02:04:09', '2020-03-13 02:04:09'),
(464, 464, 3, 'کلاردشت', '2020-03-13 02:04:09', '2020-03-13 02:04:09'),
(465, 465, 4, 'آذغان', '2020-03-13 02:04:09', '2020-03-13 02:04:09'),
(466, 466, 4, 'اوچ هاچا', '2020-03-13 02:04:09', '2020-03-13 02:04:09'),
(467, 467, 4, 'بزکش', '2020-03-13 02:04:09', '2020-03-13 02:04:09'),
(468, 468, 4, 'قشلاق', '2020-03-13 02:04:09', '2020-03-13 02:04:09'),
(469, 469, 4, 'گویجه بل', '2020-03-13 02:04:09', '2020-03-13 02:04:09'),
(470, 470, 4, 'ورگهان', '2020-03-13 02:04:09', '2020-03-13 02:04:09'),
(471, 471, 4, 'اهر', '2020-03-13 02:04:09', '2020-03-13 02:04:09'),
(472, 472, 4, 'چهاردانگه', '2020-03-13 02:04:09', '2020-03-13 02:04:09'),
(473, 473, 4, 'دودانگه', '2020-03-13 02:04:09', '2020-03-13 02:04:09'),
(474, 474, 4, 'دیکله', '2020-03-13 02:04:09', '2020-03-13 02:04:09'),
(475, 475, 4, 'هوراند', '2020-03-13 02:04:09', '2020-03-13 02:04:09'),
(476, 476, 4, 'آجی چای', '2020-03-13 02:04:09', '2020-03-13 02:04:09'),
(477, 477, 4, 'اسپران', '2020-03-13 02:04:09', '2020-03-13 02:04:09'),
(478, 478, 4, 'میدان چای', '2020-03-13 02:04:09', '2020-03-13 02:04:09'),
(479, 479, 4, 'سردصحرا', '2020-03-13 02:04:09', '2020-03-13 02:04:09'),
(480, 480, 4, 'باسمنج', '2020-03-13 02:04:09', '2020-03-13 02:04:09'),
(481, 481, 4, 'تبریز', '2020-03-13 02:04:09', '2020-03-13 02:04:09'),
(482, 482, 4, 'سردرود', '2020-03-13 02:04:09', '2020-03-13 02:04:09'),
(493, 493, 4, 'تازه کند', '2020-03-13 02:04:09', '2020-03-13 02:04:09'),
(494, 494, 4, 'لاهیجان', '2020-03-13 02:04:09', '2020-03-13 02:04:09'),
(495, 495, 4, 'خسروشاه', '2020-03-13 02:04:09', '2020-03-13 02:04:09'),
(496, 496, 4, 'ابرغان', '2020-03-13 02:04:09', '2020-03-13 02:04:09'),
(497, 497, 4, 'آغمیون', '2020-03-13 02:04:09', '2020-03-13 02:04:09'),
(498, 498, 4, 'حومه', '2020-03-13 02:04:09', '2020-03-13 02:04:09'),
(499, 499, 4, 'رازلیق', '2020-03-13 02:04:09', '2020-03-13 02:04:09'),
(500, 500, 4, 'صایین', '2020-03-13 02:04:09', '2020-03-13 02:04:09'),
(501, 501, 4, 'ملایعقوب', '2020-03-13 02:04:09', '2020-03-13 02:04:09'),
(502, 502, 4, 'سراب', '2020-03-13 02:04:09', '2020-03-13 02:04:09'),
(503, 503, 4, 'اردلان', '2020-03-13 02:04:09', '2020-03-13 02:04:09'),
(504, 504, 4, 'آلان برآغوش', '2020-03-13 02:04:09', '2020-03-13 02:04:09'),
(506, 506, 4, 'مهربان', '2020-03-13 02:04:09', '2020-03-13 02:04:09'),
(507, 507, 4, 'شربیان', '2020-03-13 02:04:09', '2020-03-13 02:04:09'),
(508, 508, 4, 'دوزدوزان', '2020-03-13 02:04:09', '2020-03-13 02:04:09'),
(509, 509, 4, 'سراجوی شمالی', '2020-03-13 02:04:09', '2020-03-13 02:04:09'),
(510, 510, 4, 'سراجوی غربی', '2020-03-13 02:04:09', '2020-03-13 02:04:09'),
(511, 511, 4, 'قره ناز', '2020-03-13 02:04:09', '2020-03-13 02:04:09'),
(512, 512, 4, 'مراغه', '2020-03-13 02:04:09', '2020-03-13 02:04:09'),
(515, 515, 4, 'سراجوی جنوبی', '2020-03-13 02:04:09', '2020-03-13 02:04:09'),
(516, 516, 4, 'سراجوی شرقی', '2020-03-13 02:04:09', '2020-03-13 02:04:09'),
(517, 517, 4, 'قوری چای غربی', '2020-03-13 02:04:09', '2020-03-13 02:04:09'),
(518, 518, 4, 'خداجو(خراجو)', '2020-03-13 02:04:09', '2020-03-13 02:04:09'),
(520, 520, 4, 'دولت آباد', '2020-03-13 02:04:09', '2020-03-13 02:04:09'),
(521, 521, 4, 'زنوزق', '2020-03-13 02:04:09', '2020-03-13 02:04:09'),
(523, 523, 4, 'میشاب شمالی', '2020-03-13 02:04:09', '2020-03-13 02:04:09'),
(524, 524, 4, 'هرزندات شرقی', '2020-03-13 02:04:09', '2020-03-13 02:04:09'),
(525, 525, 4, 'هرزندات غربی', '2020-03-13 02:04:09', '2020-03-13 02:04:09'),
(526, 526, 4, 'زنوز', '2020-03-13 02:04:09', '2020-03-13 02:04:09'),
(527, 527, 4, 'مرند', '2020-03-13 02:04:09', '2020-03-13 02:04:09'),
(528, 528, 4, 'کشکسرای', '2020-03-13 02:04:09', '2020-03-13 02:04:09'),
(529, 529, 4, 'بناب مرند', '2020-03-13 02:04:09', '2020-03-13 02:04:09'),
(530, 530, 4, 'ذوالبین', '2020-03-13 02:04:09', '2020-03-13 02:04:09'),
(531, 531, 4, 'یکانات', '2020-03-13 02:04:09', '2020-03-13 02:04:09'),
(532, 532, 4, 'یامچی', '2020-03-13 02:04:09', '2020-03-13 02:04:09'),
(533, 533, 4, 'اوچ تپه غربی', '2020-03-13 02:04:09', '2020-03-13 02:04:09'),
(534, 534, 4, 'بروانان شرقی', '2020-03-13 02:04:09', '2020-03-13 02:04:09'),
(535, 535, 4, 'بروانان غربی', '2020-03-13 02:04:09', '2020-03-13 02:04:09'),
(536, 536, 4, 'بروانان مرکزی', '2020-03-13 02:04:09', '2020-03-13 02:04:09'),
(537, 537, 4, 'ترکمانچای', '2020-03-13 02:04:09', '2020-03-13 02:04:09'),
(538, 538, 4, 'قافلانکوه شرقی', '2020-03-13 02:04:09', '2020-03-13 02:04:09'),
(539, 539, 4, 'کاغذکنان شمالی', '2020-03-13 02:04:09', '2020-03-13 02:04:09'),
(540, 540, 4, 'کاغذکنان مرکزی', '2020-03-13 02:04:09', '2020-03-13 02:04:09'),
(541, 541, 4, 'آقکند', '2020-03-13 02:04:09', '2020-03-13 02:04:09'),
(542, 542, 4, 'تیرچایی', '2020-03-13 02:04:09', '2020-03-13 02:04:09'),
(543, 543, 4, 'کندوان', '2020-03-13 02:04:09', '2020-03-13 02:04:09'),
(544, 544, 4, 'گرمه شمالی', '2020-03-13 02:04:09', '2020-03-13 02:04:09'),
(545, 545, 4, 'ترک', '2020-03-13 02:04:09', '2020-03-13 02:04:09'),
(546, 546, 4, 'اوچ تپه شرقی', '2020-03-13 02:04:09', '2020-03-13 02:04:09'),
(547, 547, 4, 'شیخ درآباد', '2020-03-13 02:04:09', '2020-03-13 02:04:09'),
(548, 548, 4, 'قافلانکوه غربی', '2020-03-13 02:04:09', '2020-03-13 02:04:09'),
(549, 549, 4, 'قزل اوزن', '2020-03-13 02:04:09', '2020-03-13 02:04:09'),
(550, 550, 4, 'کله بوزشرقی', '2020-03-13 02:04:09', '2020-03-13 02:04:09'),
(551, 551, 4, 'کله بوزغربی', '2020-03-13 02:04:09', '2020-03-13 02:04:09'),
(552, 552, 4, 'گرمه جنوبی', '2020-03-13 02:04:09', '2020-03-13 02:04:09'),
(553, 553, 4, 'میانه', '2020-03-13 02:04:09', '2020-03-13 02:04:09'),
(554, 554, 4, 'اچاچی', '2020-03-13 02:04:09', '2020-03-13 02:04:09'),
(555, 555, 4, 'سلوک', '2020-03-13 02:04:09', '2020-03-13 02:04:09'),
(556, 556, 4, 'علی آباد', '2020-03-13 02:04:09', '2020-03-13 02:04:09'),
(557, 557, 4, 'قرانقو', '2020-03-13 02:04:09', '2020-03-13 02:04:09'),
(558, 558, 4, 'کوهسار', '2020-03-13 02:04:09', '2020-03-13 02:04:09'),
(559, 559, 4, 'چاراویماق شمالشرقی', '2020-03-13 02:04:09', '2020-03-13 02:04:09'),
(560, 560, 4, 'هشترود', '2020-03-13 02:04:09', '2020-03-13 02:04:09'),
(561, 561, 4, 'آلمالو', '2020-03-13 02:04:09', '2020-03-13 02:04:09'),
(563, 563, 4, 'نظرکهریزی', '2020-03-13 02:04:09', '2020-03-13 02:04:09'),
(564, 564, 4, 'بناجوی شرقی', '2020-03-13 02:04:09', '2020-03-13 02:04:09'),
(565, 565, 4, 'بناجوی شمالی', '2020-03-13 02:04:09', '2020-03-13 02:04:09'),
(566, 566, 4, 'بناجوی غربی', '2020-03-13 02:04:09', '2020-03-13 02:04:09'),
(567, 567, 4, 'بناب', '2020-03-13 02:04:09', '2020-03-13 02:04:09'),
(568, 568, 4, 'اوجان شرقی', '2020-03-13 02:04:09', '2020-03-13 02:04:09'),
(569, 569, 4, 'سهندآباد', '2020-03-13 02:04:09', '2020-03-13 02:04:09'),
(570, 570, 4, 'عبا س شرقی', '2020-03-13 02:04:09', '2020-03-13 02:04:09'),
(571, 571, 4, 'عباس غربی', '2020-03-13 02:04:09', '2020-03-13 02:04:09'),
(572, 572, 4, 'تیکمه داش', '2020-03-13 02:04:09', '2020-03-13 02:04:09'),
(573, 573, 4, 'اوجان غربی', '2020-03-13 02:04:09', '2020-03-13 02:04:09'),
(574, 574, 4, 'شبلی', '2020-03-13 02:04:09', '2020-03-13 02:04:09'),
(575, 575, 4, 'قوریگل', '2020-03-13 02:04:09', '2020-03-13 02:04:09'),
(576, 576, 4, 'مهرانرودجنوبی', '2020-03-13 02:04:09', '2020-03-13 02:04:09'),
(577, 577, 4, 'مهرانرودمرکزی', '2020-03-13 02:04:09', '2020-03-13 02:04:09'),
(578, 578, 4, 'بستان آباد', '2020-03-13 02:04:09', '2020-03-13 02:04:09'),
(579, 579, 4, 'چله خانه', '2020-03-13 02:04:09', '2020-03-13 02:04:09'),
(580, 580, 4, 'رودقات', '2020-03-13 02:04:09', '2020-03-13 02:04:09'),
(581, 581, 4, 'میشوجنوبی', '2020-03-13 02:04:09', '2020-03-13 02:04:09'),
(582, 582, 4, 'صوفیان', '2020-03-13 02:04:09', '2020-03-13 02:04:09'),
(584, 584, 4, 'گونی شرقی', '2020-03-13 02:04:09', '2020-03-13 02:04:09'),
(585, 585, 4, 'گونی مرکزی', '2020-03-13 02:04:09', '2020-03-13 02:04:09'),
(586, 586, 4, 'خامنه', '2020-03-13 02:04:09', '2020-03-13 02:04:09'),
(587, 587, 4, 'شبستر', '2020-03-13 02:04:09', '2020-03-13 02:04:09'),
(588, 588, 4, 'شرفخانه', '2020-03-13 02:04:09', '2020-03-13 02:04:09'),
(589, 589, 4, 'شندآباد', '2020-03-13 02:04:09', '2020-03-13 02:04:09'),
(590, 590, 4, 'سیس', '2020-03-13 02:04:09', '2020-03-13 02:04:09'),
(591, 591, 4, 'وایقان', '2020-03-13 02:04:09', '2020-03-13 02:04:09'),
(592, 592, 4, 'کوزه کنان', '2020-03-13 02:04:09', '2020-03-13 02:04:09'),
(593, 593, 4, 'چهرگان', '2020-03-13 02:04:09', '2020-03-13 02:04:09'),
(594, 594, 4, 'گونی غربی', '2020-03-13 02:04:09', '2020-03-13 02:04:09'),
(595, 595, 4, 'تسوج', '2020-03-13 02:04:09', '2020-03-13 02:04:09'),
(596, 596, 4, 'پیغان چایی', '2020-03-13 02:04:09', '2020-03-13 02:04:09'),
(597, 597, 4, 'مولان', '2020-03-13 02:04:09', '2020-03-13 02:04:09'),
(598, 598, 4, 'میشه پاره', '2020-03-13 02:04:09', '2020-03-13 02:04:09'),
(599, 599, 4, 'ییلاق', '2020-03-13 02:04:09', '2020-03-13 02:04:09'),
(600, 600, 4, 'کلیبر', '2020-03-13 02:04:09', '2020-03-13 02:04:09'),
(602, 602, 4, 'سیدان', '2020-03-13 02:04:09', '2020-03-13 02:04:09'),
(603, 603, 4, 'قشلاق', '2020-03-13 02:04:09', '2020-03-13 02:04:09'),
(604, 604, 4, 'آبش احمد', '2020-03-13 02:04:09', '2020-03-13 02:04:09'),
(605, 605, 4, 'بدوستان غربی', '2020-03-13 02:04:09', '2020-03-13 02:04:09'),
(606, 606, 4, 'مواضع خان شرقی', '2020-03-13 02:04:09', '2020-03-13 02:04:09'),
(607, 607, 4, 'مواضع خان شمالی', '2020-03-13 02:04:09', '2020-03-13 02:04:09'),
(608, 608, 4, 'خواجه', '2020-03-13 02:04:09', '2020-03-13 02:04:09'),
(609, 609, 4, 'بدوستان شرقی', '2020-03-13 02:04:09', '2020-03-13 02:04:09'),
(610, 610, 4, 'خانمرود', '2020-03-13 02:04:09', '2020-03-13 02:04:09'),
(611, 611, 4, 'باروق', '2020-03-13 02:04:09', '2020-03-13 02:04:09'),
(612, 612, 4, 'هریس', '2020-03-13 02:04:09', '2020-03-13 02:04:09'),
(613, 613, 4, 'زرنق', '2020-03-13 02:04:09', '2020-03-13 02:04:09'),
(614, 614, 4, 'بخشایش', '2020-03-13 02:04:09', '2020-03-13 02:04:09'),
(615, 615, 4, 'کلوانق', '2020-03-13 02:04:09', '2020-03-13 02:04:09'),
(616, 616, 4, 'دیزمارغربی', '2020-03-13 02:04:09', '2020-03-13 02:04:09'),
(617, 617, 4, 'نوجه مهر', '2020-03-13 02:04:09', '2020-03-13 02:04:09'),
(618, 618, 4, 'سیه رود', '2020-03-13 02:04:09', '2020-03-13 02:04:09'),
(619, 619, 4, 'شجاع', '2020-03-13 02:04:09', '2020-03-13 02:04:09'),
(620, 620, 4, 'ارسی', '2020-03-13 02:04:09', '2020-03-13 02:04:09'),
(621, 621, 4, 'داران', '2020-03-13 02:04:09', '2020-03-13 02:04:09'),
(622, 622, 4, 'جلفا', '2020-03-13 02:04:09', '2020-03-13 02:04:09'),
(623, 623, 4, 'هادیشهر', '2020-03-13 02:04:09', '2020-03-13 02:04:09'),
(624, 624, 4, 'لیلان جنوبی', '2020-03-13 02:04:09', '2020-03-13 02:04:09'),
(625, 625, 4, 'لیلان شمالی', '2020-03-13 02:04:09', '2020-03-13 02:04:09'),
(626, 626, 4, 'لیلان', '2020-03-13 02:04:09', '2020-03-13 02:04:09'),
(627, 627, 4, 'گاودول شرقی', '2020-03-13 02:04:09', '2020-03-13 02:04:09'),
(628, 628, 4, 'گاودول غربی', '2020-03-13 02:04:09', '2020-03-13 02:04:09'),
(629, 629, 4, 'گاودول مرکزی', '2020-03-13 02:04:09', '2020-03-13 02:04:09'),
(630, 630, 4, 'ملکان', '2020-03-13 02:04:09', '2020-03-13 02:04:09'),
(631, 631, 4, 'مبارک شهر', '2020-03-13 02:04:09', '2020-03-13 02:04:09'),
(633, 633, 4, 'دستجرد', '2020-03-13 02:04:09', '2020-03-13 02:04:09'),
(634, 634, 4, 'گوگان', '2020-03-13 02:04:09', '2020-03-13 02:04:09'),
(635, 635, 4, 'تیمورلو', '2020-03-13 02:04:09', '2020-03-13 02:04:09'),
(636, 636, 4, 'شهرک', '2020-03-13 02:04:09', '2020-03-13 02:04:09'),
(637, 637, 4, 'ممقان', '2020-03-13 02:04:09', '2020-03-13 02:04:09'),
(638, 638, 4, 'شیرامین', '2020-03-13 02:04:09', '2020-03-13 02:04:09'),
(639, 639, 4, 'قبله داغی', '2020-03-13 02:04:09', '2020-03-13 02:04:09'),
(640, 640, 4, 'قاضی جهان', '2020-03-13 02:04:09', '2020-03-13 02:04:09'),
(641, 641, 4, 'ینگجه', '2020-03-13 02:04:09', '2020-03-13 02:04:09'),
(642, 642, 4, 'آذرشهر', '2020-03-13 02:04:09', '2020-03-13 02:04:09'),
(643, 643, 4, 'شورکات جنوبی', '2020-03-13 02:04:09', '2020-03-13 02:04:09'),
(644, 644, 4, 'جزیره', '2020-03-13 02:04:09', '2020-03-13 02:04:09'),
(645, 645, 4, 'ایلخچی', '2020-03-13 02:04:09', '2020-03-13 02:04:09'),
(646, 646, 4, 'باویل', '2020-03-13 02:04:09', '2020-03-13 02:04:09'),
(648, 648, 4, 'گنبر', '2020-03-13 02:04:09', '2020-03-13 02:04:09'),
(649, 649, 4, 'اسکو', '2020-03-13 02:04:09', '2020-03-13 02:04:09'),
(650, 650, 4, 'سهند', '2020-03-13 02:04:09', '2020-03-13 02:04:09'),
(651, 651, 4, 'چاراویماق جنوب شرقی', '2020-03-13 02:04:09', '2020-03-13 02:04:09'),
(652, 652, 4, 'چاراویماق شرقی', '2020-03-13 02:04:09', '2020-03-13 02:04:09'),
(653, 653, 4, 'چاراویماق جنوب غربی', '2020-03-13 02:04:09', '2020-03-13 02:04:09'),
(654, 654, 4, 'چاراویماق مرکزی', '2020-03-13 02:04:09', '2020-03-13 02:04:09'),
(655, 655, 4, 'قوری چای شرقی', '2020-03-13 02:04:09', '2020-03-13 02:04:09'),
(656, 656, 4, 'ورقه', '2020-03-13 02:04:09', '2020-03-13 02:04:09'),
(657, 657, 4, 'قره آغاج', '2020-03-13 02:04:09', '2020-03-13 02:04:09'),
(658, 658, 4, 'ارزیل', '2020-03-13 02:04:09', '2020-03-13 02:04:09'),
(659, 659, 4, 'جوشین', '2020-03-13 02:04:09', '2020-03-13 02:04:09'),
(660, 660, 4, 'دیزمارمرکزی', '2020-03-13 02:04:09', '2020-03-13 02:04:09'),
(661, 661, 4, 'خاروانا', '2020-03-13 02:04:09', '2020-03-13 02:04:09'),
(662, 662, 4, 'ازومدل جنوبی', '2020-03-13 02:04:09', '2020-03-13 02:04:09'),
(663, 663, 4, 'ازومدل شمالی', '2020-03-13 02:04:09', '2020-03-13 02:04:09'),
(664, 664, 4, 'بکرآباد', '2020-03-13 02:04:09', '2020-03-13 02:04:09'),
(665, 665, 4, 'سینا', '2020-03-13 02:04:09', '2020-03-13 02:04:09'),
(666, 666, 4, 'ورزقان', '2020-03-13 02:04:09', '2020-03-13 02:04:09'),
(667, 667, 4, 'دیزجرودشرقی', '2020-03-13 02:04:09', '2020-03-13 02:04:09'),
(668, 668, 4, 'کوهستان', '2020-03-13 02:04:09', '2020-03-13 02:04:09'),
(669, 669, 4, 'جوان قلعه', '2020-03-13 02:04:09', '2020-03-13 02:04:09'),
(670, 670, 4, 'خضرلو', '2020-03-13 02:04:09', '2020-03-13 02:04:09'),
(671, 671, 4, 'دیزجرودغربی', '2020-03-13 02:04:09', '2020-03-13 02:04:09'),
(672, 672, 4, 'عجب شیر', '2020-03-13 02:04:09', '2020-03-13 02:04:09'),
(673, 673, 4, 'بسطاملو', '2020-03-13 02:04:09', '2020-03-13 02:04:09'),
(674, 674, 4, 'کیوان', '2020-03-13 02:04:09', '2020-03-13 02:04:09'),
(675, 675, 4, 'خمارلو', '2020-03-13 02:04:09', '2020-03-13 02:04:09'),
(676, 676, 4, 'گرمادوزشرقی', '2020-03-13 02:04:09', '2020-03-13 02:04:09'),
(677, 677, 4, 'گرما دوزغربی', '2020-03-13 02:04:09', '2020-03-13 02:04:09'),
(678, 678, 4, 'دیزمارشرقی', '2020-03-13 02:04:09', '2020-03-13 02:04:09'),
(679, 679, 4, 'منجوان شرقی', '2020-03-13 02:04:09', '2020-03-13 02:04:09'),
(680, 680, 4, 'منجوان غربی', '2020-03-13 02:04:09', '2020-03-13 02:04:09'),
(681, 681, 5, 'انزل جنوبی', '2020-03-13 02:04:09', '2020-03-13 02:04:09'),
(682, 682, 5, 'انزل شمالی', '2020-03-13 02:04:09', '2020-03-13 02:04:09'),
(683, 683, 5, 'قوشچی', '2020-03-13 02:04:09', '2020-03-13 02:04:09'),
(684, 684, 5, 'ترگور', '2020-03-13 02:04:09', '2020-03-13 02:04:09'),
(685, 685, 5, 'دشت', '2020-03-13 02:04:09', '2020-03-13 02:04:09'),
(686, 686, 5, 'مرگور', '2020-03-13 02:04:09', '2020-03-13 02:04:09'),
(687, 687, 5, 'سیلوانه', '2020-03-13 02:04:09', '2020-03-13 02:04:09'),
(688, 688, 5, 'برادوست', '2020-03-13 02:04:09', '2020-03-13 02:04:09'),
(689, 689, 5, 'صومای جنوبی', '2020-03-13 02:04:09', '2020-03-13 02:04:09'),
(690, 690, 5, 'صومای شمالی', '2020-03-13 02:04:09', '2020-03-13 02:04:09'),
(691, 691, 5, 'سرو', '2020-03-13 02:04:09', '2020-03-13 02:04:09'),
(692, 692, 5, 'باراندوز', '2020-03-13 02:04:09', '2020-03-13 02:04:09'),
(693, 693, 5, 'باراندوزچای جنوبی', '2020-03-13 02:04:09', '2020-03-13 02:04:09'),
(694, 694, 5, 'باراندوزچای شمالی', '2020-03-13 02:04:09', '2020-03-13 02:04:09'),
(695, 695, 5, 'باش قلعه', '2020-03-13 02:04:09', '2020-03-13 02:04:09'),
(696, 696, 5, 'بکشلوچای', '2020-03-13 02:04:09', '2020-03-13 02:04:09'),
(697, 697, 5, 'ترکمان', '2020-03-13 02:04:09', '2020-03-13 02:04:09'),
(698, 698, 5, 'دول', '2020-03-13 02:04:09', '2020-03-13 02:04:09'),
(699, 699, 5, 'روضه چای', '2020-03-13 02:04:09', '2020-03-13 02:04:09'),
(700, 700, 5, 'نازلوی جنوبی', '2020-03-13 02:04:09', '2020-03-13 02:04:09'),
(701, 701, 5, 'ارومیه', '2020-03-13 02:04:09', '2020-03-13 02:04:09'),
(707, 707, 5, 'طلاتپه', '2020-03-13 02:04:09', '2020-03-13 02:04:09'),
(708, 708, 5, 'نازلوچای', '2020-03-13 02:04:09', '2020-03-13 02:04:09'),
(709, 709, 5, 'نازلوشمالی', '2020-03-13 02:04:09', '2020-03-13 02:04:09'),
(710, 710, 5, 'نوشین', '2020-03-13 02:04:09', '2020-03-13 02:04:09'),
(711, 711, 5, 'پیران', '2020-03-13 02:04:09', '2020-03-13 02:04:09'),
(712, 712, 5, 'منگورغربی', '2020-03-13 02:04:09', '2020-03-13 02:04:09'),
(713, 713, 5, 'لاهیجان', '2020-03-13 02:04:09', '2020-03-13 02:04:09'),
(714, 714, 5, 'پیرانشهر', '2020-03-13 02:04:09', '2020-03-13 02:04:09'),
(715, 715, 5, 'لاهیجان شرقی', '2020-03-13 02:04:09', '2020-03-13 02:04:09'),
(716, 716, 5, 'لاهیجان غربی', '2020-03-13 02:04:09', '2020-03-13 02:04:09'),
(717, 717, 5, 'گردکشانه', '2020-03-13 02:04:09', '2020-03-13 02:04:09'),
(718, 718, 5, 'دیزج', '2020-03-13 02:04:09', '2020-03-13 02:04:09'),
(719, 719, 5, 'رهال', '2020-03-13 02:04:09', '2020-03-13 02:04:09'),
(721, 721, 5, 'قره سو', '2020-03-13 02:04:09', '2020-03-13 02:04:09'),
(722, 722, 5, 'گوهران', '2020-03-13 02:04:09', '2020-03-13 02:04:09'),
(723, 723, 5, 'خوی', '2020-03-13 02:04:09', '2020-03-13 02:04:09'),
(724, 724, 5, 'فیرورق', '2020-03-13 02:04:09', '2020-03-13 02:04:09'),
(725, 725, 5, 'دیزج دیز', '2020-03-13 02:04:09', '2020-03-13 02:04:09'),
(726, 726, 5, 'الند', '2020-03-13 02:04:09', '2020-03-13 02:04:09'),
(727, 727, 5, 'سکمن آباد', '2020-03-13 02:04:09', '2020-03-13 02:04:09'),
(728, 728, 5, 'زرآباد', '2020-03-13 02:04:09', '2020-03-13 02:04:09'),
(730, 730, 5, 'ولدیان', '2020-03-13 02:04:09', '2020-03-13 02:04:09'),
(731, 731, 5, 'ایواوغلی', '2020-03-13 02:04:09', '2020-03-13 02:04:09'),
(732, 732, 5, 'زری', '2020-03-13 02:04:09', '2020-03-13 02:04:09'),
(734, 734, 5, 'قطور', '2020-03-13 02:04:09', '2020-03-13 02:04:09'),
(735, 735, 5, 'آلان', '2020-03-13 02:04:09', '2020-03-13 02:04:09'),
(736, 736, 5, 'باسک کولسه', '2020-03-13 02:04:09', '2020-03-13 02:04:09'),
(737, 737, 5, 'بریاجی', '2020-03-13 02:04:09', '2020-03-13 02:04:09'),
(738, 738, 5, 'گورک سردشت', '2020-03-13 02:04:09', '2020-03-13 02:04:09'),
(739, 739, 5, 'سردشت', '2020-03-13 02:04:09', '2020-03-13 02:04:09'),
(740, 740, 5, 'ربط', '2020-03-13 02:04:09', '2020-03-13 02:04:09'),
(741, 741, 5, 'گورک نعلین', '2020-03-13 02:04:09', '2020-03-13 02:04:09'),
(742, 742, 5, 'ملکاری', '2020-03-13 02:04:09', '2020-03-13 02:04:09'),
(743, 743, 5, 'میرآباد', '2020-03-13 02:04:09', '2020-03-13 02:04:09'),
(744, 744, 5, 'زولاچای', '2020-03-13 02:04:09', '2020-03-13 02:04:09'),
(745, 745, 5, 'کره سنی', '2020-03-13 02:04:09', '2020-03-13 02:04:09'),
(746, 746, 5, 'کنارپروژ', '2020-03-13 02:04:09', '2020-03-13 02:04:09'),
(747, 747, 5, 'لکستان', '2020-03-13 02:04:09', '2020-03-13 02:04:09'),
(748, 748, 5, 'تازه شهر', '2020-03-13 02:04:09', '2020-03-13 02:04:09'),
(749, 749, 5, 'سلماس', '2020-03-13 02:04:09', '2020-03-13 02:04:09'),
(750, 750, 5, 'چهریق', '2020-03-13 02:04:09', '2020-03-13 02:04:09'),
(751, 751, 5, 'شپیران', '2020-03-13 02:04:09', '2020-03-13 02:04:09'),
(752, 752, 5, 'شناتال', '2020-03-13 02:04:09', '2020-03-13 02:04:09'),
(753, 753, 5, 'چایپاسارجنوبی', '2020-03-13 02:04:09', '2020-03-13 02:04:09'),
(754, 754, 5, 'قلعه دره سی', '2020-03-13 02:04:09', '2020-03-13 02:04:09'),
(755, 755, 5, 'قره سو', '2020-03-13 02:04:09', '2020-03-13 02:04:09'),
(756, 756, 5, 'ماکو', '2020-03-13 02:04:09', '2020-03-13 02:04:09'),
(757, 757, 5, 'چایپاسارشمالی', '2020-03-13 02:04:09', '2020-03-13 02:04:09'),
(758, 758, 5, 'ساری سو', '2020-03-13 02:04:09', '2020-03-13 02:04:09'),
(759, 759, 5, 'بازرگان', '2020-03-13 02:04:09', '2020-03-13 02:04:09'),
(760, 760, 5, 'کانی بازار', '2020-03-13 02:04:09', '2020-03-13 02:04:09'),
(761, 761, 5, 'منگورشرقی', '2020-03-13 02:04:09', '2020-03-13 02:04:09'),
(762, 762, 5, 'خلیفان', '2020-03-13 02:04:09', '2020-03-13 02:04:09'),
(763, 763, 5, 'آختاچی غربی', '2020-03-13 02:04:09', '2020-03-13 02:04:09'),
(764, 764, 5, 'مکریان شرقی', '2020-03-13 02:04:09', '2020-03-13 02:04:09'),
(765, 765, 5, 'مکریان غربی', '2020-03-13 02:04:09', '2020-03-13 02:04:09'),
(766, 766, 5, 'مهاباد', '2020-03-13 02:04:09', '2020-03-13 02:04:09'),
(767, 767, 5, 'زرینه رودجنوبی', '2020-03-13 02:04:09', '2020-03-13 02:04:09'),
(768, 768, 5, 'زرینه رودشمالی', '2020-03-13 02:04:09', '2020-03-13 02:04:09'),
(769, 769, 5, 'زرینه رود', '2020-03-13 02:04:09', '2020-03-13 02:04:09'),
(770, 770, 5, 'مرحمت آباد', '2020-03-13 02:04:09', '2020-03-13 02:04:09'),
(771, 771, 5, 'مکریان شمالی', '2020-03-13 02:04:09', '2020-03-13 02:04:09'),
(772, 772, 5, 'مرحمت آبادجنوبی', '2020-03-13 02:04:09', '2020-03-13 02:04:09'),
(773, 773, 5, 'میاندوآب', '2020-03-13 02:04:09', '2020-03-13 02:04:09'),
(774, 774, 5, 'مرحمت آبادشمالی', '2020-03-13 02:04:09', '2020-03-13 02:04:09'),
(775, 775, 5, 'مرحمت آبادمیانی', '2020-03-13 02:04:09', '2020-03-13 02:04:09'),
(776, 776, 5, 'چهاربرج', '2020-03-13 02:04:09', '2020-03-13 02:04:09'),
(778, 778, 5, 'آجرلوی شرقی', '2020-03-13 02:04:09', '2020-03-13 02:04:09'),
(779, 779, 5, 'آجرلوی غربی', '2020-03-13 02:04:09', '2020-03-13 02:04:09'),
(780, 780, 5, 'باروق', '2020-03-13 02:04:09', '2020-03-13 02:04:09'),
(781, 781, 5, 'بیگم قلعه', '2020-03-13 02:04:09', '2020-03-13 02:04:09'),
(782, 782, 5, 'سلدوز', '2020-03-13 02:04:09', '2020-03-13 02:04:09'),
(783, 783, 5, 'نقده', '2020-03-13 02:04:09', '2020-03-13 02:04:09');
INSERT INTO `city` (`id`, `City_No`, `State_No`, `City_Name`, `created_at`, `updated_at`) VALUES
(784, 784, 5, 'المهدی', '2020-03-13 02:04:09', '2020-03-13 02:04:09'),
(785, 785, 5, 'حسنلو', '2020-03-13 02:04:09', '2020-03-13 02:04:09'),
(786, 786, 5, 'محمدیار', '2020-03-13 02:04:09', '2020-03-13 02:04:09'),
(787, 787, 5, 'آختاچی شرقی', '2020-03-13 02:04:09', '2020-03-13 02:04:09'),
(788, 788, 5, 'آختاچی محالی', '2020-03-13 02:04:09', '2020-03-13 02:04:09'),
(789, 789, 5, 'بهی دهبکری', '2020-03-13 02:04:09', '2020-03-13 02:04:09'),
(790, 790, 5, 'سیمینه', '2020-03-13 02:04:09', '2020-03-13 02:04:09'),
(791, 791, 5, 'آختاچی', '2020-03-13 02:04:09', '2020-03-13 02:04:09'),
(792, 792, 5, 'ایل تیمور', '2020-03-13 02:04:09', '2020-03-13 02:04:09'),
(793, 793, 5, 'ایل گورک', '2020-03-13 02:04:09', '2020-03-13 02:04:09'),
(794, 794, 5, 'بهی فیض اله بیگی', '2020-03-13 02:04:09', '2020-03-13 02:04:09'),
(795, 795, 5, 'بوکان', '2020-03-13 02:04:09', '2020-03-13 02:04:09'),
(796, 796, 5, 'صفاخانه', '2020-03-13 02:04:09', '2020-03-13 02:04:09'),
(798, 798, 5, 'هولاسو', '2020-03-13 02:04:09', '2020-03-13 02:04:09'),
(799, 799, 5, 'شاهین دژ', '2020-03-13 02:04:09', '2020-03-13 02:04:09'),
(800, 800, 5, 'محمودآباد', '2020-03-13 02:04:09', '2020-03-13 02:04:09'),
(801, 801, 5, 'چهاردولی', '2020-03-13 02:04:09', '2020-03-13 02:04:09'),
(802, 802, 5, 'کشاور', '2020-03-13 02:04:09', '2020-03-13 02:04:09'),
(803, 803, 5, 'کشاورز', '2020-03-13 02:04:09', '2020-03-13 02:04:09'),
(804, 804, 5, 'افشار', '2020-03-13 02:04:09', '2020-03-13 02:04:09'),
(805, 805, 5, 'انصار', '2020-03-13 02:04:09', '2020-03-13 02:04:09'),
(806, 806, 5, 'کرفتو', '2020-03-13 02:04:09', '2020-03-13 02:04:09'),
(807, 807, 5, 'تکاب', '2020-03-13 02:04:09', '2020-03-13 02:04:09'),
(808, 808, 5, 'احمدآباد', '2020-03-13 02:04:09', '2020-03-13 02:04:09'),
(809, 809, 5, 'ساروق', '2020-03-13 02:04:09', '2020-03-13 02:04:09'),
(810, 810, 5, 'چمن', '2020-03-13 02:04:09', '2020-03-13 02:04:09'),
(811, 811, 5, 'اشنویه شمالی', '2020-03-13 02:04:09', '2020-03-13 02:04:09'),
(812, 812, 5, 'دشت بیل', '2020-03-13 02:04:09', '2020-03-13 02:04:09'),
(813, 813, 5, 'اشنویه', '2020-03-13 02:04:09', '2020-03-13 02:04:09'),
(814, 814, 5, 'اشنویه جنوبی', '2020-03-13 02:04:09', '2020-03-13 02:04:09'),
(815, 815, 5, 'هق', '2020-03-13 02:04:09', '2020-03-13 02:04:09'),
(816, 816, 5, 'نالوس', '2020-03-13 02:04:09', '2020-03-13 02:04:09'),
(817, 817, 5, 'آواجیق شمالی', '2020-03-13 02:04:09', '2020-03-13 02:04:09'),
(818, 818, 5, 'آواجیق جنوبی', '2020-03-13 02:04:09', '2020-03-13 02:04:09'),
(819, 819, 5, 'آواجیق', '2020-03-13 02:04:09', '2020-03-13 02:04:09'),
(820, 820, 5, 'چالدران جنوبی', '2020-03-13 02:04:09', '2020-03-13 02:04:09'),
(821, 821, 5, 'چالدران شمالی', '2020-03-13 02:04:09', '2020-03-13 02:04:09'),
(822, 822, 5, 'ببه جیک', '2020-03-13 02:04:09', '2020-03-13 02:04:09'),
(823, 823, 5, 'سیه چشمه', '2020-03-13 02:04:09', '2020-03-13 02:04:09'),
(824, 824, 5, 'گچلرات شرقی', '2020-03-13 02:04:09', '2020-03-13 02:04:09'),
(825, 825, 5, 'گچلرات غربی', '2020-03-13 02:04:09', '2020-03-13 02:04:09'),
(826, 826, 5, 'نازک علیا', '2020-03-13 02:04:09', '2020-03-13 02:04:09'),
(827, 827, 5, 'چایپاسارشرقی', '2020-03-13 02:04:09', '2020-03-13 02:04:09'),
(828, 828, 5, 'زنگبار', '2020-03-13 02:04:09', '2020-03-13 02:04:09'),
(829, 829, 5, 'پلدشت', '2020-03-13 02:04:09', '2020-03-13 02:04:09'),
(830, 830, 5, 'حاجیلارشمالی', '2020-03-13 02:04:09', '2020-03-13 02:04:09'),
(831, 831, 5, 'حاجیلارجنوبی', '2020-03-13 02:04:09', '2020-03-13 02:04:09'),
(833, 833, 5, 'چورس', '2020-03-13 02:04:09', '2020-03-13 02:04:09'),
(834, 834, 5, 'قره ضیاءالدین', '2020-03-13 02:04:09', '2020-03-13 02:04:09'),
(835, 835, 5, 'چشمه سرا', '2020-03-13 02:04:09', '2020-03-13 02:04:09'),
(836, 836, 5, 'قره قویون جنوبی', '2020-03-13 02:04:09', '2020-03-13 02:04:09'),
(837, 837, 5, 'مرگنلر', '2020-03-13 02:04:09', '2020-03-13 02:04:09'),
(838, 838, 5, 'قره قویون شمالی', '2020-03-13 02:04:09', '2020-03-13 02:04:09'),
(839, 839, 5, 'یولاگلدی', '2020-03-13 02:04:09', '2020-03-13 02:04:09'),
(840, 840, 5, 'شوط', '2020-03-13 02:04:09', '2020-03-13 02:04:09'),
(841, 841, 6, 'منصوری', '2020-03-13 02:04:09', '2020-03-13 02:04:09'),
(842, 842, 6, 'هرسم', '2020-03-13 02:04:09', '2020-03-13 02:04:09'),
(844, 844, 6, 'حمیل', '2020-03-13 02:04:09', '2020-03-13 02:04:09'),
(845, 845, 6, 'حسن آباد', '2020-03-13 02:04:09', '2020-03-13 02:04:09'),
(846, 846, 6, 'حومه جنوبی', '2020-03-13 02:04:09', '2020-03-13 02:04:09'),
(847, 847, 6, 'حومه شمالی', '2020-03-13 02:04:09', '2020-03-13 02:04:09'),
(848, 848, 6, 'شیان', '2020-03-13 02:04:09', '2020-03-13 02:04:09'),
(849, 849, 6, 'اسلام آبادغرب', '2020-03-13 02:04:09', '2020-03-13 02:04:09'),
(850, 850, 6, 'جلال وند', '2020-03-13 02:04:09', '2020-03-13 02:04:09'),
(851, 851, 6, 'سرفیروزآباد', '2020-03-13 02:04:09', '2020-03-13 02:04:09'),
(852, 852, 6, 'عثمانوند', '2020-03-13 02:04:09', '2020-03-13 02:04:09'),
(853, 853, 6, 'هلشی', '2020-03-13 02:04:09', '2020-03-13 02:04:09'),
(854, 854, 6, 'بالادربند', '2020-03-13 02:04:09', '2020-03-13 02:04:09'),
(855, 855, 6, 'دورودفرامان', '2020-03-13 02:04:09', '2020-03-13 02:04:09'),
(856, 856, 6, 'قره سو', '2020-03-13 02:04:09', '2020-03-13 02:04:09'),
(857, 857, 6, 'میان دربند', '2020-03-13 02:04:09', '2020-03-13 02:04:09'),
(858, 858, 6, 'کرمانشاه', '2020-03-13 02:04:09', '2020-03-13 02:04:09'),
(867, 867, 6, 'چقانرگس', '2020-03-13 02:04:09', '2020-03-13 02:04:09'),
(868, 868, 6, 'ماهیدشت', '2020-03-13 02:04:09', '2020-03-13 02:04:09'),
(869, 869, 6, 'رباط', '2020-03-13 02:04:09', '2020-03-13 02:04:09'),
(870, 870, 6, 'سنجابی', '2020-03-13 02:04:09', '2020-03-13 02:04:09'),
(871, 871, 6, 'هفت آشیان', '2020-03-13 02:04:09', '2020-03-13 02:04:09'),
(872, 872, 6, 'کوزران', '2020-03-13 02:04:09', '2020-03-13 02:04:09'),
(873, 873, 6, 'رازآور', '2020-03-13 02:04:09', '2020-03-13 02:04:09'),
(874, 874, 6, 'پشت دربند', '2020-03-13 02:04:09', '2020-03-13 02:04:09'),
(875, 875, 6, 'ماکوان', '2020-03-13 02:04:09', '2020-03-13 02:04:09'),
(876, 876, 6, 'شیوه سر', '2020-03-13 02:04:09', '2020-03-13 02:04:09'),
(877, 877, 6, 'باینگان', '2020-03-13 02:04:09', '2020-03-13 02:04:09'),
(878, 878, 6, 'بانوره', '2020-03-13 02:04:09', '2020-03-13 02:04:09'),
(879, 879, 6, 'شمشیر', '2020-03-13 02:04:09', '2020-03-13 02:04:09'),
(880, 880, 6, 'هولی', '2020-03-13 02:04:09', '2020-03-13 02:04:09'),
(881, 881, 6, 'پاوه', '2020-03-13 02:04:09', '2020-03-13 02:04:09'),
(882, 882, 6, 'سیروان', '2020-03-13 02:04:09', '2020-03-13 02:04:09'),
(883, 883, 6, 'نودشه', '2020-03-13 02:04:09', '2020-03-13 02:04:09'),
(884, 884, 6, 'نوسود', '2020-03-13 02:04:09', '2020-03-13 02:04:09'),
(885, 885, 6, 'پشت تنگ', '2020-03-13 02:04:09', '2020-03-13 02:04:09'),
(886, 886, 6, 'حومه سرپل', '2020-03-13 02:04:09', '2020-03-13 02:04:09'),
(887, 887, 6, 'دشت ذهاب', '2020-03-13 02:04:09', '2020-03-13 02:04:09'),
(888, 888, 6, 'بشیوه پاطاق', '2020-03-13 02:04:09', '2020-03-13 02:04:09'),
(889, 889, 6, 'جگیران', '2020-03-13 02:04:09', '2020-03-13 02:04:09'),
(890, 890, 6, 'سرقلعه', '2020-03-13 02:04:09', '2020-03-13 02:04:09'),
(891, 891, 6, 'سرپل ذهاب', '2020-03-13 02:04:09', '2020-03-13 02:04:09'),
(892, 892, 6, 'قلعه شاهین', '2020-03-13 02:04:09', '2020-03-13 02:04:09'),
(893, 893, 6, 'سراب قلعه شاهین', '2020-03-13 02:04:09', '2020-03-13 02:04:09'),
(894, 894, 6, 'آب باریک', '2020-03-13 02:04:09', '2020-03-13 02:04:09'),
(895, 895, 6, 'باوله', '2020-03-13 02:04:09', '2020-03-13 02:04:09'),
(896, 896, 6, 'سراب', '2020-03-13 02:04:09', '2020-03-13 02:04:09'),
(897, 897, 6, 'گاورود', '2020-03-13 02:04:09', '2020-03-13 02:04:09'),
(898, 898, 6, 'پارسینه', '2020-03-13 02:04:09', '2020-03-13 02:04:09'),
(899, 899, 6, 'سنقر', '2020-03-13 02:04:09', '2020-03-13 02:04:09'),
(900, 900, 6, 'آگاهان', '2020-03-13 02:04:09', '2020-03-13 02:04:09'),
(902, 902, 6, 'کیونانات', '2020-03-13 02:04:09', '2020-03-13 02:04:09'),
(903, 903, 6, 'سطر', '2020-03-13 02:04:09', '2020-03-13 02:04:09'),
(905, 905, 6, 'سومار', '2020-03-13 02:04:09', '2020-03-13 02:04:09'),
(906, 906, 6, 'الوند', '2020-03-13 02:04:09', '2020-03-13 02:04:09'),
(907, 907, 6, 'نصرآباد', '2020-03-13 02:04:09', '2020-03-13 02:04:09'),
(908, 908, 6, 'فتح آباد', '2020-03-13 02:04:09', '2020-03-13 02:04:09'),
(909, 909, 6, 'قصرشیرین', '2020-03-13 02:04:09', '2020-03-13 02:04:09'),
(910, 910, 6, 'خزل غربی', '2020-03-13 02:04:09', '2020-03-13 02:04:09'),
(911, 911, 6, 'فش', '2020-03-13 02:04:09', '2020-03-13 02:04:09'),
(912, 912, 6, 'کرماجان', '2020-03-13 02:04:09', '2020-03-13 02:04:09'),
(914, 914, 6, 'قزوینه', '2020-03-13 02:04:09', '2020-03-13 02:04:09'),
(915, 915, 6, 'کنگاور', '2020-03-13 02:04:09', '2020-03-13 02:04:09'),
(916, 916, 6, 'گودین', '2020-03-13 02:04:09', '2020-03-13 02:04:09'),
(917, 917, 6, 'چله', '2020-03-13 02:04:09', '2020-03-13 02:04:09'),
(918, 918, 6, 'حومه', '2020-03-13 02:04:09', '2020-03-13 02:04:09'),
(919, 919, 6, 'دیره', '2020-03-13 02:04:09', '2020-03-13 02:04:09'),
(920, 920, 6, 'ویژنان', '2020-03-13 02:04:09', '2020-03-13 02:04:09'),
(921, 921, 6, 'گیلانغرب', '2020-03-13 02:04:09', '2020-03-13 02:04:09'),
(922, 922, 6, 'حیدریه', '2020-03-13 02:04:09', '2020-03-13 02:04:09'),
(923, 923, 6, 'گواور', '2020-03-13 02:04:09', '2020-03-13 02:04:09'),
(924, 924, 6, 'سرمست', '2020-03-13 02:04:09', '2020-03-13 02:04:09'),
(925, 925, 6, 'پلنگانه', '2020-03-13 02:04:09', '2020-03-13 02:04:09'),
(926, 926, 6, 'بازان', '2020-03-13 02:04:09', '2020-03-13 02:04:09'),
(927, 927, 6, 'جوانرود', '2020-03-13 02:04:09', '2020-03-13 02:04:09'),
(928, 928, 6, 'شروینه', '2020-03-13 02:04:09', '2020-03-13 02:04:09'),
(929, 929, 6, 'کلاشی', '2020-03-13 02:04:09', '2020-03-13 02:04:09'),
(930, 930, 6, 'حر', '2020-03-13 02:04:09', '2020-03-13 02:04:09'),
(931, 931, 6, 'دینور', '2020-03-13 02:04:09', '2020-03-13 02:04:09'),
(932, 932, 6, 'کندوله', '2020-03-13 02:04:09', '2020-03-13 02:04:09'),
(933, 933, 6, 'میان راهان', '2020-03-13 02:04:09', '2020-03-13 02:04:09'),
(934, 934, 6, 'خدابنده لو', '2020-03-13 02:04:09', '2020-03-13 02:04:09'),
(936, 936, 6, 'گاماسیاب', '2020-03-13 02:04:09', '2020-03-13 02:04:09'),
(937, 937, 6, 'هجر', '2020-03-13 02:04:09', '2020-03-13 02:04:09'),
(938, 938, 6, 'صحنه', '2020-03-13 02:04:09', '2020-03-13 02:04:09'),
(939, 939, 6, 'چم چمال', '2020-03-13 02:04:09', '2020-03-13 02:04:09'),
(940, 940, 6, 'شیرز', '2020-03-13 02:04:09', '2020-03-13 02:04:09'),
(941, 941, 6, 'بیستون', '2020-03-13 02:04:09', '2020-03-13 02:04:09'),
(942, 942, 6, 'چشمه کبود', '2020-03-13 02:04:09', '2020-03-13 02:04:09'),
(943, 943, 6, 'حومه', '2020-03-13 02:04:09', '2020-03-13 02:04:09'),
(944, 944, 6, 'هرسین', '2020-03-13 02:04:09', '2020-03-13 02:04:09'),
(945, 945, 6, 'خانه شور', '2020-03-13 02:04:09', '2020-03-13 02:04:09'),
(946, 946, 6, 'دشت حر', '2020-03-13 02:04:09', '2020-03-13 02:04:09'),
(947, 947, 6, 'زمکان', '2020-03-13 02:04:09', '2020-03-13 02:04:09'),
(948, 948, 6, 'تازه آباد', '2020-03-13 02:04:09', '2020-03-13 02:04:09'),
(950, 950, 6, 'ازگله', '2020-03-13 02:04:09', '2020-03-13 02:04:09'),
(951, 951, 6, 'قلخانی', '2020-03-13 02:04:09', '2020-03-13 02:04:09'),
(952, 952, 6, 'گورانی', '2020-03-13 02:04:09', '2020-03-13 02:04:09'),
(953, 953, 6, 'گهواره', '2020-03-13 02:04:09', '2020-03-13 02:04:09'),
(954, 954, 6, 'بان زرده', '2020-03-13 02:04:09', '2020-03-13 02:04:09'),
(955, 955, 6, 'بیونیج', '2020-03-13 02:04:09', '2020-03-13 02:04:09'),
(956, 956, 6, 'حومه کرند', '2020-03-13 02:04:09', '2020-03-13 02:04:09'),
(957, 957, 6, 'کرند', '2020-03-13 02:04:09', '2020-03-13 02:04:09'),
(958, 958, 6, 'ریجاب', '2020-03-13 02:04:09', '2020-03-13 02:04:09'),
(959, 959, 6, 'قوری قلعه', '2020-03-13 02:04:09', '2020-03-13 02:04:09'),
(960, 960, 6, 'منصورآقایی', '2020-03-13 02:04:09', '2020-03-13 02:04:09'),
(961, 961, 6, 'شاهو', '2020-03-13 02:04:09', '2020-03-13 02:04:09'),
(962, 962, 6, 'بدر', '2020-03-13 02:04:09', '2020-03-13 02:04:09'),
(963, 963, 6, 'حسن آباد', '2020-03-13 02:04:09', '2020-03-13 02:04:09'),
(964, 964, 6, 'دولت اباد', '2020-03-13 02:04:09', '2020-03-13 02:04:09'),
(965, 965, 6, 'زالوآب', '2020-03-13 02:04:09', '2020-03-13 02:04:09'),
(966, 966, 6, 'روانسر', '2020-03-13 02:04:09', '2020-03-13 02:04:09'),
(967, 967, 7, 'مینوبار', '2020-03-13 02:04:09', '2020-03-13 02:04:09'),
(968, 968, 7, 'نصار', '2020-03-13 02:04:09', '2020-03-13 02:04:09'),
(969, 969, 7, 'نوآباد', '2020-03-13 02:04:09', '2020-03-13 02:04:09'),
(970, 970, 7, 'اروندکنار', '2020-03-13 02:04:09', '2020-03-13 02:04:09'),
(971, 971, 7, 'بهمنشیرجنوبی', '2020-03-13 02:04:09', '2020-03-13 02:04:09'),
(972, 972, 7, 'بهمنشیرشمالی', '2020-03-13 02:04:09', '2020-03-13 02:04:09'),
(973, 973, 7, 'شلاهی', '2020-03-13 02:04:09', '2020-03-13 02:04:09'),
(974, 974, 7, 'آبادان', '2020-03-13 02:04:09', '2020-03-13 02:04:09'),
(977, 977, 7, 'چویبده', '2020-03-13 02:04:09', '2020-03-13 02:04:09'),
(980, 980, 7, 'قیلاب', '2020-03-13 02:04:09', '2020-03-13 02:04:09'),
(981, 981, 7, 'مازو', '2020-03-13 02:04:09', '2020-03-13 02:04:09'),
(982, 982, 7, 'حسینیه', '2020-03-13 02:04:09', '2020-03-13 02:04:09'),
(983, 983, 7, 'بیدروبه', '2020-03-13 02:04:09', '2020-03-13 02:04:09'),
(984, 984, 7, 'حومه', '2020-03-13 02:04:09', '2020-03-13 02:04:09'),
(985, 985, 7, 'اندیمشک', '2020-03-13 02:04:09', '2020-03-13 02:04:09'),
(986, 986, 7, 'آزادی', '2020-03-13 02:04:09', '2020-03-13 02:04:09'),
(987, 987, 7, 'چم گلک', '2020-03-13 02:04:09', '2020-03-13 02:04:09'),
(989, 989, 7, 'لامی', '2020-03-13 02:04:09', '2020-03-13 02:04:09'),
(990, 990, 7, 'اهواز', '2020-03-13 02:04:09', '2020-03-13 02:04:09'),
(999, 999, 7, 'الهایی', '2020-03-13 02:04:09', '2020-03-13 02:04:09'),
(1000, 1000, 7, 'اسماعیلیه شمالی', '2020-03-13 02:04:09', '2020-03-13 02:04:09'),
(1001, 1001, 7, 'اسماعیلیه جنوبی', '2020-03-13 02:04:09', '2020-03-13 02:04:09'),
(1002, 1002, 7, 'مشرحات', '2020-03-13 02:04:09', '2020-03-13 02:04:09'),
(1003, 1003, 7, 'غیزانیه', '2020-03-13 02:04:09', '2020-03-13 02:04:09'),
(1004, 1004, 7, 'دنباله رودجنوبی', '2020-03-13 02:04:09', '2020-03-13 02:04:09'),
(1005, 1005, 7, 'دنباله رودشمالی', '2020-03-13 02:04:09', '2020-03-13 02:04:09'),
(1007, 1007, 7, 'دهدز', '2020-03-13 02:04:09', '2020-03-13 02:04:09'),
(1008, 1008, 7, 'پیان', '2020-03-13 02:04:09', '2020-03-13 02:04:09'),
(1009, 1009, 7, 'حومه شرقی', '2020-03-13 02:04:09', '2020-03-13 02:04:09'),
(1010, 1010, 7, 'حومه غربی', '2020-03-13 02:04:09', '2020-03-13 02:04:09'),
(1011, 1011, 7, 'مرغا', '2020-03-13 02:04:09', '2020-03-13 02:04:09'),
(1012, 1012, 7, 'هلایجان', '2020-03-13 02:04:09', '2020-03-13 02:04:09'),
(1013, 1013, 7, 'ایذه', '2020-03-13 02:04:09', '2020-03-13 02:04:09'),
(1014, 1014, 7, 'سوسن شرقی', '2020-03-13 02:04:09', '2020-03-13 02:04:09'),
(1015, 1015, 7, 'سوسن غربی', '2020-03-13 02:04:09', '2020-03-13 02:04:09'),
(1017, 1017, 7, 'بندرامام خمینی', '2020-03-13 02:04:09', '2020-03-13 02:04:09'),
(1018, 1018, 7, 'جراحی', '2020-03-13 02:04:09', '2020-03-13 02:04:09'),
(1019, 1019, 7, 'بندرماهشهر', '2020-03-13 02:04:09', '2020-03-13 02:04:09'),
(1020, 1020, 7, 'چمران', '2020-03-13 02:04:09', '2020-03-13 02:04:09'),
(1021, 1021, 7, 'درونک', '2020-03-13 02:04:09', '2020-03-13 02:04:09'),
(1023, 1023, 7, 'سردشت', '2020-03-13 02:04:09', '2020-03-13 02:04:09'),
(1024, 1024, 7, 'حومه', '2020-03-13 02:04:09', '2020-03-13 02:04:09'),
(1025, 1025, 7, 'دودانگه', '2020-03-13 02:04:09', '2020-03-13 02:04:09'),
(1026, 1026, 7, 'بهبهان', '2020-03-13 02:04:09', '2020-03-13 02:04:09'),
(1027, 1027, 7, 'منصوریه', '2020-03-13 02:04:09', '2020-03-13 02:04:09'),
(1028, 1028, 7, 'تشان شرقی', '2020-03-13 02:04:09', '2020-03-13 02:04:09'),
(1029, 1029, 7, 'تشان غربی', '2020-03-13 02:04:09', '2020-03-13 02:04:09'),
(1030, 1030, 7, 'تشان', '2020-03-13 02:04:09', '2020-03-13 02:04:09'),
(1031, 1031, 7, 'حومه شرقی', '2020-03-13 02:04:09', '2020-03-13 02:04:09'),
(1032, 1032, 7, 'حومه غربی', '2020-03-13 02:04:09', '2020-03-13 02:04:09'),
(1033, 1033, 7, 'غرب کارون', '2020-03-13 02:04:09', '2020-03-13 02:04:09'),
(1034, 1034, 7, 'خرمشهر', '2020-03-13 02:04:09', '2020-03-13 02:04:09'),
(1035, 1035, 7, 'مقاومت', '2020-03-13 02:04:09', '2020-03-13 02:04:09'),
(1036, 1036, 7, 'جزیره مینو', '2020-03-13 02:04:09', '2020-03-13 02:04:09'),
(1037, 1037, 7, 'مینوشهر', '2020-03-13 02:04:09', '2020-03-13 02:04:09'),
(1039, 1039, 7, 'ماهوربرنجی', '2020-03-13 02:04:09', '2020-03-13 02:04:09'),
(1040, 1040, 7, 'حمزه', '2020-03-13 02:04:09', '2020-03-13 02:04:09'),
(1041, 1041, 7, 'سالند', '2020-03-13 02:04:09', '2020-03-13 02:04:09'),
(1043, 1043, 7, 'قبله ای', '2020-03-13 02:04:09', '2020-03-13 02:04:09'),
(1044, 1044, 7, 'دزفول', '2020-03-13 02:04:09', '2020-03-13 02:04:09'),
(1047, 1047, 7, 'شمس آباد', '2020-03-13 02:04:09', '2020-03-13 02:04:09'),
(1048, 1048, 7, 'شهر امام', '2020-03-13 02:04:09', '2020-03-13 02:04:09'),
(1049, 1049, 7, 'صفی آباد', '2020-03-13 02:04:09', '2020-03-13 02:04:09'),
(1050, 1050, 7, 'میانرود', '2020-03-13 02:04:09', '2020-03-13 02:04:09'),
(1051, 1051, 7, 'سیاه منصور', '2020-03-13 02:04:09', '2020-03-13 02:04:09'),
(1053, 1053, 7, 'خیبر', '2020-03-13 02:04:09', '2020-03-13 02:04:09'),
(1054, 1054, 7, 'چغامیش', '2020-03-13 02:04:09', '2020-03-13 02:04:09'),
(1055, 1055, 7, 'دره کاید', '2020-03-13 02:04:09', '2020-03-13 02:04:09'),
(1056, 1056, 7, 'احمدفداله', '2020-03-13 02:04:09', '2020-03-13 02:04:09'),
(1057, 1057, 7, 'امامزاده سیدمحمود', '2020-03-13 02:04:09', '2020-03-13 02:04:09'),
(1058, 1058, 7, 'سیدولی الدین', '2020-03-13 02:04:09', '2020-03-13 02:04:09'),
(1059, 1059, 7, 'شهی', '2020-03-13 02:04:09', '2020-03-13 02:04:09'),
(1061, 1061, 7, 'سعیدیه', '2020-03-13 02:04:09', '2020-03-13 02:04:09'),
(1062, 1062, 7, 'بستان', '2020-03-13 02:04:09', '2020-03-13 02:04:09'),
(1063, 1063, 7, 'الله اکبر', '2020-03-13 02:04:09', '2020-03-13 02:04:09'),
(1064, 1064, 7, 'حومه شرقی', '2020-03-13 02:04:09', '2020-03-13 02:04:09'),
(1065, 1065, 7, 'حومه غربی', '2020-03-13 02:04:09', '2020-03-13 02:04:09'),
(1066, 1066, 7, 'سوسنگرد', '2020-03-13 02:04:09', '2020-03-13 02:04:09'),
(1067, 1067, 7, 'کوت سیدنعیم', '2020-03-13 02:04:09', '2020-03-13 02:04:09'),
(1068, 1068, 7, 'ابوحمیظه', '2020-03-13 02:04:09', '2020-03-13 02:04:09'),
(1069, 1069, 7, 'حومه شرقی', '2020-03-13 02:04:09', '2020-03-13 02:04:09'),
(1070, 1070, 7, 'حومه غربی', '2020-03-13 02:04:09', '2020-03-13 02:04:09'),
(1071, 1071, 7, 'رامهرمز', '2020-03-13 02:04:09', '2020-03-13 02:04:09'),
(1072, 1072, 7, 'جره', '2020-03-13 02:04:09', '2020-03-13 02:04:09'),
(1073, 1073, 7, 'ماماتین', '2020-03-13 02:04:09', '2020-03-13 02:04:09'),
(1074, 1074, 7, 'سلطان آباد', '2020-03-13 02:04:09', '2020-03-13 02:04:09'),
(1075, 1075, 7, 'رستم آباد', '2020-03-13 02:04:09', '2020-03-13 02:04:09'),
(1076, 1076, 7, 'ابوالفارس', '2020-03-13 02:04:09', '2020-03-13 02:04:09'),
(1077, 1077, 7, 'سه تلون', '2020-03-13 02:04:09', '2020-03-13 02:04:09'),
(1078, 1078, 7, 'آبشار', '2020-03-13 02:04:09', '2020-03-13 02:04:09'),
(1079, 1079, 7, 'بوزی', '2020-03-13 02:04:09', '2020-03-13 02:04:09'),
(1080, 1080, 7, 'جفال', '2020-03-13 02:04:09', '2020-03-13 02:04:09'),
(1081, 1081, 7, 'حسینی', '2020-03-13 02:04:09', '2020-03-13 02:04:09'),
(1082, 1082, 7, 'شادگان', '2020-03-13 02:04:09', '2020-03-13 02:04:09'),
(1083, 1083, 7, 'سالمی', '2020-03-13 02:04:09', '2020-03-13 02:04:09'),
(1084, 1084, 7, 'ناصری', '2020-03-13 02:04:09', '2020-03-13 02:04:09'),
(1085, 1085, 7, 'خنافره', '2020-03-13 02:04:09', '2020-03-13 02:04:09'),
(1087, 1087, 7, 'دریسیه', '2020-03-13 02:04:09', '2020-03-13 02:04:09'),
(1088, 1088, 7, 'دارخوین', '2020-03-13 02:04:09', '2020-03-13 02:04:09'),
(1089, 1089, 7, 'سردارآباد', '2020-03-13 02:04:09', '2020-03-13 02:04:09'),
(1090, 1090, 7, 'شهیدمدرس', '2020-03-13 02:04:09', '2020-03-13 02:04:09'),
(1091, 1091, 7, 'شوشتر', '2020-03-13 02:04:09', '2020-03-13 02:04:09'),
(1092, 1092, 7, 'شرافت', '2020-03-13 02:04:09', '2020-03-13 02:04:09'),
(1093, 1093, 7, 'سرداران', '2020-03-13 02:04:09', '2020-03-13 02:04:09'),
(1094, 1094, 7, 'شعیبیه شرقی', '2020-03-13 02:04:09', '2020-03-13 02:04:09'),
(1095, 1095, 7, 'شعیبیه غربی', '2020-03-13 02:04:09', '2020-03-13 02:04:09'),
(1096, 1096, 7, 'گوریه', '2020-03-13 02:04:09', '2020-03-13 02:04:09'),
(1097, 1097, 7, 'میان آب جنوبی', '2020-03-13 02:04:09', '2020-03-13 02:04:09'),
(1098, 1098, 7, 'میان آب شمالی', '2020-03-13 02:04:09', '2020-03-13 02:04:09'),
(1099, 1099, 7, 'جهانگیری', '2020-03-13 02:04:09', '2020-03-13 02:04:09'),
(1100, 1100, 7, 'جهانگیری شمالی', '2020-03-13 02:04:09', '2020-03-13 02:04:09'),
(1101, 1101, 7, 'مسجدسلیمان', '2020-03-13 02:04:09', '2020-03-13 02:04:09'),
(1104, 1104, 7, 'تل بزان', '2020-03-13 02:04:09', '2020-03-13 02:04:09'),
(1105, 1105, 7, 'تمبی گلگیر', '2020-03-13 02:04:09', '2020-03-13 02:04:09'),
(1106, 1106, 7, 'گلگیر', '2020-03-13 02:04:09', '2020-03-13 02:04:09'),
(1107, 1107, 7, 'عنبر', '2020-03-13 02:04:09', '2020-03-13 02:04:09'),
(1108, 1108, 7, 'ذیلابی', '2020-03-13 02:04:09', '2020-03-13 02:04:09'),
(1109, 1109, 7, 'آهودشت', '2020-03-13 02:04:09', '2020-03-13 02:04:09'),
(1110, 1110, 7, 'سیدعباس', '2020-03-13 02:04:09', '2020-03-13 02:04:09'),
(1112, 1112, 7, 'شاوور', '2020-03-13 02:04:09', '2020-03-13 02:04:09'),
(1113, 1113, 7, 'الوان', '2020-03-13 02:04:09', '2020-03-13 02:04:09'),
(1114, 1114, 7, 'بن معلی', '2020-03-13 02:04:09', '2020-03-13 02:04:09'),
(1115, 1115, 7, 'حسین آباد', '2020-03-13 02:04:09', '2020-03-13 02:04:09'),
(1116, 1116, 7, 'شوش', '2020-03-13 02:04:09', '2020-03-13 02:04:09'),
(1117, 1117, 7, 'حر', '2020-03-13 02:04:09', '2020-03-13 02:04:09'),
(1118, 1118, 7, 'چنانه', '2020-03-13 02:04:09', '2020-03-13 02:04:09'),
(1119, 1119, 7, 'سرخه', '2020-03-13 02:04:09', '2020-03-13 02:04:09'),
(1120, 1120, 7, 'فتح المبین', '2020-03-13 02:04:09', '2020-03-13 02:04:09'),
(1121, 1121, 7, 'رودزرد', '2020-03-13 02:04:09', '2020-03-13 02:04:09'),
(1123, 1123, 7, 'منگشت', '2020-03-13 02:04:09', '2020-03-13 02:04:09'),
(1124, 1124, 7, 'هپرو', '2020-03-13 02:04:09', '2020-03-13 02:04:09'),
(1125, 1125, 7, 'باغ ملک', '2020-03-13 02:04:09', '2020-03-13 02:04:09'),
(1126, 1126, 7, 'قلعه تل', '2020-03-13 02:04:09', '2020-03-13 02:04:09'),
(1127, 1127, 7, 'صیدون جنوبی', '2020-03-13 02:04:09', '2020-03-13 02:04:09'),
(1128, 1128, 7, 'صیدون شمالی', '2020-03-13 02:04:09', '2020-03-13 02:04:09'),
(1129, 1129, 7, 'صیدون', '2020-03-13 02:04:09', '2020-03-13 02:04:09'),
(1130, 1130, 7, 'سرله', '2020-03-13 02:04:09', '2020-03-13 02:04:09'),
(1132, 1132, 7, 'میداود', '2020-03-13 02:04:09', '2020-03-13 02:04:09'),
(1134, 1134, 7, 'جایزان', '2020-03-13 02:04:09', '2020-03-13 02:04:09'),
(1135, 1135, 7, 'آسیاب', '2020-03-13 02:04:09', '2020-03-13 02:04:09'),
(1136, 1136, 7, 'چاه سالم', '2020-03-13 02:04:09', '2020-03-13 02:04:09'),
(1137, 1137, 7, 'امیدیه', '2020-03-13 02:04:09', '2020-03-13 02:04:09'),
(1138, 1138, 7, 'دشت لالی', '2020-03-13 02:04:09', '2020-03-13 02:04:09'),
(1139, 1139, 7, 'سادات', '2020-03-13 02:04:09', '2020-03-13 02:04:09'),
(1140, 1140, 7, 'لالی', '2020-03-13 02:04:09', '2020-03-13 02:04:09'),
(1141, 1141, 7, 'جاستون شهه', '2020-03-13 02:04:09', '2020-03-13 02:04:09'),
(1142, 1142, 7, 'حتی', '2020-03-13 02:04:09', '2020-03-13 02:04:09'),
(1143, 1143, 7, 'هندیجان شرقی', '2020-03-13 02:04:09', '2020-03-13 02:04:09'),
(1144, 1144, 7, 'هندیجان غربی', '2020-03-13 02:04:09', '2020-03-13 02:04:09'),
(1145, 1145, 7, 'هندیجان', '2020-03-13 02:04:09', '2020-03-13 02:04:09'),
(1146, 1146, 7, 'چم خلف عیسی', '2020-03-13 02:04:09', '2020-03-13 02:04:09'),
(1147, 1147, 7, 'سورین', '2020-03-13 02:04:09', '2020-03-13 02:04:09'),
(1148, 1148, 7, 'زهره', '2020-03-13 02:04:09', '2020-03-13 02:04:09'),
(1149, 1149, 7, 'عبدلیه شرقی', '2020-03-13 02:04:09', '2020-03-13 02:04:09'),
(1150, 1150, 7, 'عبدلیه غربی', '2020-03-13 02:04:09', '2020-03-13 02:04:09'),
(1151, 1151, 7, 'رامشیر', '2020-03-13 02:04:09', '2020-03-13 02:04:09'),
(1152, 1152, 7, 'آزاده', '2020-03-13 02:04:09', '2020-03-13 02:04:09'),
(1154, 1154, 7, 'مشراگه', '2020-03-13 02:04:09', '2020-03-13 02:04:09'),
(1155, 1155, 7, 'عقیلی جنوبی', '2020-03-13 02:04:09', '2020-03-13 02:04:09'),
(1156, 1156, 7, 'عقیلی شمالی', '2020-03-13 02:04:09', '2020-03-13 02:04:09'),
(1157, 1157, 7, 'ترکالکی', '2020-03-13 02:04:09', '2020-03-13 02:04:09'),
(1158, 1158, 7, 'سماله', '2020-03-13 02:04:09', '2020-03-13 02:04:09'),
(1160, 1160, 7, 'کیارس', '2020-03-13 02:04:09', '2020-03-13 02:04:09'),
(1161, 1161, 7, 'گتوند', '2020-03-13 02:04:09', '2020-03-13 02:04:09'),
(1162, 1162, 7, 'صالح شهر', '2020-03-13 02:04:09', '2020-03-13 02:04:09'),
(1163, 1163, 7, 'جنت مکان', '2020-03-13 02:04:09', '2020-03-13 02:04:09'),
(1165, 1165, 7, 'کوشک', '2020-03-13 02:04:09', '2020-03-13 02:04:09'),
(1166, 1166, 7, 'آبژدان', '2020-03-13 02:04:09', '2020-03-13 02:04:09'),
(1167, 1167, 7, 'چلو', '2020-03-13 02:04:09', '2020-03-13 02:04:09'),
(1168, 1168, 7, 'للر کتک', '2020-03-13 02:04:09', '2020-03-13 02:04:09'),
(1169, 1169, 7, 'شلال و دشتگل', '2020-03-13 02:04:09', '2020-03-13 02:04:09'),
(1171, 1171, 7, 'قلعه خواجه', '2020-03-13 02:04:09', '2020-03-13 02:04:09'),
(1172, 1172, 7, 'رغیوه', '2020-03-13 02:04:09', '2020-03-13 02:04:09'),
(1173, 1173, 7, 'گزین', '2020-03-13 02:04:09', '2020-03-13 02:04:09'),
(1174, 1174, 7, 'حومه', '2020-03-13 02:04:09', '2020-03-13 02:04:09'),
(1175, 1175, 7, 'هفتگل', '2020-03-13 02:04:09', '2020-03-13 02:04:09'),
(1176, 1176, 7, 'بنی صالح', '2020-03-13 02:04:09', '2020-03-13 02:04:09'),
(1177, 1177, 7, 'نیسان', '2020-03-13 02:04:09', '2020-03-13 02:04:09'),
(1178, 1178, 7, 'رفیع', '2020-03-13 02:04:09', '2020-03-13 02:04:09'),
(1179, 1179, 7, 'هویزه شمالی', '2020-03-13 02:04:09', '2020-03-13 02:04:09'),
(1180, 1180, 7, 'هویزه جنوبی', '2020-03-13 02:04:09', '2020-03-13 02:04:09'),
(1181, 1181, 7, 'هویزه', '2020-03-13 02:04:09', '2020-03-13 02:04:09'),
(1183, 1183, 7, 'عناقچه', '2020-03-13 02:04:09', '2020-03-13 02:04:09'),
(1184, 1184, 7, 'ملاثانی', '2020-03-13 02:04:09', '2020-03-13 02:04:09'),
(1186, 1186, 7, 'زرگان', '2020-03-13 02:04:09', '2020-03-13 02:04:09'),
(1187, 1187, 7, 'ویس', '2020-03-13 02:04:09', '2020-03-13 02:04:09'),
(1188, 1188, 7, 'شیبان', '2020-03-13 02:04:09', '2020-03-13 02:04:09'),
(1189, 1189, 7, 'کرخه', '2020-03-13 02:04:09', '2020-03-13 02:04:09'),
(1190, 1190, 7, 'دهکده', '2020-03-13 02:04:09', '2020-03-13 02:04:09'),
(1191, 1191, 7, 'حمیدیه', '2020-03-13 02:04:09', '2020-03-13 02:04:09'),
(1192, 1192, 7, 'طراح', '2020-03-13 02:04:09', '2020-03-13 02:04:09'),
(1193, 1193, 7, 'جهاد', '2020-03-13 02:04:09', '2020-03-13 02:04:09'),
(1195, 1195, 7, 'آغاجاری', '2020-03-13 02:04:09', '2020-03-13 02:04:09'),
(1196, 1196, 7, 'سرجولکی', '2020-03-13 02:04:09', '2020-03-13 02:04:09'),
(1197, 1197, 7, 'آب باران', '2020-03-13 02:04:09', '2020-03-13 02:04:09'),
(1198, 1198, 7, 'کوت عبدالله', '2020-03-13 02:04:09', '2020-03-13 02:04:09'),
(1199, 1199, 7, 'قلعه چنعان', '2020-03-13 02:04:09', '2020-03-13 02:04:09'),
(1200, 1200, 7, 'کوت عبداله', '2020-03-13 02:04:09', '2020-03-13 02:04:09'),
(1201, 1201, 7, 'سویسه', '2020-03-13 02:04:09', '2020-03-13 02:04:09'),
(1202, 1202, 7, 'موران', '2020-03-13 02:04:09', '2020-03-13 02:04:09'),
(1205, 1205, 8, 'بیدک', '2020-03-13 02:04:09', '2020-03-13 02:04:09'),
(1207, 1207, 8, 'خسروشیرین', '2020-03-13 02:04:09', '2020-03-13 02:04:09'),
(1208, 1208, 8, 'آباده', '2020-03-13 02:04:09', '2020-03-13 02:04:09'),
(1209, 1209, 8, 'صغاد', '2020-03-13 02:04:09', '2020-03-13 02:04:09'),
(1210, 1210, 8, 'بهمن', '2020-03-13 02:04:09', '2020-03-13 02:04:09'),
(1211, 1211, 8, 'ایزدخواست', '2020-03-13 02:04:09', '2020-03-13 02:04:09'),
(1212, 1212, 8, 'سورمق', '2020-03-13 02:04:09', '2020-03-13 02:04:09'),
(1213, 1213, 8, 'خیر', '2020-03-13 02:04:09', '2020-03-13 02:04:09'),
(1215, 1215, 8, 'رونیز', '2020-03-13 02:04:09', '2020-03-13 02:04:09'),
(1217, 1217, 8, 'استهبان', '2020-03-13 02:04:09', '2020-03-13 02:04:09'),
(1218, 1218, 8, 'ایج', '2020-03-13 02:04:09', '2020-03-13 02:04:09'),
(1219, 1219, 8, 'آسپاس', '2020-03-13 02:04:09', '2020-03-13 02:04:09'),
(1222, 1222, 8, 'دژکرد', '2020-03-13 02:04:09', '2020-03-13 02:04:09'),
(1223, 1223, 8, 'سده', '2020-03-13 02:04:09', '2020-03-13 02:04:09'),
(1224, 1224, 8, 'خنجشت', '2020-03-13 02:04:09', '2020-03-13 02:04:09'),
(1225, 1225, 8, 'شهرمیان', '2020-03-13 02:04:09', '2020-03-13 02:04:09'),
(1226, 1226, 8, 'اقلید', '2020-03-13 02:04:09', '2020-03-13 02:04:09'),
(1227, 1227, 8, 'احمدآباد', '2020-03-13 02:04:09', '2020-03-13 02:04:09'),
(1228, 1228, 8, 'حسن آباد', '2020-03-13 02:04:09', '2020-03-13 02:04:09'),
(1229, 1229, 8, 'بکان', '2020-03-13 02:04:09', '2020-03-13 02:04:09'),
(1230, 1230, 8, 'حسن اباد', '2020-03-13 02:04:09', '2020-03-13 02:04:09'),
(1231, 1231, 8, 'خفر', '2020-03-13 02:04:09', '2020-03-13 02:04:09'),
(1232, 1232, 8, 'راهگان', '2020-03-13 02:04:09', '2020-03-13 02:04:09'),
(1233, 1233, 8, 'سفیدار', '2020-03-13 02:04:09', '2020-03-13 02:04:09'),
(1234, 1234, 8, 'علی آباد', '2020-03-13 02:04:09', '2020-03-13 02:04:09'),
(1235, 1235, 8, 'گل برنجی', '2020-03-13 02:04:09', '2020-03-13 02:04:09'),
(1236, 1236, 8, 'خاوران', '2020-03-13 02:04:09', '2020-03-13 02:04:09'),
(1237, 1237, 8, 'باب انار', '2020-03-13 02:04:09', '2020-03-13 02:04:09'),
(1238, 1238, 8, 'پشت پر', '2020-03-13 02:04:09', '2020-03-13 02:04:09'),
(1239, 1239, 8, 'پل به بالا', '2020-03-13 02:04:09', '2020-03-13 02:04:09'),
(1240, 1240, 8, 'پل به پایین', '2020-03-13 02:04:09', '2020-03-13 02:04:09'),
(1241, 1241, 8, 'دوزه', '2020-03-13 02:04:09', '2020-03-13 02:04:09'),
(1242, 1242, 8, 'علویه', '2020-03-13 02:04:09', '2020-03-13 02:04:09'),
(1244, 1244, 8, 'قطب آباد', '2020-03-13 02:04:09', '2020-03-13 02:04:09'),
(1245, 1245, 8, 'جلگاه', '2020-03-13 02:04:09', '2020-03-13 02:04:09'),
(1246, 1246, 8, 'کوهک', '2020-03-13 02:04:09', '2020-03-13 02:04:09'),
(1247, 1247, 8, 'جهرم', '2020-03-13 02:04:09', '2020-03-13 02:04:09'),
(1248, 1248, 8, 'رستاق', '2020-03-13 02:04:09', '2020-03-13 02:04:09'),
(1249, 1249, 8, 'کوهستان', '2020-03-13 02:04:09', '2020-03-13 02:04:09'),
(1250, 1250, 8, 'بالش', '2020-03-13 02:04:09', '2020-03-13 02:04:09'),
(1251, 1251, 8, 'پاسخن', '2020-03-13 02:04:09', '2020-03-13 02:04:09'),
(1252, 1252, 8, 'بختاجرد', '2020-03-13 02:04:09', '2020-03-13 02:04:09'),
(1253, 1253, 8, 'فسارود', '2020-03-13 02:04:09', '2020-03-13 02:04:09'),
(1254, 1254, 8, 'نصروان', '2020-03-13 02:04:09', '2020-03-13 02:04:09'),
(1255, 1255, 8, 'هشیوار', '2020-03-13 02:04:09', '2020-03-13 02:04:09'),
(1256, 1256, 8, 'داراب', '2020-03-13 02:04:09', '2020-03-13 02:04:09'),
(1257, 1257, 8, 'آبشور', '2020-03-13 02:04:09', '2020-03-13 02:04:09'),
(1258, 1258, 8, 'فورگ', '2020-03-13 02:04:09', '2020-03-13 02:04:09'),
(1259, 1259, 8, 'فدامی', '2020-03-13 02:04:09', '2020-03-13 02:04:09'),
(1260, 1260, 8, 'دوبرجی', '2020-03-13 02:04:09', '2020-03-13 02:04:09'),
(1261, 1261, 8, 'قلعه بیابان', '2020-03-13 02:04:09', '2020-03-13 02:04:09'),
(1262, 1262, 8, 'قریه الخیر', '2020-03-13 02:04:09', '2020-03-13 02:04:09'),
(1263, 1263, 8, 'جنت شهر', '2020-03-13 02:04:09', '2020-03-13 02:04:09'),
(1264, 1264, 8, 'بانش', '2020-03-13 02:04:09', '2020-03-13 02:04:09'),
(1266, 1266, 8, 'کوشک هزار', '2020-03-13 02:04:09', '2020-03-13 02:04:09'),
(1267, 1267, 8, 'بیضا', '2020-03-13 02:04:09', '2020-03-13 02:04:09'),
(1268, 1268, 8, 'خفری', '2020-03-13 02:04:09', '2020-03-13 02:04:09'),
(1269, 1269, 8, 'کمهر', '2020-03-13 02:04:09', '2020-03-13 02:04:09'),
(1270, 1270, 8, 'شش پیر', '2020-03-13 02:04:09', '2020-03-13 02:04:09'),
(1271, 1271, 8, 'اردکان', '2020-03-13 02:04:09', '2020-03-13 02:04:09'),
(1272, 1272, 8, 'سرناباد', '2020-03-13 02:04:09', '2020-03-13 02:04:09'),
(1273, 1273, 8, 'همایجان', '2020-03-13 02:04:09', '2020-03-13 02:04:09'),
(1274, 1274, 8, 'هماشهر', '2020-03-13 02:04:09', '2020-03-13 02:04:09'),
(1275, 1275, 8, 'بندامیر', '2020-03-13 02:04:09', '2020-03-13 02:04:09'),
(1277, 1277, 8, 'رحمت آباد', '2020-03-13 02:04:09', '2020-03-13 02:04:09'),
(1278, 1278, 8, 'زرقان', '2020-03-13 02:04:09', '2020-03-13 02:04:09'),
(1279, 1279, 8, 'لپویی', '2020-03-13 02:04:09', '2020-03-13 02:04:09'),
(1280, 1280, 8, 'بیدزرد', '2020-03-13 02:04:09', '2020-03-13 02:04:09'),
(1282, 1282, 8, 'دراک', '2020-03-13 02:04:09', '2020-03-13 02:04:09'),
(1283, 1283, 8, 'سیاخ دارنگون', '2020-03-13 02:04:09', '2020-03-13 02:04:09'),
(1284, 1284, 8, 'قره باغ', '2020-03-13 02:04:09', '2020-03-13 02:04:09'),
(1285, 1285, 8, 'کفترک', '2020-03-13 02:04:09', '2020-03-13 02:04:09'),
(1286, 1286, 8, 'شیراز', '2020-03-13 02:04:09', '2020-03-13 02:04:09'),
(1293, 1293, 8, 'شهرصدرا', '2020-03-13 02:04:09', '2020-03-13 02:04:09'),
(1294, 1294, 8, 'داریان', '2020-03-13 02:04:09', '2020-03-13 02:04:09'),
(1298, 1298, 8, 'دشت ارژن', '2020-03-13 02:04:09', '2020-03-13 02:04:09'),
(1299, 1299, 8, 'قره چمن', '2020-03-13 02:04:09', '2020-03-13 02:04:09'),
(1300, 1300, 8, 'کوه مره سرخی', '2020-03-13 02:04:09', '2020-03-13 02:04:09'),
(1301, 1301, 8, 'خانه زنیان', '2020-03-13 02:04:09', '2020-03-13 02:04:09'),
(1304, 1304, 8, 'ششده', '2020-03-13 02:04:09', '2020-03-13 02:04:09'),
(1305, 1305, 8, 'قره بلاغ', '2020-03-13 02:04:09', '2020-03-13 02:04:09'),
(1306, 1306, 8, 'فدشکوییه', '2020-03-13 02:04:09', '2020-03-13 02:04:09'),
(1307, 1307, 8, 'میانده', '2020-03-13 02:04:09', '2020-03-13 02:04:09'),
(1308, 1308, 8, 'زاهدشهر', '2020-03-13 02:04:09', '2020-03-13 02:04:09'),
(1309, 1309, 8, 'میانشهر', '2020-03-13 02:04:09', '2020-03-13 02:04:09'),
(1310, 1310, 8, 'جنگل', '2020-03-13 02:04:09', '2020-03-13 02:04:09'),
(1311, 1311, 8, 'صحرارود', '2020-03-13 02:04:09', '2020-03-13 02:04:09'),
(1312, 1312, 8, 'کوشک قاضی', '2020-03-13 02:04:09', '2020-03-13 02:04:09'),
(1313, 1313, 8, 'فسا', '2020-03-13 02:04:09', '2020-03-13 02:04:09'),
(1315, 1315, 8, 'نوبندگان', '2020-03-13 02:04:09', '2020-03-13 02:04:09'),
(1316, 1316, 8, 'احمدآباد', '2020-03-13 02:04:09', '2020-03-13 02:04:09'),
(1317, 1317, 8, 'جایدشت', '2020-03-13 02:04:09', '2020-03-13 02:04:09'),
(1318, 1318, 8, 'فیروزآباد', '2020-03-13 02:04:09', '2020-03-13 02:04:09'),
(1319, 1319, 8, 'پرزیتون', '2020-03-13 02:04:09', '2020-03-13 02:04:09'),
(1320, 1320, 8, 'خواجه ای', '2020-03-13 02:04:09', '2020-03-13 02:04:09'),
(1321, 1321, 8, 'دادنجان', '2020-03-13 02:04:09', '2020-03-13 02:04:09'),
(1322, 1322, 8, 'میمند', '2020-03-13 02:04:09', '2020-03-13 02:04:09'),
(1323, 1323, 8, 'جره', '2020-03-13 02:04:09', '2020-03-13 02:04:09'),
(1324, 1324, 8, 'دادین', '2020-03-13 02:04:09', '2020-03-13 02:04:09'),
(1325, 1325, 8, 'فامور', '2020-03-13 02:04:09', '2020-03-13 02:04:09'),
(1326, 1326, 8, 'بالاده', '2020-03-13 02:04:09', '2020-03-13 02:04:09'),
(1327, 1327, 8, 'کنار تخته', '2020-03-13 02:04:09', '2020-03-13 02:04:09'),
(1328, 1328, 8, 'کمارج', '2020-03-13 02:04:09', '2020-03-13 02:04:09'),
(1329, 1329, 8, 'کنارتخته', '2020-03-13 02:04:09', '2020-03-13 02:04:09'),
(1330, 1330, 8, 'دشت برم', '2020-03-13 02:04:09', '2020-03-13 02:04:09'),
(1331, 1331, 8, 'کوهمره', '2020-03-13 02:04:09', '2020-03-13 02:04:09'),
(1332, 1332, 8, 'نودان', '2020-03-13 02:04:09', '2020-03-13 02:04:09'),
(1333, 1333, 8, 'بلیان', '2020-03-13 02:04:09', '2020-03-13 02:04:09'),
(1334, 1334, 8, 'دریس', '2020-03-13 02:04:09', '2020-03-13 02:04:09'),
(1335, 1335, 8, 'شاپور', '2020-03-13 02:04:09', '2020-03-13 02:04:09'),
(1336, 1336, 8, 'کازرون', '2020-03-13 02:04:09', '2020-03-13 02:04:09'),
(1337, 1337, 8, 'انارستان', '2020-03-13 02:04:09', '2020-03-13 02:04:09'),
(1338, 1338, 8, 'سمقان', '2020-03-13 02:04:09', '2020-03-13 02:04:09'),
(1339, 1339, 8, 'قایمیه', '2020-03-13 02:04:09', '2020-03-13 02:04:09'),
(1340, 1340, 8, 'امامزاده محمد', '2020-03-13 02:04:09', '2020-03-13 02:04:09'),
(1341, 1341, 8, 'بورکی', '2020-03-13 02:04:09', '2020-03-13 02:04:09'),
(1342, 1342, 8, 'خشت', '2020-03-13 02:04:09', '2020-03-13 02:04:09'),
(1343, 1343, 8, 'بیدشهر', '2020-03-13 02:04:09', '2020-03-13 02:04:09'),
(1344, 1344, 8, 'فیشور', '2020-03-13 02:04:09', '2020-03-13 02:04:09'),
(1345, 1345, 8, 'اوز', '2020-03-13 02:04:09', '2020-03-13 02:04:09'),
(1347, 1347, 8, 'هرم', '2020-03-13 02:04:09', '2020-03-13 02:04:09'),
(1348, 1348, 8, 'جویم', '2020-03-13 02:04:09', '2020-03-13 02:04:09'),
(1349, 1349, 8, 'حومه', '2020-03-13 02:04:09', '2020-03-13 02:04:09'),
(1350, 1350, 8, 'درزوسابیان', '2020-03-13 02:04:09', '2020-03-13 02:04:09'),
(1351, 1351, 8, 'دهکویه', '2020-03-13 02:04:09', '2020-03-13 02:04:09'),
(1352, 1352, 8, 'لار', '2020-03-13 02:04:09', '2020-03-13 02:04:09'),
(1353, 1353, 8, 'لطیفی', '2020-03-13 02:04:09', '2020-03-13 02:04:09'),
(1354, 1354, 8, 'خور', '2020-03-13 02:04:09', '2020-03-13 02:04:09'),
(1357, 1357, 8, 'بیرم', '2020-03-13 02:04:09', '2020-03-13 02:04:09'),
(1359, 1359, 8, 'ده فیش', '2020-03-13 02:04:09', '2020-03-13 02:04:09'),
(1360, 1360, 8, 'بنارویه', '2020-03-13 02:04:09', '2020-03-13 02:04:09'),
(1361, 1361, 8, 'صحرای باغ', '2020-03-13 02:04:09', '2020-03-13 02:04:09'),
(1363, 1363, 8, 'عمادده', '2020-03-13 02:04:09', '2020-03-13 02:04:09'),
(1364, 1364, 8, 'خرم مکان', '2020-03-13 02:04:09', '2020-03-13 02:04:09'),
(1365, 1365, 8, 'کامفیروزجنوبی', '2020-03-13 02:04:09', '2020-03-13 02:04:09'),
(1366, 1366, 8, 'کامفیروز', '2020-03-13 02:04:09', '2020-03-13 02:04:09'),
(1367, 1367, 8, 'رامجردیک', '2020-03-13 02:04:09', '2020-03-13 02:04:09'),
(1368, 1368, 8, 'رودبال', '2020-03-13 02:04:09', '2020-03-13 02:04:09'),
(1369, 1369, 8, 'کناره', '2020-03-13 02:04:09', '2020-03-13 02:04:09'),
(1370, 1370, 8, 'مجدآباد', '2020-03-13 02:04:09', '2020-03-13 02:04:09'),
(1371, 1371, 8, 'محمدآباد', '2020-03-13 02:04:09', '2020-03-13 02:04:09'),
(1372, 1372, 8, 'نقش رستم', '2020-03-13 02:04:09', '2020-03-13 02:04:09'),
(1373, 1373, 8, 'مرودشت', '2020-03-13 02:04:09', '2020-03-13 02:04:09'),
(1374, 1374, 8, 'ابرج', '2020-03-13 02:04:09', '2020-03-13 02:04:09'),
(1375, 1375, 8, 'درودزن', '2020-03-13 02:04:09', '2020-03-13 02:04:09'),
(1376, 1376, 8, 'رامجرددو', '2020-03-13 02:04:09', '2020-03-13 02:04:09'),
(1377, 1377, 8, 'رامجرد', '2020-03-13 02:04:09', '2020-03-13 02:04:09'),
(1378, 1378, 8, 'خفرک علیا', '2020-03-13 02:04:09', '2020-03-13 02:04:09'),
(1379, 1379, 8, 'رحمت', '2020-03-13 02:04:09', '2020-03-13 02:04:09'),
(1380, 1380, 8, 'سیدان', '2020-03-13 02:04:09', '2020-03-13 02:04:09'),
(1381, 1381, 8, 'گرمه', '2020-03-13 02:04:09', '2020-03-13 02:04:09'),
(1382, 1382, 8, 'کامفیروزشمالی', '2020-03-13 02:04:09', '2020-03-13 02:04:09'),
(1383, 1383, 8, 'خانیمن', '2020-03-13 02:04:09', '2020-03-13 02:04:09'),
(1384, 1384, 8, 'ماهور', '2020-03-13 02:04:09', '2020-03-13 02:04:09'),
(1385, 1385, 8, 'میشان', '2020-03-13 02:04:09', '2020-03-13 02:04:09'),
(1386, 1386, 8, 'بابامنیر', '2020-03-13 02:04:09', '2020-03-13 02:04:09'),
(1387, 1387, 8, 'بکش دو', '2020-03-13 02:04:09', '2020-03-13 02:04:09'),
(1388, 1388, 8, 'بکش یک', '2020-03-13 02:04:09', '2020-03-13 02:04:09'),
(1389, 1389, 8, 'جاویدماهوری', '2020-03-13 02:04:09', '2020-03-13 02:04:09'),
(1390, 1390, 8, 'جوزار', '2020-03-13 02:04:09', '2020-03-13 02:04:09'),
(1391, 1391, 8, 'فهلیان', '2020-03-13 02:04:09', '2020-03-13 02:04:09'),
(1392, 1392, 8, 'نورآباد', '2020-03-13 02:04:09', '2020-03-13 02:04:09'),
(1393, 1393, 8, 'خومه زار', '2020-03-13 02:04:09', '2020-03-13 02:04:09'),
(1394, 1394, 8, 'دشمن زیاری', '2020-03-13 02:04:09', '2020-03-13 02:04:09'),
(1395, 1395, 8, 'مشایخ', '2020-03-13 02:04:09', '2020-03-13 02:04:09'),
(1397, 1397, 8, 'بختگان', '2020-03-13 02:04:09', '2020-03-13 02:04:09'),
(1398, 1398, 8, 'حناء', '2020-03-13 02:04:09', '2020-03-13 02:04:09'),
(1399, 1399, 8, 'آباده طشک', '2020-03-13 02:04:09', '2020-03-13 02:04:09'),
(1400, 1400, 8, 'ده چاه', '2020-03-13 02:04:09', '2020-03-13 02:04:09'),
(1402, 1402, 8, 'مشکان', '2020-03-13 02:04:09', '2020-03-13 02:04:09'),
(1403, 1403, 8, 'رستاق', '2020-03-13 02:04:09', '2020-03-13 02:04:09'),
(1404, 1404, 8, 'هرگان', '2020-03-13 02:04:09', '2020-03-13 02:04:09'),
(1405, 1405, 8, 'نی ریز', '2020-03-13 02:04:09', '2020-03-13 02:04:09'),
(1406, 1406, 8, 'ریزآب', '2020-03-13 02:04:09', '2020-03-13 02:04:09'),
(1408, 1408, 8, 'قطرویه', '2020-03-13 02:04:09', '2020-03-13 02:04:09'),
(1409, 1409, 8, 'حومه', '2020-03-13 02:04:09', '2020-03-13 02:04:09'),
(1410, 1410, 8, 'سیگار', '2020-03-13 02:04:09', '2020-03-13 02:04:09'),
(1411, 1411, 8, 'لامرد', '2020-03-13 02:04:09', '2020-03-13 02:04:09'),
(1413, 1413, 8, 'کال', '2020-03-13 02:04:09', '2020-03-13 02:04:09'),
(1414, 1414, 8, 'اشکنان', '2020-03-13 02:04:09', '2020-03-13 02:04:09'),
(1415, 1415, 8, 'اهل', '2020-03-13 02:04:09', '2020-03-13 02:04:09'),
(1416, 1416, 8, 'خیرگو', '2020-03-13 02:04:09', '2020-03-13 02:04:09'),
(1418, 1418, 8, 'علامرودشت', '2020-03-13 02:04:09', '2020-03-13 02:04:09'),
(1419, 1419, 8, 'چاه ورز', '2020-03-13 02:04:09', '2020-03-13 02:04:09'),
(1420, 1420, 8, 'شیخ عامر', '2020-03-13 02:04:09', '2020-03-13 02:04:09'),
(1421, 1421, 8, 'باغ صفا', '2020-03-13 02:04:09', '2020-03-13 02:04:09'),
(1422, 1422, 8, 'توجردی', '2020-03-13 02:04:09', '2020-03-13 02:04:09'),
(1423, 1423, 8, 'سرچهان', '2020-03-13 02:04:09', '2020-03-13 02:04:09'),
(1424, 1424, 8, 'حسامی', '2020-03-13 02:04:09', '2020-03-13 02:04:09'),
(1425, 1425, 8, 'کره ای', '2020-03-13 02:04:09', '2020-03-13 02:04:09'),
(1426, 1426, 8, 'باغستان', '2020-03-13 02:04:09', '2020-03-13 02:04:09'),
(1427, 1427, 8, 'سیمکان', '2020-03-13 02:04:09', '2020-03-13 02:04:09'),
(1428, 1428, 8, 'بوانات', '2020-03-13 02:04:09', '2020-03-13 02:04:09'),
(1431, 1431, 8, 'مزایجان', '2020-03-13 02:04:09', '2020-03-13 02:04:09'),
(1432, 1432, 8, 'خبریز', '2020-03-13 02:04:09', '2020-03-13 02:04:09'),
(1433, 1433, 8, 'شورآب', '2020-03-13 02:04:09', '2020-03-13 02:04:09'),
(1434, 1434, 8, 'علی آبادملک', '2020-03-13 02:04:09', '2020-03-13 02:04:09'),
(1435, 1435, 8, 'ارسنجان', '2020-03-13 02:04:09', '2020-03-13 02:04:09'),
(1436, 1436, 8, 'شهیدآباد', '2020-03-13 02:04:09', '2020-03-13 02:04:09'),
(1437, 1437, 8, 'قادراباد', '2020-03-13 02:04:09', '2020-03-13 02:04:09'),
(1438, 1438, 8, 'خرمی', '2020-03-13 02:04:09', '2020-03-13 02:04:09'),
(1439, 1439, 8, 'قشلاق', '2020-03-13 02:04:09', '2020-03-13 02:04:09'),
(1440, 1440, 8, 'صفاشهر', '2020-03-13 02:04:09', '2020-03-13 02:04:09'),
(1441, 1441, 8, 'ایزدخواست شرقی', '2020-03-13 02:04:09', '2020-03-13 02:04:09'),
(1442, 1442, 8, 'ایزدخواست غربی', '2020-03-13 02:04:09', '2020-03-13 02:04:09'),
(1443, 1443, 8, 'شهرپیر', '2020-03-13 02:04:09', '2020-03-13 02:04:09'),
(1444, 1444, 8, 'خسویه', '2020-03-13 02:04:09', '2020-03-13 02:04:09'),
(1446, 1446, 8, 'زیرآب', '2020-03-13 02:04:09', '2020-03-13 02:04:09'),
(1447, 1447, 8, 'حاجی آباد', '2020-03-13 02:04:09', '2020-03-13 02:04:09'),
(1448, 1448, 8, 'دبیران', '2020-03-13 02:04:09', '2020-03-13 02:04:09'),
(1450, 1450, 8, 'زاخرویه', '2020-03-13 02:04:09', '2020-03-13 02:04:09'),
(1451, 1451, 8, 'افزر', '2020-03-13 02:04:09', '2020-03-13 02:04:09'),
(1452, 1452, 8, 'فتح آباد', '2020-03-13 02:04:09', '2020-03-13 02:04:09'),
(1453, 1453, 8, 'مبارک آباد', '2020-03-13 02:04:09', '2020-03-13 02:04:09'),
(1454, 1454, 8, 'هنگام', '2020-03-13 02:04:09', '2020-03-13 02:04:09'),
(1455, 1455, 8, 'قیر', '2020-03-13 02:04:09', '2020-03-13 02:04:09'),
(1456, 1456, 8, 'امام شهر', '2020-03-13 02:04:09', '2020-03-13 02:04:09'),
(1457, 1457, 8, 'مبارک آباددیز', '2020-03-13 02:04:09', '2020-03-13 02:04:09'),
(1458, 1458, 8, 'کارزین (فتح آباد)', '2020-03-13 02:04:09', '2020-03-13 02:04:09'),
(1460, 1460, 8, 'فال', '2020-03-13 02:04:09', '2020-03-13 02:04:09'),
(1461, 1461, 8, 'گله دار', '2020-03-13 02:04:09', '2020-03-13 02:04:09'),
(1463, 1463, 8, 'ارودان', '2020-03-13 02:04:09', '2020-03-13 02:04:09'),
(1464, 1464, 8, 'مهر', '2020-03-13 02:04:09', '2020-03-13 02:04:09'),
(1467, 1467, 8, 'وراوی', '2020-03-13 02:04:09', '2020-03-13 02:04:09'),
(1468, 1468, 8, 'خوزی', '2020-03-13 02:04:09', '2020-03-13 02:04:09'),
(1470, 1470, 8, 'دشت لاله', '2020-03-13 02:04:09', '2020-03-13 02:04:09'),
(1471, 1471, 8, 'اسیر', '2020-03-13 02:04:09', '2020-03-13 02:04:09'),
(1472, 1472, 8, 'آویز', '2020-03-13 02:04:09', '2020-03-13 02:04:09'),
(1474, 1474, 8, 'فراشبند', '2020-03-13 02:04:09', '2020-03-13 02:04:09'),
(1475, 1475, 8, 'نوجین', '2020-03-13 02:04:09', '2020-03-13 02:04:09'),
(1477, 1477, 8, 'دژگاه', '2020-03-13 02:04:09', '2020-03-13 02:04:09'),
(1478, 1478, 8, 'دهرم', '2020-03-13 02:04:09', '2020-03-13 02:04:09'),
(1479, 1479, 8, 'سرپنیران', '2020-03-13 02:04:09', '2020-03-13 02:04:09'),
(1480, 1480, 8, 'کمین', '2020-03-13 02:04:09', '2020-03-13 02:04:09'),
(1481, 1481, 8, 'سعادت شهر', '2020-03-13 02:04:09', '2020-03-13 02:04:09'),
(1482, 1482, 8, 'ابوالوردی', '2020-03-13 02:04:09', '2020-03-13 02:04:09'),
(1484, 1484, 8, 'مادرسلیمان', '2020-03-13 02:04:09', '2020-03-13 02:04:09'),
(1485, 1485, 8, 'باغان', '2020-03-13 02:04:09', '2020-03-13 02:04:09'),
(1486, 1486, 8, 'محمله', '2020-03-13 02:04:09', '2020-03-13 02:04:09'),
(1487, 1487, 8, 'تنگ نارک', '2020-03-13 02:04:09', '2020-03-13 02:04:09'),
(1488, 1488, 8, 'سیف آباد', '2020-03-13 02:04:09', '2020-03-13 02:04:09'),
(1489, 1489, 8, 'خنج', '2020-03-13 02:04:09', '2020-03-13 02:04:09'),
(1491, 1491, 8, 'مهارلو', '2020-03-13 02:04:09', '2020-03-13 02:04:09'),
(1492, 1492, 8, 'کوهنجان', '2020-03-13 02:04:09', '2020-03-13 02:04:09'),
(1494, 1494, 8, 'شوریچه', '2020-03-13 02:04:09', '2020-03-13 02:04:09'),
(1495, 1495, 8, 'سروستان', '2020-03-13 02:04:09', '2020-03-13 02:04:09'),
(1496, 1496, 8, 'رستم سه', '2020-03-13 02:04:09', '2020-03-13 02:04:09'),
(1497, 1497, 8, 'پشتکوه رستم', '2020-03-13 02:04:09', '2020-03-13 02:04:09'),
(1498, 1498, 8, 'کوپن', '2020-03-13 02:04:09', '2020-03-13 02:04:09'),
(1499, 1499, 8, 'رستم یک', '2020-03-13 02:04:09', '2020-03-13 02:04:09'),
(1500, 1500, 8, 'رستم دو', '2020-03-13 02:04:09', '2020-03-13 02:04:09'),
(1501, 1501, 8, 'مصیری', '2020-03-13 02:04:09', '2020-03-13 02:04:09'),
(1502, 1502, 8, 'فداغ', '2020-03-13 02:04:09', '2020-03-13 02:04:09'),
(1503, 1503, 8, 'خلیلی', '2020-03-13 02:04:09', '2020-03-13 02:04:09'),
(1504, 1504, 8, 'گراش', '2020-03-13 02:04:09', '2020-03-13 02:04:09'),
(1505, 1505, 8, 'آرد', '2020-03-13 02:04:09', '2020-03-13 02:04:09'),
(1506, 1506, 8, 'سبز پوش', '2020-03-13 02:04:09', '2020-03-13 02:04:09'),
(1507, 1507, 8, 'فرمشکان', '2020-03-13 02:04:09', '2020-03-13 02:04:09'),
(1509, 1509, 8, 'کوار', '2020-03-13 02:04:09', '2020-03-13 02:04:09'),
(1510, 1510, 8, 'طسوج', '2020-03-13 02:04:09', '2020-03-13 02:04:09'),
(1511, 1511, 8, 'فتح آباد', '2020-03-13 02:04:09', '2020-03-13 02:04:09'),
(1512, 1512, 8, 'دهقانان', '2020-03-13 02:04:09', '2020-03-13 02:04:09'),
(1513, 1513, 8, 'سفلی', '2020-03-13 02:04:09', '2020-03-13 02:04:09'),
(1514, 1514, 8, 'سلطان شهر', '2020-03-13 02:04:09', '2020-03-13 02:04:09'),
(1515, 1515, 8, 'کفدهک', '2020-03-13 02:04:09', '2020-03-13 02:04:09'),
(1516, 1516, 8, 'معزآباد', '2020-03-13 02:04:09', '2020-03-13 02:04:09'),
(1517, 1517, 8, 'خیرآباد', '2020-03-13 02:04:09', '2020-03-13 02:04:09'),
(1518, 1518, 8, 'خرامه', '2020-03-13 02:04:09', '2020-03-13 02:04:09'),
(1520, 1520, 9, 'فتح آباد', '2020-03-13 02:04:09', '2020-03-13 02:04:09'),
(1521, 1521, 9, 'کیسکان', '2020-03-13 02:04:09', '2020-03-13 02:04:09'),
(1522, 1522, 9, 'گوغر', '2020-03-13 02:04:09', '2020-03-13 02:04:09'),
(1523, 1523, 9, 'بافت', '2020-03-13 02:04:09', '2020-03-13 02:04:09'),
(1524, 1524, 9, 'بزنجان', '2020-03-13 02:04:09', '2020-03-13 02:04:09'),
(1525, 1525, 9, 'خبر', '2020-03-13 02:04:09', '2020-03-13 02:04:09'),
(1526, 1526, 9, 'دشتاب', '2020-03-13 02:04:09', '2020-03-13 02:04:09'),
(1527, 1527, 9, 'حومه', '2020-03-13 02:04:09', '2020-03-13 02:04:09'),
(1528, 1528, 9, 'دهبکری', '2020-03-13 02:04:09', '2020-03-13 02:04:09'),
(1529, 1529, 9, 'بم', '2020-03-13 02:04:09', '2020-03-13 02:04:09'),
(1530, 1530, 9, 'روداب غربی', '2020-03-13 02:04:09', '2020-03-13 02:04:09'),
(1531, 1531, 9, 'کرک ونارتیج', '2020-03-13 02:04:09', '2020-03-13 02:04:09'),
(1532, 1532, 9, 'بروات', '2020-03-13 02:04:09', '2020-03-13 02:04:09'),
(1533, 1533, 9, 'دلفارد', '2020-03-13 02:04:09', '2020-03-13 02:04:09'),
(1534, 1534, 9, 'ساردوییه', '2020-03-13 02:04:09', '2020-03-13 02:04:09'),
(1535, 1535, 9, 'گور', '2020-03-13 02:04:09', '2020-03-13 02:04:09'),
(1536, 1536, 9, 'درب بهشت', '2020-03-13 02:04:09', '2020-03-13 02:04:09'),
(1537, 1537, 9, 'رضوان', '2020-03-13 02:04:09', '2020-03-13 02:04:09'),
(1538, 1538, 9, 'سغدر', '2020-03-13 02:04:09', '2020-03-13 02:04:09'),
(1539, 1539, 9, 'مسکون', '2020-03-13 02:04:09', '2020-03-13 02:04:09'),
(1540, 1540, 9, 'جبالبارز', '2020-03-13 02:04:09', '2020-03-13 02:04:09'),
(1541, 1541, 9, 'اسفندقه', '2020-03-13 02:04:09', '2020-03-13 02:04:09'),
(1542, 1542, 9, 'اسلام آباد', '2020-03-13 02:04:09', '2020-03-13 02:04:09'),
(1543, 1543, 9, 'خاتون آباد', '2020-03-13 02:04:09', '2020-03-13 02:04:09'),
(1544, 1544, 9, 'دولت آباد', '2020-03-13 02:04:09', '2020-03-13 02:04:09'),
(1545, 1545, 9, 'هلیل', '2020-03-13 02:04:09', '2020-03-13 02:04:09'),
(1546, 1546, 9, 'جیرفت', '2020-03-13 02:04:09', '2020-03-13 02:04:09'),
(1547, 1547, 9, 'اسماعیلی', '2020-03-13 02:04:09', '2020-03-13 02:04:09'),
(1548, 1548, 9, 'حسین آباد', '2020-03-13 02:04:09', '2020-03-13 02:04:09'),
(1549, 1549, 9, 'گنج آباد', '2020-03-13 02:04:09', '2020-03-13 02:04:09'),
(1550, 1550, 9, 'بلوک', '2020-03-13 02:04:09', '2020-03-13 02:04:09'),
(1551, 1551, 9, 'آزادگان', '2020-03-13 02:04:09', '2020-03-13 02:04:09'),
(1552, 1552, 9, 'اسلامیه', '2020-03-13 02:04:09', '2020-03-13 02:04:09'),
(1553, 1553, 9, 'خنامان', '2020-03-13 02:04:09', '2020-03-13 02:04:09'),
(1554, 1554, 9, 'دره دران', '2020-03-13 02:04:09', '2020-03-13 02:04:09'),
(1555, 1555, 9, 'رزم آوران', '2020-03-13 02:04:09', '2020-03-13 02:04:09'),
(1556, 1556, 9, 'سرچشمه', '2020-03-13 02:04:09', '2020-03-13 02:04:09'),
(1557, 1557, 9, 'قاسم آباد', '2020-03-13 02:04:09', '2020-03-13 02:04:09'),
(1558, 1558, 9, 'کبوترخان', '2020-03-13 02:04:09', '2020-03-13 02:04:09'),
(1559, 1559, 9, 'رفسنجان', '2020-03-13 02:04:09', '2020-03-13 02:04:09'),
(1560, 1560, 9, 'مس سرچشمه', '2020-03-13 02:04:09', '2020-03-13 02:04:09'),
(1561, 1561, 9, 'راویز', '2020-03-13 02:04:09', '2020-03-13 02:04:09'),
(1562, 1562, 9, 'شریف آباد', '2020-03-13 02:04:09', '2020-03-13 02:04:09'),
(1564, 1564, 9, 'کشکوییه', '2020-03-13 02:04:09', '2020-03-13 02:04:09'),
(1566, 1566, 9, 'بهرمان', '2020-03-13 02:04:09', '2020-03-13 02:04:09'),
(1567, 1567, 9, 'رضوان', '2020-03-13 02:04:09', '2020-03-13 02:04:09'),
(1568, 1568, 9, 'فردوس', '2020-03-13 02:04:09', '2020-03-13 02:04:09'),
(1569, 1569, 9, 'صفاییه', '2020-03-13 02:04:09', '2020-03-13 02:04:09'),
(1570, 1570, 9, 'اسلام آباد', '2020-03-13 02:04:09', '2020-03-13 02:04:09'),
(1571, 1571, 9, 'جرجافک', '2020-03-13 02:04:09', '2020-03-13 02:04:09'),
(1572, 1572, 9, 'دشت خاک', '2020-03-13 02:04:09', '2020-03-13 02:04:09'),
(1573, 1573, 9, 'سربنان', '2020-03-13 02:04:09', '2020-03-13 02:04:09'),
(1575, 1575, 9, 'وحدت', '2020-03-13 02:04:09', '2020-03-13 02:04:09'),
(1577, 1577, 9, 'حتکن', '2020-03-13 02:04:09', '2020-03-13 02:04:09'),
(1578, 1578, 9, 'زرند', '2020-03-13 02:04:09', '2020-03-13 02:04:09'),
(1579, 1579, 9, 'خانوک', '2020-03-13 02:04:09', '2020-03-13 02:04:09'),
(1580, 1580, 9, 'ریحان', '2020-03-13 02:04:09', '2020-03-13 02:04:09'),
(1581, 1581, 9, 'سیریز', '2020-03-13 02:04:09', '2020-03-13 02:04:09'),
(1582, 1582, 9, 'یزدان آباد', '2020-03-13 02:04:09', '2020-03-13 02:04:09'),
(1583, 1583, 9, 'شعبجره', '2020-03-13 02:04:09', '2020-03-13 02:04:09'),
(1584, 1584, 9, 'یزدان شهر', '2020-03-13 02:04:09', '2020-03-13 02:04:09'),
(1585, 1585, 9, 'شریف آباد', '2020-03-13 02:04:09', '2020-03-13 02:04:09'),
(1586, 1586, 9, 'نجف آباد', '2020-03-13 02:04:09', '2020-03-13 02:04:09'),
(1587, 1587, 9, 'سیرجان', '2020-03-13 02:04:09', '2020-03-13 02:04:09'),
(1588, 1588, 9, 'نجف شهر', '2020-03-13 02:04:09', '2020-03-13 02:04:09');
INSERT INTO `city` (`id`, `City_No`, `State_No`, `City_Name`, `created_at`, `updated_at`) VALUES
(1592, 1592, 9, 'سعادت آباد', '2020-03-13 02:04:09', '2020-03-13 02:04:09'),
(1593, 1593, 9, 'پاریز', '2020-03-13 02:04:09', '2020-03-13 02:04:09'),
(1594, 1594, 9, 'هماشهر', '2020-03-13 02:04:09', '2020-03-13 02:04:09'),
(1595, 1595, 9, 'گلستان', '2020-03-13 02:04:09', '2020-03-13 02:04:09'),
(1596, 1596, 9, 'ملک آباد', '2020-03-13 02:04:09', '2020-03-13 02:04:09'),
(1597, 1597, 9, 'خواجو شهر', '2020-03-13 02:04:09', '2020-03-13 02:04:09'),
(1599, 1599, 9, 'محمودآبادسید', '2020-03-13 02:04:09', '2020-03-13 02:04:09'),
(1600, 1600, 9, 'زیدآباد', '2020-03-13 02:04:09', '2020-03-13 02:04:09'),
(1602, 1602, 9, 'چهارگنبد', '2020-03-13 02:04:09', '2020-03-13 02:04:09'),
(1603, 1603, 9, 'بلورد', '2020-03-13 02:04:09', '2020-03-13 02:04:09'),
(1604, 1604, 9, 'استبرق', '2020-03-13 02:04:09', '2020-03-13 02:04:09'),
(1605, 1605, 9, 'پاقلعه', '2020-03-13 02:04:09', '2020-03-13 02:04:09'),
(1606, 1606, 9, 'خاتون آباد', '2020-03-13 02:04:09', '2020-03-13 02:04:09'),
(1608, 1608, 9, 'مدوارات', '2020-03-13 02:04:09', '2020-03-13 02:04:09'),
(1609, 1609, 9, 'میمند', '2020-03-13 02:04:09', '2020-03-13 02:04:09'),
(1610, 1610, 9, 'شهربابک', '2020-03-13 02:04:09', '2020-03-13 02:04:09'),
(1611, 1611, 9, 'خورسند', '2020-03-13 02:04:09', '2020-03-13 02:04:09'),
(1612, 1612, 9, 'خاتون اباد', '2020-03-13 02:04:09', '2020-03-13 02:04:09'),
(1614, 1614, 9, 'خبر', '2020-03-13 02:04:09', '2020-03-13 02:04:09'),
(1616, 1616, 9, 'جوزم', '2020-03-13 02:04:09', '2020-03-13 02:04:09'),
(1617, 1617, 9, 'دهج', '2020-03-13 02:04:09', '2020-03-13 02:04:09'),
(1619, 1619, 9, 'تکاب', '2020-03-13 02:04:09', '2020-03-13 02:04:09'),
(1620, 1620, 9, 'سیرچ', '2020-03-13 02:04:09', '2020-03-13 02:04:09'),
(1621, 1621, 9, 'شهداد', '2020-03-13 02:04:09', '2020-03-13 02:04:09'),
(1622, 1622, 9, 'اندوهجرد', '2020-03-13 02:04:09', '2020-03-13 02:04:09'),
(1623, 1623, 9, 'جوشان', '2020-03-13 02:04:09', '2020-03-13 02:04:09'),
(1624, 1624, 9, 'کشیت', '2020-03-13 02:04:09', '2020-03-13 02:04:09'),
(1625, 1625, 9, 'گلباف', '2020-03-13 02:04:09', '2020-03-13 02:04:09'),
(1626, 1626, 9, 'قناتغستان', '2020-03-13 02:04:09', '2020-03-13 02:04:09'),
(1628, 1628, 9, 'جوپار', '2020-03-13 02:04:09', '2020-03-13 02:04:09'),
(1629, 1629, 9, 'ماهان', '2020-03-13 02:04:09', '2020-03-13 02:04:09'),
(1630, 1630, 9, 'محی آباد', '2020-03-13 02:04:09', '2020-03-13 02:04:09'),
(1633, 1633, 9, 'درختنگان', '2020-03-13 02:04:09', '2020-03-13 02:04:09'),
(1635, 1635, 9, 'سرآسیاب فرسنگی', '2020-03-13 02:04:09', '2020-03-13 02:04:09'),
(1636, 1636, 9, 'کرمان', '2020-03-13 02:04:09', '2020-03-13 02:04:09'),
(1640, 1640, 9, 'باغین', '2020-03-13 02:04:09', '2020-03-13 02:04:09'),
(1641, 1641, 9, 'زنگی آباد', '2020-03-13 02:04:09', '2020-03-13 02:04:09'),
(1642, 1642, 9, 'اختیارآباد', '2020-03-13 02:04:09', '2020-03-13 02:04:09'),
(1644, 1644, 9, 'حسین آبادگروه', '2020-03-13 02:04:09', '2020-03-13 02:04:09'),
(1646, 1646, 9, 'راین', '2020-03-13 02:04:09', '2020-03-13 02:04:09'),
(1647, 1647, 9, 'کویرات', '2020-03-13 02:04:09', '2020-03-13 02:04:09'),
(1648, 1648, 9, 'معزیه', '2020-03-13 02:04:09', '2020-03-13 02:04:09'),
(1649, 1649, 9, 'چترود', '2020-03-13 02:04:09', '2020-03-13 02:04:09'),
(1650, 1650, 9, 'کاظم آباد', '2020-03-13 02:04:09', '2020-03-13 02:04:09'),
(1651, 1651, 9, 'نخلستان', '2020-03-13 02:04:09', '2020-03-13 02:04:09'),
(1652, 1652, 9, 'ده کهان', '2020-03-13 02:04:09', '2020-03-13 02:04:09'),
(1653, 1653, 9, 'کوتک', '2020-03-13 02:04:09', '2020-03-13 02:04:09'),
(1654, 1654, 9, 'کهنوج', '2020-03-13 02:04:09', '2020-03-13 02:04:09'),
(1655, 1655, 9, 'چاه ریگان', '2020-03-13 02:04:09', '2020-03-13 02:04:09'),
(1656, 1656, 9, 'حومه', '2020-03-13 02:04:09', '2020-03-13 02:04:09'),
(1657, 1657, 9, 'کوه پنج', '2020-03-13 02:04:09', '2020-03-13 02:04:09'),
(1658, 1658, 9, 'مشیز', '2020-03-13 02:04:09', '2020-03-13 02:04:09'),
(1659, 1659, 9, 'بردسیر', '2020-03-13 02:04:09', '2020-03-13 02:04:09'),
(1660, 1660, 9, 'دشتکار', '2020-03-13 02:04:09', '2020-03-13 02:04:09'),
(1661, 1661, 9, 'قلعه عسگر', '2020-03-13 02:04:09', '2020-03-13 02:04:09'),
(1663, 1663, 9, 'لاله زار', '2020-03-13 02:04:09', '2020-03-13 02:04:09'),
(1665, 1665, 9, 'شیرینک', '2020-03-13 02:04:09', '2020-03-13 02:04:09'),
(1666, 1666, 9, 'گلزار', '2020-03-13 02:04:09', '2020-03-13 02:04:09'),
(1668, 1668, 9, 'نارپ', '2020-03-13 02:04:09', '2020-03-13 02:04:09'),
(1669, 1669, 9, 'نگار', '2020-03-13 02:04:09', '2020-03-13 02:04:09'),
(1670, 1670, 9, 'حرجند', '2020-03-13 02:04:09', '2020-03-13 02:04:09'),
(1671, 1671, 9, 'هروز', '2020-03-13 02:04:09', '2020-03-13 02:04:09'),
(1672, 1672, 9, 'هجدک', '2020-03-13 02:04:09', '2020-03-13 02:04:09'),
(1674, 1674, 9, 'راور', '2020-03-13 02:04:09', '2020-03-13 02:04:09'),
(1675, 1675, 9, 'امجز', '2020-03-13 02:04:09', '2020-03-13 02:04:09'),
(1676, 1676, 9, 'جهادآباد', '2020-03-13 02:04:09', '2020-03-13 02:04:09'),
(1677, 1677, 9, 'علی آباد', '2020-03-13 02:04:09', '2020-03-13 02:04:09'),
(1679, 1679, 9, 'عنبرآباد', '2020-03-13 02:04:09', '2020-03-13 02:04:09'),
(1680, 1680, 9, 'دوساری', '2020-03-13 02:04:09', '2020-03-13 02:04:09'),
(1681, 1681, 9, 'گرمسار', '2020-03-13 02:04:09', '2020-03-13 02:04:09'),
(1683, 1683, 9, 'نرگسان', '2020-03-13 02:04:09', '2020-03-13 02:04:09'),
(1684, 1684, 9, 'مردهک', '2020-03-13 02:04:09', '2020-03-13 02:04:09'),
(1685, 1685, 9, 'قلعه', '2020-03-13 02:04:09', '2020-03-13 02:04:09'),
(1686, 1686, 9, 'کشمیران', '2020-03-13 02:04:09', '2020-03-13 02:04:09'),
(1687, 1687, 9, 'نورآباد', '2020-03-13 02:04:09', '2020-03-13 02:04:09'),
(1688, 1688, 9, 'منوجان', '2020-03-13 02:04:09', '2020-03-13 02:04:09'),
(1689, 1689, 9, 'بجگان', '2020-03-13 02:04:09', '2020-03-13 02:04:09'),
(1691, 1691, 9, 'نودژ', '2020-03-13 02:04:09', '2020-03-13 02:04:09'),
(1692, 1692, 9, 'طغرل الجرد', '2020-03-13 02:04:09', '2020-03-13 02:04:09'),
(1693, 1693, 9, 'کیانشهر', '2020-03-13 02:04:09', '2020-03-13 02:04:09'),
(1694, 1694, 9, 'جور', '2020-03-13 02:04:09', '2020-03-13 02:04:09'),
(1695, 1695, 9, 'خرمدشت', '2020-03-13 02:04:09', '2020-03-13 02:04:09'),
(1696, 1696, 9, 'کوهبنان', '2020-03-13 02:04:09', '2020-03-13 02:04:09'),
(1697, 1697, 9, 'جازموریان', '2020-03-13 02:04:09', '2020-03-13 02:04:09'),
(1698, 1698, 9, 'کوهستان', '2020-03-13 02:04:09', '2020-03-13 02:04:09'),
(1699, 1699, 9, 'زهکلوت', '2020-03-13 02:04:09', '2020-03-13 02:04:09'),
(1701, 1701, 9, 'نهضت آباد', '2020-03-13 02:04:09', '2020-03-13 02:04:09'),
(1702, 1702, 9, 'رودبار', '2020-03-13 02:04:09', '2020-03-13 02:04:09'),
(1703, 1703, 9, 'چاه دادخدا', '2020-03-13 02:04:09', '2020-03-13 02:04:09'),
(1704, 1704, 9, 'رمشک', '2020-03-13 02:04:09', '2020-03-13 02:04:09'),
(1705, 1705, 9, 'مارز', '2020-03-13 02:04:09', '2020-03-13 02:04:09'),
(1707, 1707, 9, 'سرخ قلعه', '2020-03-13 02:04:09', '2020-03-13 02:04:09'),
(1708, 1708, 9, 'قلعه گنج', '2020-03-13 02:04:09', '2020-03-13 02:04:09'),
(1710, 1710, 9, 'ناصریه', '2020-03-13 02:04:09', '2020-03-13 02:04:09'),
(1711, 1711, 9, 'گنبکی', '2020-03-13 02:04:09', '2020-03-13 02:04:09'),
(1712, 1712, 9, 'ریگان', '2020-03-13 02:04:09', '2020-03-13 02:04:09'),
(1713, 1713, 9, 'گاوکان', '2020-03-13 02:04:09', '2020-03-13 02:04:09'),
(1714, 1714, 9, 'محمدآباد', '2020-03-13 02:04:09', '2020-03-13 02:04:09'),
(1716, 1716, 9, 'سیه بنوییه', '2020-03-13 02:04:09', '2020-03-13 02:04:09'),
(1717, 1717, 9, 'رابر', '2020-03-13 02:04:09', '2020-03-13 02:04:09'),
(1719, 1719, 9, 'جواران', '2020-03-13 02:04:09', '2020-03-13 02:04:09'),
(1720, 1720, 9, 'هنزا', '2020-03-13 02:04:09', '2020-03-13 02:04:09'),
(1721, 1721, 9, 'برج اکرم', '2020-03-13 02:04:09', '2020-03-13 02:04:09'),
(1723, 1723, 9, 'فهرج', '2020-03-13 02:04:09', '2020-03-13 02:04:09'),
(1724, 1724, 9, 'نگین کویر', '2020-03-13 02:04:09', '2020-03-13 02:04:09'),
(1725, 1725, 9, 'چاهدگال', '2020-03-13 02:04:09', '2020-03-13 02:04:09'),
(1726, 1726, 9, 'بیاض', '2020-03-13 02:04:09', '2020-03-13 02:04:09'),
(1727, 1727, 9, 'حسین آباد', '2020-03-13 02:04:09', '2020-03-13 02:04:09'),
(1728, 1728, 9, 'انار', '2020-03-13 02:04:09', '2020-03-13 02:04:09'),
(1729, 1729, 9, 'امین شهر', '2020-03-13 02:04:09', '2020-03-13 02:04:09'),
(1730, 1730, 9, 'پشت رود', '2020-03-13 02:04:09', '2020-03-13 02:04:09'),
(1731, 1731, 9, 'عزیزآباد', '2020-03-13 02:04:09', '2020-03-13 02:04:09'),
(1732, 1732, 9, 'نرماشیر', '2020-03-13 02:04:09', '2020-03-13 02:04:09'),
(1733, 1733, 9, 'روداب شرقی', '2020-03-13 02:04:09', '2020-03-13 02:04:09'),
(1734, 1734, 9, 'مومن آباد', '2020-03-13 02:04:09', '2020-03-13 02:04:09'),
(1735, 1735, 9, 'نظام شهر', '2020-03-13 02:04:09', '2020-03-13 02:04:09'),
(1736, 1736, 9, 'کلاشگرد', '2020-03-13 02:04:09', '2020-03-13 02:04:09'),
(1737, 1737, 9, 'مهروییه', '2020-03-13 02:04:09', '2020-03-13 02:04:09'),
(1738, 1738, 9, 'فاریاب', '2020-03-13 02:04:09', '2020-03-13 02:04:09'),
(1739, 1739, 9, 'حور', '2020-03-13 02:04:09', '2020-03-13 02:04:09'),
(1740, 1740, 9, 'زهمکان', '2020-03-13 02:04:09', '2020-03-13 02:04:09'),
(1742, 1742, 9, 'وکیل آباد', '2020-03-13 02:04:09', '2020-03-13 02:04:09'),
(1743, 1743, 9, 'دهسرد', '2020-03-13 02:04:09', '2020-03-13 02:04:09'),
(1744, 1744, 9, 'ارزوییه', '2020-03-13 02:04:09', '2020-03-13 02:04:09'),
(1745, 1745, 9, 'صوغان', '2020-03-13 02:04:09', '2020-03-13 02:04:09'),
(1746, 1746, 9, 'امیرآباد', '2020-03-13 02:04:09', '2020-03-13 02:04:09'),
(1747, 1747, 10, 'پایین ولایت', '2020-03-13 02:04:09', '2020-03-13 02:04:09'),
(1748, 1748, 10, 'کرات', '2020-03-13 02:04:09', '2020-03-13 02:04:09'),
(1749, 1749, 10, 'تایباد', '2020-03-13 02:04:09', '2020-03-13 02:04:09'),
(1750, 1750, 10, 'کاریز', '2020-03-13 02:04:09', '2020-03-13 02:04:09'),
(1751, 1751, 10, 'دشت تایباد', '2020-03-13 02:04:09', '2020-03-13 02:04:09'),
(1752, 1752, 10, 'کوهسنگی', '2020-03-13 02:04:09', '2020-03-13 02:04:09'),
(1753, 1753, 10, 'مشهدریزه', '2020-03-13 02:04:09', '2020-03-13 02:04:09'),
(1755, 1755, 10, 'بایک', '2020-03-13 02:04:09', '2020-03-13 02:04:09'),
(1757, 1757, 10, 'رقیچه', '2020-03-13 02:04:09', '2020-03-13 02:04:09'),
(1758, 1758, 10, 'کدکن', '2020-03-13 02:04:09', '2020-03-13 02:04:09'),
(1759, 1759, 10, 'بالاولایت', '2020-03-13 02:04:09', '2020-03-13 02:04:09'),
(1760, 1760, 10, 'پایین ولایت', '2020-03-13 02:04:09', '2020-03-13 02:04:09'),
(1761, 1761, 10, 'تربت حیدریه', '2020-03-13 02:04:09', '2020-03-13 02:04:09'),
(1762, 1762, 10, 'پایین رخ', '2020-03-13 02:04:09', '2020-03-13 02:04:09'),
(1763, 1763, 10, 'میان رخ', '2020-03-13 02:04:09', '2020-03-13 02:04:09'),
(1764, 1764, 10, 'بالارخ', '2020-03-13 02:04:09', '2020-03-13 02:04:09'),
(1765, 1765, 10, 'رباط سنگ', '2020-03-13 02:04:09', '2020-03-13 02:04:09'),
(1766, 1766, 10, 'باغ کشمیر', '2020-03-13 02:04:09', '2020-03-13 02:04:09'),
(1767, 1767, 10, 'جنت آباد', '2020-03-13 02:04:09', '2020-03-13 02:04:09'),
(1769, 1769, 10, 'قلعه حمام', '2020-03-13 02:04:09', '2020-03-13 02:04:09'),
(1770, 1770, 10, 'صالح آباد', '2020-03-13 02:04:09', '2020-03-13 02:04:09'),
(1771, 1771, 10, 'جامرود', '2020-03-13 02:04:09', '2020-03-13 02:04:09'),
(1772, 1772, 10, 'جلگه موسی آباد', '2020-03-13 02:04:09', '2020-03-13 02:04:09'),
(1773, 1773, 10, 'میان جام', '2020-03-13 02:04:09', '2020-03-13 02:04:09'),
(1774, 1774, 10, 'تربت جام', '2020-03-13 02:04:09', '2020-03-13 02:04:09'),
(1775, 1775, 10, 'بالاجام', '2020-03-13 02:04:09', '2020-03-13 02:04:09'),
(1776, 1776, 10, 'کاریزان', '2020-03-13 02:04:09', '2020-03-13 02:04:09'),
(1777, 1777, 10, 'نصرآباد', '2020-03-13 02:04:09', '2020-03-13 02:04:09'),
(1778, 1778, 10, 'دشت جام', '2020-03-13 02:04:09', '2020-03-13 02:04:09'),
(1779, 1779, 10, 'هریرود', '2020-03-13 02:04:09', '2020-03-13 02:04:09'),
(1780, 1780, 10, 'احمدابادصولت', '2020-03-13 02:04:09', '2020-03-13 02:04:09'),
(1781, 1781, 10, 'نیل شهر', '2020-03-13 02:04:09', '2020-03-13 02:04:09'),
(1782, 1782, 10, 'زام', '2020-03-13 02:04:09', '2020-03-13 02:04:09'),
(1783, 1783, 10, 'گل بانو', '2020-03-13 02:04:09', '2020-03-13 02:04:09'),
(1784, 1784, 10, 'قره باشلو', '2020-03-13 02:04:09', '2020-03-13 02:04:09'),
(1785, 1785, 10, 'میانکوه', '2020-03-13 02:04:09', '2020-03-13 02:04:09'),
(1786, 1786, 10, 'چاپشلو', '2020-03-13 02:04:09', '2020-03-13 02:04:09'),
(1787, 1787, 10, 'دیباج', '2020-03-13 02:04:09', '2020-03-13 02:04:09'),
(1788, 1788, 10, 'زنگلانلو', '2020-03-13 02:04:09', '2020-03-13 02:04:09'),
(1789, 1789, 10, 'لطف آباد', '2020-03-13 02:04:09', '2020-03-13 02:04:09'),
(1790, 1790, 10, 'تکاب', '2020-03-13 02:04:09', '2020-03-13 02:04:09'),
(1791, 1791, 10, 'درگز', '2020-03-13 02:04:09', '2020-03-13 02:04:09'),
(1792, 1792, 10, 'درونگر', '2020-03-13 02:04:09', '2020-03-13 02:04:09'),
(1793, 1793, 10, 'شهرستانه', '2020-03-13 02:04:09', '2020-03-13 02:04:09'),
(1794, 1794, 10, 'نوخندان', '2020-03-13 02:04:09', '2020-03-13 02:04:09'),
(1795, 1795, 10, 'خواشد', '2020-03-13 02:04:09', '2020-03-13 02:04:09'),
(1796, 1796, 10, 'فروغن', '2020-03-13 02:04:09', '2020-03-13 02:04:09'),
(1797, 1797, 10, 'کوه همایی', '2020-03-13 02:04:09', '2020-03-13 02:04:09'),
(1798, 1798, 10, 'روداب', '2020-03-13 02:04:09', '2020-03-13 02:04:09'),
(1799, 1799, 10, 'بیهق', '2020-03-13 02:04:09', '2020-03-13 02:04:09'),
(1800, 1800, 10, 'تکاب کوه میش', '2020-03-13 02:04:09', '2020-03-13 02:04:09'),
(1801, 1801, 10, 'ربع شامات', '2020-03-13 02:04:09', '2020-03-13 02:04:09'),
(1802, 1802, 10, 'شامکان', '2020-03-13 02:04:09', '2020-03-13 02:04:09'),
(1803, 1803, 10, 'ششتمد', '2020-03-13 02:04:09', '2020-03-13 02:04:09'),
(1804, 1804, 10, 'رباط', '2020-03-13 02:04:09', '2020-03-13 02:04:09'),
(1805, 1805, 10, 'قصبه شرقی', '2020-03-13 02:04:09', '2020-03-13 02:04:09'),
(1806, 1806, 10, 'قصبه غربی', '2020-03-13 02:04:09', '2020-03-13 02:04:09'),
(1807, 1807, 10, 'کراب', '2020-03-13 02:04:09', '2020-03-13 02:04:09'),
(1808, 1808, 10, 'سبزوار', '2020-03-13 02:04:09', '2020-03-13 02:04:09'),
(1811, 1811, 10, 'دولتخانه', '2020-03-13 02:04:09', '2020-03-13 02:04:09'),
(1812, 1812, 10, 'باجگیران', '2020-03-13 02:04:09', '2020-03-13 02:04:09'),
(1813, 1813, 10, 'دوغایی', '2020-03-13 02:04:09', '2020-03-13 02:04:09'),
(1814, 1814, 10, 'سودلانه', '2020-03-13 02:04:09', '2020-03-13 02:04:09'),
(1815, 1815, 10, 'شیرین دره', '2020-03-13 02:04:09', '2020-03-13 02:04:09'),
(1816, 1816, 10, 'قوچان عتیق', '2020-03-13 02:04:09', '2020-03-13 02:04:09'),
(1817, 1817, 10, 'قوچان', '2020-03-13 02:04:09', '2020-03-13 02:04:09'),
(1818, 1818, 10, 'بررود', '2020-03-13 02:04:09', '2020-03-13 02:04:09'),
(1819, 1819, 10, 'برکوه', '2020-03-13 02:04:09', '2020-03-13 02:04:09'),
(1820, 1820, 10, 'تکاب', '2020-03-13 02:04:09', '2020-03-13 02:04:09'),
(1821, 1821, 10, 'ریوش', '2020-03-13 02:04:09', '2020-03-13 02:04:09'),
(1822, 1822, 10, 'بالاولایت', '2020-03-13 02:04:09', '2020-03-13 02:04:09'),
(1823, 1823, 10, 'پایین ولایت', '2020-03-13 02:04:09', '2020-03-13 02:04:09'),
(1824, 1824, 10, 'کاشمر', '2020-03-13 02:04:09', '2020-03-13 02:04:09'),
(1825, 1825, 10, 'پس کلوت', '2020-03-13 02:04:09', '2020-03-13 02:04:09'),
(1826, 1826, 10, 'حومه', '2020-03-13 02:04:09', '2020-03-13 02:04:09'),
(1827, 1827, 10, 'بیدخت', '2020-03-13 02:04:09', '2020-03-13 02:04:09'),
(1828, 1828, 10, 'گناباد', '2020-03-13 02:04:09', '2020-03-13 02:04:09'),
(1829, 1829, 10, 'زیبد', '2020-03-13 02:04:09', '2020-03-13 02:04:09'),
(1831, 1831, 10, 'کاخک', '2020-03-13 02:04:09', '2020-03-13 02:04:09'),
(1832, 1832, 10, 'پیوه ژن', '2020-03-13 02:04:09', '2020-03-13 02:04:09'),
(1833, 1833, 10, 'سرجام', '2020-03-13 02:04:09', '2020-03-13 02:04:09'),
(1834, 1834, 10, 'ملک آباد', '2020-03-13 02:04:09', '2020-03-13 02:04:09'),
(1835, 1835, 10, 'تبادکان', '2020-03-13 02:04:09', '2020-03-13 02:04:09'),
(1836, 1836, 10, 'طوس', '2020-03-13 02:04:09', '2020-03-13 02:04:09'),
(1837, 1837, 10, 'کارده', '2020-03-13 02:04:09', '2020-03-13 02:04:09'),
(1838, 1838, 10, 'میان ولایت', '2020-03-13 02:04:09', '2020-03-13 02:04:09'),
(1839, 1839, 10, 'کنویست', '2020-03-13 02:04:09', '2020-03-13 02:04:09'),
(1840, 1840, 10, 'درزآب', '2020-03-13 02:04:09', '2020-03-13 02:04:09'),
(1841, 1841, 10, 'مشهد', '2020-03-13 02:04:09', '2020-03-13 02:04:09'),
(1855, 1855, 10, 'آبروان', '2020-03-13 02:04:09', '2020-03-13 02:04:09'),
(1856, 1856, 10, 'پایین ولایت', '2020-03-13 02:04:09', '2020-03-13 02:04:09'),
(1857, 1857, 10, 'میامی', '2020-03-13 02:04:09', '2020-03-13 02:04:09'),
(1858, 1858, 10, 'رضویه', '2020-03-13 02:04:09', '2020-03-13 02:04:09'),
(1859, 1859, 10, 'اردوغش', '2020-03-13 02:04:09', '2020-03-13 02:04:09'),
(1860, 1860, 10, 'اسحق آباد', '2020-03-13 02:04:09', '2020-03-13 02:04:09'),
(1861, 1861, 10, 'زبرخان', '2020-03-13 02:04:09', '2020-03-13 02:04:09'),
(1862, 1862, 10, 'درود', '2020-03-13 02:04:09', '2020-03-13 02:04:09'),
(1863, 1863, 10, 'قدمگاه', '2020-03-13 02:04:09', '2020-03-13 02:04:09'),
(1864, 1864, 10, 'خرو', '2020-03-13 02:04:09', '2020-03-13 02:04:09'),
(1865, 1865, 10, 'سرولایت', '2020-03-13 02:04:09', '2020-03-13 02:04:09'),
(1866, 1866, 10, 'برزنون', '2020-03-13 02:04:09', '2020-03-13 02:04:09'),
(1867, 1867, 10, 'چکنه', '2020-03-13 02:04:09', '2020-03-13 02:04:09'),
(1868, 1868, 10, 'دربقاضی', '2020-03-13 02:04:09', '2020-03-13 02:04:09'),
(1869, 1869, 10, 'ریوند', '2020-03-13 02:04:09', '2020-03-13 02:04:09'),
(1870, 1870, 10, 'فضل', '2020-03-13 02:04:09', '2020-03-13 02:04:09'),
(1871, 1871, 10, 'مازول', '2020-03-13 02:04:09', '2020-03-13 02:04:09'),
(1872, 1872, 10, 'بینالود', '2020-03-13 02:04:09', '2020-03-13 02:04:09'),
(1873, 1873, 10, 'نیشابور', '2020-03-13 02:04:09', '2020-03-13 02:04:09'),
(1874, 1874, 10, 'بار', '2020-03-13 02:04:09', '2020-03-13 02:04:09'),
(1877, 1877, 10, 'بلهرات', '2020-03-13 02:04:09', '2020-03-13 02:04:09'),
(1879, 1879, 10, 'غزالی', '2020-03-13 02:04:09', '2020-03-13 02:04:09'),
(1880, 1880, 10, 'عشق آباد', '2020-03-13 02:04:09', '2020-03-13 02:04:09'),
(1881, 1881, 10, 'بیزکی', '2020-03-13 02:04:09', '2020-03-13 02:04:09'),
(1883, 1883, 10, 'گلمکان', '2020-03-13 02:04:09', '2020-03-13 02:04:09'),
(1885, 1885, 10, 'رادکان', '2020-03-13 02:04:09', '2020-03-13 02:04:09'),
(1886, 1886, 10, 'بقمج', '2020-03-13 02:04:09', '2020-03-13 02:04:09'),
(1887, 1887, 10, 'چناران', '2020-03-13 02:04:09', '2020-03-13 02:04:09'),
(1888, 1888, 10, 'پایین خواف', '2020-03-13 02:04:09', '2020-03-13 02:04:09'),
(1889, 1889, 10, 'بستان', '2020-03-13 02:04:09', '2020-03-13 02:04:09'),
(1890, 1890, 10, 'سنگان', '2020-03-13 02:04:09', '2020-03-13 02:04:09'),
(1892, 1892, 10, 'میان خواف', '2020-03-13 02:04:09', '2020-03-13 02:04:09'),
(1893, 1893, 10, 'خواف', '2020-03-13 02:04:09', '2020-03-13 02:04:09'),
(1894, 1894, 10, 'نشتیفان', '2020-03-13 02:04:09', '2020-03-13 02:04:09'),
(1895, 1895, 10, 'زوزن', '2020-03-13 02:04:09', '2020-03-13 02:04:09'),
(1896, 1896, 10, 'کیبر', '2020-03-13 02:04:09', '2020-03-13 02:04:09'),
(1897, 1897, 10, 'قاسم آباد', '2020-03-13 02:04:09', '2020-03-13 02:04:09'),
(1898, 1898, 10, 'بالاخواف', '2020-03-13 02:04:09', '2020-03-13 02:04:09'),
(1900, 1900, 10, 'سلامی', '2020-03-13 02:04:09', '2020-03-13 02:04:09'),
(1901, 1901, 10, 'پل خاتون', '2020-03-13 02:04:09', '2020-03-13 02:04:09'),
(1902, 1902, 10, 'گل بی بی', '2020-03-13 02:04:09', '2020-03-13 02:04:09'),
(1903, 1903, 10, 'مرزداران', '2020-03-13 02:04:09', '2020-03-13 02:04:09'),
(1904, 1904, 10, 'مزدآوند', '2020-03-13 02:04:09', '2020-03-13 02:04:09'),
(1905, 1905, 10, 'تجن', '2020-03-13 02:04:09', '2020-03-13 02:04:09'),
(1906, 1906, 10, 'خانگیران', '2020-03-13 02:04:09', '2020-03-13 02:04:09'),
(1908, 1908, 10, 'سرخس', '2020-03-13 02:04:09', '2020-03-13 02:04:09'),
(1911, 1911, 10, 'قلندرآباد', '2020-03-13 02:04:09', '2020-03-13 02:04:09'),
(1912, 1912, 10, 'سفیدسنگ', '2020-03-13 02:04:09', '2020-03-13 02:04:09'),
(1913, 1913, 10, 'بالابند', '2020-03-13 02:04:09', '2020-03-13 02:04:09'),
(1914, 1914, 10, 'سنگ بست', '2020-03-13 02:04:09', '2020-03-13 02:04:09'),
(1916, 1916, 10, 'فریمان', '2020-03-13 02:04:09', '2020-03-13 02:04:09'),
(1917, 1917, 10, 'فرهادگرد', '2020-03-13 02:04:09', '2020-03-13 02:04:09'),
(1918, 1918, 10, 'درونه', '2020-03-13 02:04:09', '2020-03-13 02:04:09'),
(1919, 1919, 10, 'صحرا', '2020-03-13 02:04:09', '2020-03-13 02:04:09'),
(1920, 1920, 10, 'انابد', '2020-03-13 02:04:09', '2020-03-13 02:04:09'),
(1921, 1921, 10, 'کنارشهر', '2020-03-13 02:04:09', '2020-03-13 02:04:09'),
(1922, 1922, 10, 'کوهپایه', '2020-03-13 02:04:09', '2020-03-13 02:04:09'),
(1923, 1923, 10, 'بردسکن', '2020-03-13 02:04:09', '2020-03-13 02:04:09'),
(1924, 1924, 10, 'جلگه', '2020-03-13 02:04:09', '2020-03-13 02:04:09'),
(1925, 1925, 10, 'شهرآباد', '2020-03-13 02:04:09', '2020-03-13 02:04:09'),
(1926, 1926, 10, 'شهراباد', '2020-03-13 02:04:09', '2020-03-13 02:04:09'),
(1928, 1928, 10, 'شعبه', '2020-03-13 02:04:09', '2020-03-13 02:04:09'),
(1929, 1929, 10, 'جنگل', '2020-03-13 02:04:09', '2020-03-13 02:04:09'),
(1930, 1930, 10, 'آستانه', '2020-03-13 02:04:09', '2020-03-13 02:04:09'),
(1932, 1932, 10, 'رشتخوار', '2020-03-13 02:04:09', '2020-03-13 02:04:09'),
(1933, 1933, 10, 'پساکوه', '2020-03-13 02:04:09', '2020-03-13 02:04:09'),
(1934, 1934, 10, 'زاوین', '2020-03-13 02:04:09', '2020-03-13 02:04:09'),
(1935, 1935, 10, 'شهرزو', '2020-03-13 02:04:09', '2020-03-13 02:04:09'),
(1936, 1936, 10, 'کبودگنبد', '2020-03-13 02:04:09', '2020-03-13 02:04:09'),
(1937, 1937, 10, 'هزارمسجد', '2020-03-13 02:04:09', '2020-03-13 02:04:09'),
(1938, 1938, 10, 'کلات', '2020-03-13 02:04:09', '2020-03-13 02:04:09'),
(1939, 1939, 10, 'ششطراز', '2020-03-13 02:04:09', '2020-03-13 02:04:09'),
(1940, 1940, 10, 'کویر', '2020-03-13 02:04:09', '2020-03-13 02:04:09'),
(1941, 1941, 10, 'کندر', '2020-03-13 02:04:09', '2020-03-13 02:04:09'),
(1942, 1942, 10, 'حومه', '2020-03-13 02:04:09', '2020-03-13 02:04:09'),
(1943, 1943, 10, 'رستاق', '2020-03-13 02:04:09', '2020-03-13 02:04:09'),
(1944, 1944, 10, 'خلیل آباد', '2020-03-13 02:04:09', '2020-03-13 02:04:09'),
(1945, 1945, 10, 'ازغند', '2020-03-13 02:04:09', '2020-03-13 02:04:09'),
(1946, 1946, 10, 'مه ولات شمالی', '2020-03-13 02:04:09', '2020-03-13 02:04:09'),
(1947, 1947, 10, 'شادمهر', '2020-03-13 02:04:09', '2020-03-13 02:04:09'),
(1948, 1948, 10, 'حومه', '2020-03-13 02:04:09', '2020-03-13 02:04:09'),
(1949, 1949, 10, 'مه ولات جنوبی', '2020-03-13 02:04:09', '2020-03-13 02:04:09'),
(1950, 1950, 10, 'فیض آباد', '2020-03-13 02:04:09', '2020-03-13 02:04:09'),
(1952, 1952, 10, 'جزین', '2020-03-13 02:04:09', '2020-03-13 02:04:09'),
(1953, 1953, 10, 'بجستان', '2020-03-13 02:04:09', '2020-03-13 02:04:09'),
(1955, 1955, 10, 'سردق', '2020-03-13 02:04:09', '2020-03-13 02:04:09'),
(1956, 1956, 10, 'یونسی', '2020-03-13 02:04:09', '2020-03-13 02:04:09'),
(1958, 1958, 10, 'جاغرق', '2020-03-13 02:04:09', '2020-03-13 02:04:09'),
(1959, 1959, 10, 'طرقبه', '2020-03-13 02:04:09', '2020-03-13 02:04:09'),
(1961, 1961, 10, 'ابرده', '2020-03-13 02:04:09', '2020-03-13 02:04:09'),
(1962, 1962, 10, 'شاندیز', '2020-03-13 02:04:09', '2020-03-13 02:04:09'),
(1963, 1963, 10, 'تخت جلگه', '2020-03-13 02:04:09', '2020-03-13 02:04:09'),
(1965, 1965, 10, 'فیروزه', '2020-03-13 02:04:09', '2020-03-13 02:04:09'),
(1966, 1966, 10, 'طاغنکوه شمالی', '2020-03-13 02:04:09', '2020-03-13 02:04:09'),
(1967, 1967, 10, 'طاغنکوه جنوبی', '2020-03-13 02:04:09', '2020-03-13 02:04:09'),
(1968, 1968, 10, 'همت آباد', '2020-03-13 02:04:09', '2020-03-13 02:04:09'),
(1970, 1970, 10, 'دستوران', '2020-03-13 02:04:09', '2020-03-13 02:04:09'),
(1971, 1971, 10, 'جغتای', '2020-03-13 02:04:09', '2020-03-13 02:04:09'),
(1972, 1972, 10, 'پایین جوین', '2020-03-13 02:04:09', '2020-03-13 02:04:09'),
(1973, 1973, 10, 'میان جوین', '2020-03-13 02:04:09', '2020-03-13 02:04:09'),
(1974, 1974, 10, 'زاوه', '2020-03-13 02:04:09', '2020-03-13 02:04:09'),
(1975, 1975, 10, 'صفاییه', '2020-03-13 02:04:09', '2020-03-13 02:04:09'),
(1976, 1976, 10, 'دولت آباد', '2020-03-13 02:04:09', '2020-03-13 02:04:09'),
(1977, 1977, 10, 'ساق', '2020-03-13 02:04:09', '2020-03-13 02:04:09'),
(1978, 1978, 10, 'سلیمان', '2020-03-13 02:04:09', '2020-03-13 02:04:09'),
(1979, 1979, 10, 'بالاجوین', '2020-03-13 02:04:09', '2020-03-13 02:04:09'),
(1980, 1980, 10, 'پیراکوه', '2020-03-13 02:04:09', '2020-03-13 02:04:09'),
(1981, 1981, 10, 'نقاب', '2020-03-13 02:04:09', '2020-03-13 02:04:09'),
(1982, 1982, 10, 'زرین', '2020-03-13 02:04:09', '2020-03-13 02:04:09'),
(1983, 1983, 10, 'حکم آباد', '2020-03-13 02:04:09', '2020-03-13 02:04:09'),
(1984, 1984, 10, 'مالین', '2020-03-13 02:04:09', '2020-03-13 02:04:09'),
(1985, 1985, 10, 'دشت ارزنه', '2020-03-13 02:04:09', '2020-03-13 02:04:09'),
(1986, 1986, 10, 'باخرز', '2020-03-13 02:04:09', '2020-03-13 02:04:09'),
(1987, 1987, 10, 'بالاولایت', '2020-03-13 02:04:09', '2020-03-13 02:04:09'),
(1988, 1988, 10, 'اشتین', '2020-03-13 02:04:09', '2020-03-13 02:04:09'),
(1990, 1990, 10, 'رباط جز', '2020-03-13 02:04:09', '2020-03-13 02:04:09'),
(1991, 1991, 10, 'طبس', '2020-03-13 02:04:09', '2020-03-13 02:04:09'),
(1992, 1992, 10, 'سلطان آباد', '2020-03-13 02:04:09', '2020-03-13 02:04:09'),
(1993, 1993, 10, 'مشکان', '2020-03-13 02:04:09', '2020-03-13 02:04:09'),
(1994, 1994, 10, 'یام', '2020-03-13 02:04:09', '2020-03-13 02:04:09'),
(1995, 1995, 10, 'کاه', '2020-03-13 02:04:09', '2020-03-13 02:04:09'),
(1996, 1996, 10, 'مزینان', '2020-03-13 02:04:09', '2020-03-13 02:04:09'),
(1997, 1997, 10, 'داورزن', '2020-03-13 02:04:09', '2020-03-13 02:04:09'),
(1998, 1998, 10, 'باشتین', '2020-03-13 02:04:09', '2020-03-13 02:04:09'),
(1999, 1999, 10, 'مهر', '2020-03-13 02:04:09', '2020-03-13 02:04:09'),
(2000, 2000, 11, 'برزاوند', '2020-03-13 02:04:09', '2020-03-13 02:04:09'),
(2001, 2001, 11, 'علیا', '2020-03-13 02:04:09', '2020-03-13 02:04:09'),
(2002, 2002, 11, 'کچو', '2020-03-13 02:04:09', '2020-03-13 02:04:09'),
(2003, 2003, 11, 'گرمسیر', '2020-03-13 02:04:09', '2020-03-13 02:04:09'),
(2004, 2004, 11, 'همبرات', '2020-03-13 02:04:09', '2020-03-13 02:04:09'),
(2005, 2005, 11, 'اردستان', '2020-03-13 02:04:09', '2020-03-13 02:04:09'),
(2006, 2006, 11, 'مهاباد', '2020-03-13 02:04:09', '2020-03-13 02:04:09'),
(2007, 2007, 11, 'سفلی', '2020-03-13 02:04:09', '2020-03-13 02:04:09'),
(2008, 2008, 11, 'ریگستان', '2020-03-13 02:04:09', '2020-03-13 02:04:09'),
(2009, 2009, 11, 'زواره', '2020-03-13 02:04:09', '2020-03-13 02:04:09'),
(2010, 2010, 11, 'جرقویه سفلی', '2020-03-13 02:04:09', '2020-03-13 02:04:09'),
(2011, 2011, 11, 'جرقویه وسطی', '2020-03-13 02:04:09', '2020-03-13 02:04:09'),
(2012, 2012, 11, 'نیک آباد', '2020-03-13 02:04:09', '2020-03-13 02:04:09'),
(2013, 2013, 11, 'محمدآباد', '2020-03-13 02:04:09', '2020-03-13 02:04:09'),
(2014, 2014, 11, 'نصرآباد', '2020-03-13 02:04:09', '2020-03-13 02:04:09'),
(2016, 2016, 11, 'جبل', '2020-03-13 02:04:09', '2020-03-13 02:04:09'),
(2017, 2017, 11, 'زفره', '2020-03-13 02:04:09', '2020-03-13 02:04:09'),
(2018, 2018, 11, 'سیستان', '2020-03-13 02:04:09', '2020-03-13 02:04:09'),
(2019, 2019, 11, 'کوهپایه', '2020-03-13 02:04:09', '2020-03-13 02:04:09'),
(2020, 2020, 11, 'سجزی', '2020-03-13 02:04:09', '2020-03-13 02:04:09'),
(2021, 2021, 11, 'تودشک', '2020-03-13 02:04:09', '2020-03-13 02:04:09'),
(2022, 2022, 11, 'براآن جنوبی', '2020-03-13 02:04:09', '2020-03-13 02:04:09'),
(2023, 2023, 11, 'براآن شمالی', '2020-03-13 02:04:09', '2020-03-13 02:04:09'),
(2024, 2024, 11, 'جی', '2020-03-13 02:04:09', '2020-03-13 02:04:09'),
(2025, 2025, 11, 'قهاب جنوبی', '2020-03-13 02:04:09', '2020-03-13 02:04:09'),
(2026, 2026, 11, 'قهاب شمالی', '2020-03-13 02:04:09', '2020-03-13 02:04:09'),
(2027, 2027, 11, 'کرارج', '2020-03-13 02:04:09', '2020-03-13 02:04:09'),
(2028, 2028, 11, 'محمودآباد', '2020-03-13 02:04:09', '2020-03-13 02:04:09'),
(2029, 2029, 11, 'اصفهان', '2020-03-13 02:04:09', '2020-03-13 02:04:09'),
(2043, 2043, 11, 'قهجاورستان', '2020-03-13 02:04:09', '2020-03-13 02:04:09'),
(2046, 2046, 11, 'بهارستان', '2020-03-13 02:04:09', '2020-03-13 02:04:09'),
(2047, 2047, 11, 'زیار', '2020-03-13 02:04:09', '2020-03-13 02:04:09'),
(2048, 2048, 11, 'جرقویه علیا', '2020-03-13 02:04:09', '2020-03-13 02:04:09'),
(2049, 2049, 11, 'رامشه', '2020-03-13 02:04:09', '2020-03-13 02:04:09'),
(2050, 2050, 11, 'حسن اباد', '2020-03-13 02:04:09', '2020-03-13 02:04:09'),
(2051, 2051, 11, 'رودشت شرقی', '2020-03-13 02:04:09', '2020-03-13 02:04:09'),
(2052, 2052, 11, 'گاوخونی', '2020-03-13 02:04:09', '2020-03-13 02:04:09'),
(2053, 2053, 11, 'ورزنه', '2020-03-13 02:04:09', '2020-03-13 02:04:09'),
(2054, 2054, 11, 'امامزاده عبدالعزیز', '2020-03-13 02:04:09', '2020-03-13 02:04:09'),
(2055, 2055, 11, 'رودشت', '2020-03-13 02:04:09', '2020-03-13 02:04:09'),
(2056, 2056, 11, 'هرند', '2020-03-13 02:04:09', '2020-03-13 02:04:09'),
(2057, 2057, 11, 'اژیه', '2020-03-13 02:04:09', '2020-03-13 02:04:09'),
(2058, 2058, 11, 'ماربین سفلی', '2020-03-13 02:04:09', '2020-03-13 02:04:09'),
(2059, 2059, 11, 'ماربین علیا', '2020-03-13 02:04:09', '2020-03-13 02:04:09'),
(2060, 2060, 11, 'ماربین وسطی', '2020-03-13 02:04:09', '2020-03-13 02:04:09'),
(2061, 2061, 11, 'خمینی شهر', '2020-03-13 02:04:09', '2020-03-13 02:04:09'),
(2062, 2062, 11, 'درچه', '2020-03-13 02:04:09', '2020-03-13 02:04:09'),
(2063, 2063, 11, 'کوشک', '2020-03-13 02:04:09', '2020-03-13 02:04:09'),
(2064, 2064, 11, 'اصغرآباد', '2020-03-13 02:04:09', '2020-03-13 02:04:09'),
(2065, 2065, 11, 'گلسار', '2020-03-13 02:04:09', '2020-03-13 02:04:09'),
(2066, 2066, 11, 'چشمه سار', '2020-03-13 02:04:09', '2020-03-13 02:04:09'),
(2067, 2067, 11, 'کوهسار', '2020-03-13 02:04:09', '2020-03-13 02:04:09'),
(2068, 2068, 11, 'خوانسار', '2020-03-13 02:04:09', '2020-03-13 02:04:09'),
(2069, 2069, 11, 'پادناسفلی', '2020-03-13 02:04:09', '2020-03-13 02:04:09'),
(2070, 2070, 11, 'پادناوسطی', '2020-03-13 02:04:09', '2020-03-13 02:04:09'),
(2071, 2071, 11, 'کمه', '2020-03-13 02:04:09', '2020-03-13 02:04:09'),
(2074, 2074, 11, 'سمیرم', '2020-03-13 02:04:09', '2020-03-13 02:04:09'),
(2075, 2075, 11, 'حنا', '2020-03-13 02:04:09', '2020-03-13 02:04:09'),
(2076, 2076, 11, 'ونک', '2020-03-13 02:04:09', '2020-03-13 02:04:09'),
(2077, 2077, 11, 'پادناعلیا', '2020-03-13 02:04:09', '2020-03-13 02:04:09'),
(2078, 2078, 11, 'برآفتاب', '2020-03-13 02:04:09', '2020-03-13 02:04:09'),
(2079, 2079, 11, 'وردشت', '2020-03-13 02:04:09', '2020-03-13 02:04:09'),
(2080, 2080, 11, 'دره شور', '2020-03-13 02:04:09', '2020-03-13 02:04:09'),
(2081, 2081, 11, 'دالانکوه', '2020-03-13 02:04:09', '2020-03-13 02:04:09'),
(2082, 2082, 11, 'زاینده رودشمالی', '2020-03-13 02:04:09', '2020-03-13 02:04:09'),
(2083, 2083, 11, 'ورزق جنوبی', '2020-03-13 02:04:09', '2020-03-13 02:04:09'),
(2084, 2084, 11, 'داران', '2020-03-13 02:04:09', '2020-03-13 02:04:09'),
(2085, 2085, 11, 'دامنه', '2020-03-13 02:04:09', '2020-03-13 02:04:09'),
(2086, 2086, 11, 'ورزق', '2020-03-13 02:04:09', '2020-03-13 02:04:09'),
(2087, 2087, 11, 'قره بیشه', '2020-03-13 02:04:09', '2020-03-13 02:04:09'),
(2089, 2089, 11, 'پشتکوه موگویی', '2020-03-13 02:04:09', '2020-03-13 02:04:09'),
(2090, 2090, 11, 'پیشکوه موگویی', '2020-03-13 02:04:09', '2020-03-13 02:04:09'),
(2091, 2091, 11, 'چشمه لنگان', '2020-03-13 02:04:09', '2020-03-13 02:04:09'),
(2092, 2092, 11, 'عشایر', '2020-03-13 02:04:09', '2020-03-13 02:04:09'),
(2093, 2093, 11, 'فریدونشهر', '2020-03-13 02:04:09', '2020-03-13 02:04:09'),
(2094, 2094, 11, 'برف انبار', '2020-03-13 02:04:09', '2020-03-13 02:04:09'),
(2095, 2095, 11, 'گرکن شمالی', '2020-03-13 02:04:09', '2020-03-13 02:04:09'),
(2096, 2096, 11, 'سهروفیروزان', '2020-03-13 02:04:09', '2020-03-13 02:04:09'),
(2097, 2097, 11, 'پیربکران', '2020-03-13 02:04:09', '2020-03-13 02:04:09'),
(2098, 2098, 11, 'بهاران شهر', '2020-03-13 02:04:09', '2020-03-13 02:04:09'),
(2100, 2100, 11, 'اشترجان', '2020-03-13 02:04:09', '2020-03-13 02:04:09'),
(2101, 2101, 11, 'فلاورجان', '2020-03-13 02:04:09', '2020-03-13 02:04:09'),
(2102, 2102, 11, 'کلیشادوسودرجان', '2020-03-13 02:04:09', '2020-03-13 02:04:09'),
(2103, 2103, 11, 'قهدریجان', '2020-03-13 02:04:09', '2020-03-13 02:04:09'),
(2104, 2104, 11, 'ابریشم', '2020-03-13 02:04:09', '2020-03-13 02:04:09'),
(2105, 2105, 11, 'ایمانشهر', '2020-03-13 02:04:09', '2020-03-13 02:04:09'),
(2106, 2106, 11, 'گلستان', '2020-03-13 02:04:09', '2020-03-13 02:04:09'),
(2108, 2108, 11, 'زازران', '2020-03-13 02:04:09', '2020-03-13 02:04:09'),
(2109, 2109, 11, 'اسفرجان', '2020-03-13 02:04:09', '2020-03-13 02:04:09'),
(2110, 2110, 11, 'دشت', '2020-03-13 02:04:09', '2020-03-13 02:04:09'),
(2112, 2112, 11, 'کهرویه', '2020-03-13 02:04:09', '2020-03-13 02:04:09'),
(2113, 2113, 11, 'شهرضا', '2020-03-13 02:04:09', '2020-03-13 02:04:09'),
(2114, 2114, 11, 'منظریه', '2020-03-13 02:04:09', '2020-03-13 02:04:09'),
(2116, 2116, 11, 'قهرود', '2020-03-13 02:04:09', '2020-03-13 02:04:09'),
(2117, 2117, 11, 'قمصر', '2020-03-13 02:04:09', '2020-03-13 02:04:09'),
(2118, 2118, 11, 'جوشقان قالی', '2020-03-13 02:04:09', '2020-03-13 02:04:09'),
(2119, 2119, 11, 'کامو و چوگان', '2020-03-13 02:04:09', '2020-03-13 02:04:09'),
(2121, 2121, 11, 'میاندشت', '2020-03-13 02:04:09', '2020-03-13 02:04:09'),
(2122, 2122, 11, 'خرم دشت', '2020-03-13 02:04:09', '2020-03-13 02:04:09'),
(2123, 2123, 11, 'کاشان', '2020-03-13 02:04:09', '2020-03-13 02:04:09'),
(2124, 2124, 11, 'مشکات', '2020-03-13 02:04:09', '2020-03-13 02:04:09'),
(2125, 2125, 11, 'کوه دشت', '2020-03-13 02:04:09', '2020-03-13 02:04:09'),
(2127, 2127, 11, 'نیاسر', '2020-03-13 02:04:09', '2020-03-13 02:04:09'),
(2128, 2128, 11, 'باباافضل', '2020-03-13 02:04:09', '2020-03-13 02:04:09'),
(2129, 2129, 11, 'گلاب', '2020-03-13 02:04:09', '2020-03-13 02:04:09'),
(2130, 2130, 11, 'برزک', '2020-03-13 02:04:09', '2020-03-13 02:04:09'),
(2131, 2131, 11, 'جلگه', '2020-03-13 02:04:09', '2020-03-13 02:04:09'),
(2132, 2132, 11, 'کناررودخانه', '2020-03-13 02:04:09', '2020-03-13 02:04:09'),
(2133, 2133, 11, 'نیوان', '2020-03-13 02:04:09', '2020-03-13 02:04:09'),
(2134, 2134, 11, 'گلپایگان', '2020-03-13 02:04:09', '2020-03-13 02:04:09'),
(2135, 2135, 11, 'گوگد', '2020-03-13 02:04:09', '2020-03-13 02:04:09'),
(2136, 2136, 11, 'گلشهر', '2020-03-13 02:04:09', '2020-03-13 02:04:09'),
(2137, 2137, 11, 'چم رود', '2020-03-13 02:04:09', '2020-03-13 02:04:09'),
(2138, 2138, 11, 'زیرکوه', '2020-03-13 02:04:09', '2020-03-13 02:04:09'),
(2139, 2139, 11, 'چم کوه', '2020-03-13 02:04:09', '2020-03-13 02:04:09'),
(2140, 2140, 11, 'باغ بهادران', '2020-03-13 02:04:09', '2020-03-13 02:04:09'),
(2141, 2141, 11, 'چرمهین', '2020-03-13 02:04:09', '2020-03-13 02:04:09'),
(2142, 2142, 11, 'اشیان', '2020-03-13 02:04:09', '2020-03-13 02:04:09'),
(2143, 2143, 11, 'خرم رود', '2020-03-13 02:04:09', '2020-03-13 02:04:09'),
(2144, 2144, 11, 'چمگردان', '2020-03-13 02:04:09', '2020-03-13 02:04:09'),
(2145, 2145, 11, 'زرین شهر', '2020-03-13 02:04:09', '2020-03-13 02:04:09'),
(2146, 2146, 11, 'سده لنجان', '2020-03-13 02:04:09', '2020-03-13 02:04:09'),
(2147, 2147, 11, 'ورنامخواست', '2020-03-13 02:04:09', '2020-03-13 02:04:09'),
(2148, 2148, 11, 'فولادشهر', '2020-03-13 02:04:09', '2020-03-13 02:04:09'),
(2149, 2149, 11, 'زاینده رود', '2020-03-13 02:04:09', '2020-03-13 02:04:09'),
(2150, 2150, 11, 'باغشاد', '2020-03-13 02:04:09', '2020-03-13 02:04:09'),
(2151, 2151, 11, 'چوپانان', '2020-03-13 02:04:09', '2020-03-13 02:04:09'),
(2152, 2152, 11, 'انارک', '2020-03-13 02:04:09', '2020-03-13 02:04:09'),
(2155, 2155, 11, 'کوهستان', '2020-03-13 02:04:09', '2020-03-13 02:04:09'),
(2156, 2156, 11, 'لای سیاه', '2020-03-13 02:04:09', '2020-03-13 02:04:09'),
(2157, 2157, 11, 'نایین', '2020-03-13 02:04:09', '2020-03-13 02:04:09'),
(2158, 2158, 11, 'بافران', '2020-03-13 02:04:09', '2020-03-13 02:04:09'),
(2160, 2160, 11, 'صادقیه', '2020-03-13 02:04:09', '2020-03-13 02:04:09'),
(2161, 2161, 11, 'صفاییه', '2020-03-13 02:04:09', '2020-03-13 02:04:09'),
(2162, 2162, 11, 'نجف آباد', '2020-03-13 02:04:09', '2020-03-13 02:04:09'),
(2163, 2163, 11, 'جوزدان', '2020-03-13 02:04:09', '2020-03-13 02:04:09'),
(2164, 2164, 11, 'گلدشت', '2020-03-13 02:04:09', '2020-03-13 02:04:09'),
(2165, 2165, 11, 'کهریزسنگ', '2020-03-13 02:04:09', '2020-03-13 02:04:09'),
(2166, 2166, 11, 'اشن', '2020-03-13 02:04:09', '2020-03-13 02:04:09'),
(2167, 2167, 11, 'حسین آباد', '2020-03-13 02:04:09', '2020-03-13 02:04:09'),
(2168, 2168, 11, 'دهق', '2020-03-13 02:04:09', '2020-03-13 02:04:09'),
(2169, 2169, 11, 'علویجه', '2020-03-13 02:04:09', '2020-03-13 02:04:09'),
(2170, 2170, 11, 'برزرود', '2020-03-13 02:04:09', '2020-03-13 02:04:09'),
(2172, 2172, 11, 'کرکس', '2020-03-13 02:04:09', '2020-03-13 02:04:09'),
(2173, 2173, 11, 'نطنز', '2020-03-13 02:04:09', '2020-03-13 02:04:09'),
(2174, 2174, 11, 'طرق رود', '2020-03-13 02:04:09', '2020-03-13 02:04:09'),
(2175, 2175, 11, 'امامزاده آقاعلی عباس', '2020-03-13 02:04:09', '2020-03-13 02:04:09'),
(2177, 2177, 11, 'بادرود', '2020-03-13 02:04:09', '2020-03-13 02:04:09'),
(2178, 2178, 11, 'خالدآباد', '2020-03-13 02:04:09', '2020-03-13 02:04:09'),
(2179, 2179, 11, 'زرکان', '2020-03-13 02:04:09', '2020-03-13 02:04:09'),
(2180, 2180, 11, 'ونداده', '2020-03-13 02:04:09', '2020-03-13 02:04:09'),
(2181, 2181, 11, 'میمه', '2020-03-13 02:04:09', '2020-03-13 02:04:09'),
(2182, 2182, 11, 'وزوان', '2020-03-13 02:04:09', '2020-03-13 02:04:09'),
(2183, 2183, 11, 'لای بید', '2020-03-13 02:04:09', '2020-03-13 02:04:09'),
(2184, 2184, 11, 'برخوارغربی', '2020-03-13 02:04:09', '2020-03-13 02:04:09'),
(2185, 2185, 11, 'مورچه خورت', '2020-03-13 02:04:09', '2020-03-13 02:04:09'),
(2186, 2186, 11, 'شاهین شهر', '2020-03-13 02:04:09', '2020-03-13 02:04:09'),
(2187, 2187, 11, 'گزبرخوار', '2020-03-13 02:04:09', '2020-03-13 02:04:09'),
(2188, 2188, 11, 'گرگاب', '2020-03-13 02:04:09', '2020-03-13 02:04:09'),
(2192, 2192, 11, 'مبارکه', '2020-03-13 02:04:09', '2020-03-13 02:04:09'),
(2193, 2193, 11, 'مجلسی', '2020-03-13 02:04:09', '2020-03-13 02:04:09'),
(2194, 2194, 11, 'دیزیچه', '2020-03-13 02:04:09', '2020-03-13 02:04:09'),
(2195, 2195, 11, 'طالخونچه', '2020-03-13 02:04:09', '2020-03-13 02:04:09'),
(2196, 2196, 11, 'کرکوند', '2020-03-13 02:04:09', '2020-03-13 02:04:09'),
(2197, 2197, 11, 'گرکن', '2020-03-13 02:04:09', '2020-03-13 02:04:09'),
(2198, 2198, 11, 'نورآباد', '2020-03-13 02:04:09', '2020-03-13 02:04:09'),
(2199, 2199, 11, 'زیباشهر', '2020-03-13 02:04:09', '2020-03-13 02:04:09'),
(2200, 2200, 11, 'کویرات', '2020-03-13 02:04:09', '2020-03-13 02:04:09'),
(2201, 2201, 11, 'کویر', '2020-03-13 02:04:09', '2020-03-13 02:04:09'),
(2202, 2202, 11, 'ابوزیدآباد', '2020-03-13 02:04:09', '2020-03-13 02:04:09'),
(2203, 2203, 11, 'سفیددشت', '2020-03-13 02:04:09', '2020-03-13 02:04:09'),
(2204, 2204, 11, 'آران وبیدگل', '2020-03-13 02:04:09', '2020-03-13 02:04:09'),
(2205, 2205, 11, 'نوش آباد', '2020-03-13 02:04:09', '2020-03-13 02:04:09'),
(2206, 2206, 11, 'سفیدشهر', '2020-03-13 02:04:09', '2020-03-13 02:04:09'),
(2207, 2207, 11, 'کرون سفلی', '2020-03-13 02:04:09', '2020-03-13 02:04:09'),
(2208, 2208, 11, 'کرون علیا', '2020-03-13 02:04:09', '2020-03-13 02:04:09'),
(2209, 2209, 11, 'عسگران', '2020-03-13 02:04:09', '2020-03-13 02:04:09'),
(2210, 2210, 11, 'رضوانیه', '2020-03-13 02:04:09', '2020-03-13 02:04:09'),
(2211, 2211, 11, 'ورپشت', '2020-03-13 02:04:09', '2020-03-13 02:04:09'),
(2212, 2212, 11, 'تیران', '2020-03-13 02:04:09', '2020-03-13 02:04:09'),
(2213, 2213, 11, 'رضوانشهر', '2020-03-13 02:04:09', '2020-03-13 02:04:09'),
(2214, 2214, 11, 'چنارودجنوبی', '2020-03-13 02:04:09', '2020-03-13 02:04:09'),
(2215, 2215, 11, 'چنارودشمالی', '2020-03-13 02:04:09', '2020-03-13 02:04:09'),
(2216, 2216, 11, 'کاوه آهنگر', '2020-03-13 02:04:09', '2020-03-13 02:04:09'),
(2217, 2217, 11, 'کبوترسرخ', '2020-03-13 02:04:09', '2020-03-13 02:04:09'),
(2218, 2218, 11, 'چادگان', '2020-03-13 02:04:09', '2020-03-13 02:04:09'),
(2219, 2219, 11, 'رزوه', '2020-03-13 02:04:09', '2020-03-13 02:04:09'),
(2220, 2220, 11, 'قمبوان', '2020-03-13 02:04:09', '2020-03-13 02:04:09'),
(2221, 2221, 11, 'موسی آباد', '2020-03-13 02:04:09', '2020-03-13 02:04:09'),
(2222, 2222, 11, 'همگین', '2020-03-13 02:04:09', '2020-03-13 02:04:09'),
(2223, 2223, 11, 'دهاقان', '2020-03-13 02:04:09', '2020-03-13 02:04:09'),
(2224, 2224, 11, 'گلشن', '2020-03-13 02:04:09', '2020-03-13 02:04:09'),
(2225, 2225, 11, 'برخوارشرقی', '2020-03-13 02:04:09', '2020-03-13 02:04:09'),
(2227, 2227, 11, 'حبیب آباد', '2020-03-13 02:04:09', '2020-03-13 02:04:09'),
(2228, 2228, 11, 'شاپورآباد', '2020-03-13 02:04:09', '2020-03-13 02:04:09'),
(2229, 2229, 11, 'کمشچه', '2020-03-13 02:04:09', '2020-03-13 02:04:09'),
(2231, 2231, 11, 'برخوارمرکزی', '2020-03-13 02:04:09', '2020-03-13 02:04:09'),
(2232, 2232, 11, 'خورزوق', '2020-03-13 02:04:09', '2020-03-13 02:04:09'),
(2233, 2233, 11, 'دستگرد', '2020-03-13 02:04:09', '2020-03-13 02:04:09'),
(2234, 2234, 11, 'دولت آباد', '2020-03-13 02:04:09', '2020-03-13 02:04:09'),
(2235, 2235, 11, 'سین', '2020-03-13 02:04:09', '2020-03-13 02:04:09'),
(2236, 2236, 11, 'بیابانک', '2020-03-13 02:04:09', '2020-03-13 02:04:09'),
(2238, 2238, 11, 'نخلستان', '2020-03-13 02:04:09', '2020-03-13 02:04:09'),
(2239, 2239, 11, 'خور', '2020-03-13 02:04:09', '2020-03-13 02:04:09'),
(2240, 2240, 11, 'فرخی', '2020-03-13 02:04:09', '2020-03-13 02:04:09'),
(2241, 2241, 11, 'جندق', '2020-03-13 02:04:09', '2020-03-13 02:04:09'),
(2242, 2242, 11, 'سردسیر', '2020-03-13 02:04:09', '2020-03-13 02:04:09'),
(2243, 2243, 11, 'گرجی', '2020-03-13 02:04:09', '2020-03-13 02:04:09'),
(2244, 2244, 11, 'ییلاق', '2020-03-13 02:04:09', '2020-03-13 02:04:09'),
(2245, 2245, 11, 'بویین ومیاندشت', '2020-03-13 02:04:09', '2020-03-13 02:04:09'),
(2246, 2246, 11, 'افوس', '2020-03-13 02:04:09', '2020-03-13 02:04:09'),
(2247, 2247, 11, 'کرچمبوجنوبی', '2020-03-13 02:04:09', '2020-03-13 02:04:09'),
(2248, 2248, 11, 'کرچمبوشمالی', '2020-03-13 02:04:09', '2020-03-13 02:04:09'),
(2249, 2249, 12, 'آب رییس', '2020-03-13 02:04:09', '2020-03-13 02:04:09'),
(2251, 2251, 12, 'بزمان', '2020-03-13 02:04:09', '2020-03-13 02:04:09'),
(2252, 2252, 12, 'بمپورشرقی', '2020-03-13 02:04:09', '2020-03-13 02:04:09'),
(2253, 2253, 12, 'بمپورغربی', '2020-03-13 02:04:09', '2020-03-13 02:04:09'),
(2254, 2254, 12, 'محمدان', '2020-03-13 02:04:09', '2020-03-13 02:04:09'),
(2255, 2255, 12, 'بمپور', '2020-03-13 02:04:09', '2020-03-13 02:04:09'),
(2256, 2256, 12, 'ابتر', '2020-03-13 02:04:09', '2020-03-13 02:04:09'),
(2257, 2257, 12, 'حومه', '2020-03-13 02:04:09', '2020-03-13 02:04:09'),
(2258, 2258, 12, 'دامن', '2020-03-13 02:04:09', '2020-03-13 02:04:09'),
(2259, 2259, 12, 'ایرانشهر', '2020-03-13 02:04:09', '2020-03-13 02:04:09'),
(2260, 2260, 12, 'باهوکلات', '2020-03-13 02:04:09', '2020-03-13 02:04:09'),
(2261, 2261, 12, 'سندمیرثویان', '2020-03-13 02:04:09', '2020-03-13 02:04:09'),
(2263, 2263, 12, 'نگور', '2020-03-13 02:04:09', '2020-03-13 02:04:09'),
(2264, 2264, 12, 'پیرسهراب', '2020-03-13 02:04:09', '2020-03-13 02:04:09'),
(2265, 2265, 12, 'کمبل سلیمان', '2020-03-13 02:04:09', '2020-03-13 02:04:09'),
(2266, 2266, 12, 'چاه بهار', '2020-03-13 02:04:09', '2020-03-13 02:04:09'),
(2267, 2267, 12, 'پلان', '2020-03-13 02:04:09', '2020-03-13 02:04:09'),
(2268, 2268, 12, 'پشتکوه', '2020-03-13 02:04:09', '2020-03-13 02:04:09'),
(2269, 2269, 12, 'سنگان', '2020-03-13 02:04:09', '2020-03-13 02:04:09'),
(2270, 2270, 12, 'کارواندر', '2020-03-13 02:04:09', '2020-03-13 02:04:09'),
(2271, 2271, 12, 'کوه سفید', '2020-03-13 02:04:09', '2020-03-13 02:04:09'),
(2272, 2272, 12, 'اسماعیل آباد', '2020-03-13 02:04:09', '2020-03-13 02:04:09'),
(2273, 2273, 12, 'خاش', '2020-03-13 02:04:09', '2020-03-13 02:04:09'),
(2274, 2274, 12, 'اسکل آباد', '2020-03-13 02:04:09', '2020-03-13 02:04:09'),
(2275, 2275, 12, 'تفتان جنوبی', '2020-03-13 02:04:09', '2020-03-13 02:04:09'),
(2276, 2276, 12, 'گوهرکوه', '2020-03-13 02:04:09', '2020-03-13 02:04:09'),
(2277, 2277, 12, 'نازیل', '2020-03-13 02:04:09', '2020-03-13 02:04:09'),
(2278, 2278, 12, 'نوک آباد', '2020-03-13 02:04:09', '2020-03-13 02:04:09'),
(2279, 2279, 12, 'ایرندگان', '2020-03-13 02:04:09', '2020-03-13 02:04:09'),
(2280, 2280, 12, 'کهنوک', '2020-03-13 02:04:09', '2020-03-13 02:04:09'),
(2282, 2282, 12, 'زابل', '2020-03-13 02:04:09', '2020-03-13 02:04:09'),
(2283, 2283, 12, 'بنجار', '2020-03-13 02:04:09', '2020-03-13 02:04:09'),
(2284, 2284, 12, 'چشمه زیارت', '2020-03-13 02:04:09', '2020-03-13 02:04:09'),
(2285, 2285, 12, 'حرمک', '2020-03-13 02:04:09', '2020-03-13 02:04:09'),
(2286, 2286, 12, 'زاهدان', '2020-03-13 02:04:09', '2020-03-13 02:04:09'),
(2290, 2290, 12, 'دومک', '2020-03-13 02:04:09', '2020-03-13 02:04:09'),
(2292, 2292, 12, 'نصرت آباد', '2020-03-13 02:04:09', '2020-03-13 02:04:09'),
(2293, 2293, 12, 'کورین', '2020-03-13 02:04:09', '2020-03-13 02:04:09'),
(2294, 2294, 12, 'شورو', '2020-03-13 02:04:09', '2020-03-13 02:04:09'),
(2296, 2296, 12, 'کله گان', '2020-03-13 02:04:09', '2020-03-13 02:04:09'),
(2297, 2297, 12, 'ناهوک', '2020-03-13 02:04:09', '2020-03-13 02:04:09'),
(2298, 2298, 12, 'جالق', '2020-03-13 02:04:09', '2020-03-13 02:04:09'),
(2299, 2299, 12, 'حومه', '2020-03-13 02:04:09', '2020-03-13 02:04:09'),
(2301, 2301, 12, 'سراوان', '2020-03-13 02:04:09', '2020-03-13 02:04:09'),
(2302, 2302, 12, 'محمدی', '2020-03-13 02:04:09', '2020-03-13 02:04:09'),
(2303, 2303, 12, 'گشت', '2020-03-13 02:04:09', '2020-03-13 02:04:09'),
(2304, 2304, 12, 'بم پشت', '2020-03-13 02:04:09', '2020-03-13 02:04:09'),
(2305, 2305, 12, 'کشتگان', '2020-03-13 02:04:09', '2020-03-13 02:04:09'),
(2306, 2306, 12, 'کوهک اسفندک', '2020-03-13 02:04:09', '2020-03-13 02:04:09'),
(2307, 2307, 12, 'سیرکان', '2020-03-13 02:04:09', '2020-03-13 02:04:09'),
(2309, 2309, 12, 'توتان ومهمدان', '2020-03-13 02:04:09', '2020-03-13 02:04:09'),
(2310, 2310, 12, 'دستگرد', '2020-03-13 02:04:09', '2020-03-13 02:04:09'),
(2311, 2311, 12, 'بنت', '2020-03-13 02:04:09', '2020-03-13 02:04:09'),
(2312, 2312, 12, 'لاشارجنوبی', '2020-03-13 02:04:09', '2020-03-13 02:04:09'),
(2313, 2313, 12, 'لاشارشمالی', '2020-03-13 02:04:09', '2020-03-13 02:04:09'),
(2314, 2314, 12, 'اسپکه', '2020-03-13 02:04:09', '2020-03-13 02:04:09'),
(2315, 2315, 12, 'چاهان', '2020-03-13 02:04:09', '2020-03-13 02:04:09'),
(2316, 2316, 12, 'مخت', '2020-03-13 02:04:09', '2020-03-13 02:04:09'),
(2317, 2317, 12, 'مهبان', '2020-03-13 02:04:09', '2020-03-13 02:04:09'),
(2318, 2318, 12, 'هیچان', '2020-03-13 02:04:09', '2020-03-13 02:04:09'),
(2319, 2319, 12, 'نیک شهر', '2020-03-13 02:04:09', '2020-03-13 02:04:09'),
(2320, 2320, 12, 'چانف', '2020-03-13 02:04:09', '2020-03-13 02:04:09'),
(2321, 2321, 12, 'کهیری', '2020-03-13 02:04:09', '2020-03-13 02:04:09'),
(2323, 2323, 12, 'زردبن', '2020-03-13 02:04:09', '2020-03-13 02:04:09'),
(2324, 2324, 12, 'پیشین', '2020-03-13 02:04:09', '2020-03-13 02:04:09'),
(2326, 2326, 12, 'سرکور', '2020-03-13 02:04:09', '2020-03-13 02:04:09'),
(2327, 2327, 12, 'کیشکور', '2020-03-13 02:04:09', '2020-03-13 02:04:09'),
(2328, 2328, 12, 'مینان', '2020-03-13 02:04:09', '2020-03-13 02:04:09'),
(2329, 2329, 12, 'نسکند', '2020-03-13 02:04:09', '2020-03-13 02:04:09'),
(2330, 2330, 12, 'سرباز', '2020-03-13 02:04:09', '2020-03-13 02:04:09'),
(2331, 2331, 12, 'راسک وفیروزآباد', '2020-03-13 02:04:09', '2020-03-13 02:04:09'),
(2332, 2332, 12, 'جکیگور', '2020-03-13 02:04:09', '2020-03-13 02:04:09'),
(2333, 2333, 12, 'راسک', '2020-03-13 02:04:09', '2020-03-13 02:04:09'),
(2334, 2334, 12, 'پارود', '2020-03-13 02:04:09', '2020-03-13 02:04:09'),
(2335, 2335, 12, 'مورتان', '2020-03-13 02:04:09', '2020-03-13 02:04:09'),
(2336, 2336, 12, 'زرآبادشرقی', '2020-03-13 02:04:09', '2020-03-13 02:04:09'),
(2337, 2337, 12, 'زرآبادغربی', '2020-03-13 02:04:09', '2020-03-13 02:04:09'),
(2338, 2338, 12, 'زرآباد', '2020-03-13 02:04:09', '2020-03-13 02:04:09'),
(2339, 2339, 12, 'جهلیان', '2020-03-13 02:04:09', '2020-03-13 02:04:09'),
(2340, 2340, 12, 'کهیر', '2020-03-13 02:04:09', '2020-03-13 02:04:09'),
(2341, 2341, 12, 'کنارک', '2020-03-13 02:04:09', '2020-03-13 02:04:09'),
(2342, 2342, 12, 'جزینک', '2020-03-13 02:04:09', '2020-03-13 02:04:09'),
(2343, 2343, 12, 'خمک', '2020-03-13 02:04:09', '2020-03-13 02:04:09'),
(2344, 2344, 12, 'خواجه احمد', '2020-03-13 02:04:09', '2020-03-13 02:04:09'),
(2346, 2346, 12, 'زهک', '2020-03-13 02:04:09', '2020-03-13 02:04:09'),
(2348, 2348, 12, 'مارگان', '2020-03-13 02:04:09', '2020-03-13 02:04:09'),
(2349, 2349, 12, 'جهان آباد', '2020-03-13 02:04:09', '2020-03-13 02:04:09'),
(2350, 2350, 12, 'دوست محمد', '2020-03-13 02:04:09', '2020-03-13 02:04:09'),
(2351, 2351, 12, 'قرقری', '2020-03-13 02:04:09', '2020-03-13 02:04:09'),
(2352, 2352, 12, 'اکبرآباد', '2020-03-13 02:04:09', '2020-03-13 02:04:09'),
(2353, 2353, 12, 'گنبد علوی', '2020-03-13 02:04:09', '2020-03-13 02:04:09'),
(2354, 2354, 12, 'دلگان', '2020-03-13 02:04:09', '2020-03-13 02:04:09'),
(2355, 2355, 12, 'هودیان', '2020-03-13 02:04:09', '2020-03-13 02:04:09'),
(2356, 2356, 12, 'گلمورتی', '2020-03-13 02:04:09', '2020-03-13 02:04:09'),
(2357, 2357, 12, 'جلگه چاه هاشم', '2020-03-13 02:04:09', '2020-03-13 02:04:09'),
(2358, 2358, 12, 'چاه علی', '2020-03-13 02:04:09', '2020-03-13 02:04:09'),
(2360, 2360, 12, 'بیرک', '2020-03-13 02:04:09', '2020-03-13 02:04:09'),
(2361, 2361, 12, 'زابلی', '2020-03-13 02:04:09', '2020-03-13 02:04:09'),
(2362, 2362, 12, 'آشار', '2020-03-13 02:04:09', '2020-03-13 02:04:09'),
(2363, 2363, 12, 'ایرافشان', '2020-03-13 02:04:09', '2020-03-13 02:04:09'),
(2364, 2364, 12, 'سیب وسوران', '2020-03-13 02:04:09', '2020-03-13 02:04:09'),
(2365, 2365, 12, 'پسکوه', '2020-03-13 02:04:09', '2020-03-13 02:04:09'),
(2366, 2366, 12, 'سوران', '2020-03-13 02:04:09', '2020-03-13 02:04:09'),
(2368, 2368, 12, 'کنت', '2020-03-13 02:04:09', '2020-03-13 02:04:09'),
(2369, 2369, 12, 'هیدوچ', '2020-03-13 02:04:09', '2020-03-13 02:04:09'),
(2371, 2371, 12, 'بزی', '2020-03-13 02:04:09', '2020-03-13 02:04:09'),
(2372, 2372, 12, 'ادیمی', '2020-03-13 02:04:09', '2020-03-13 02:04:09'),
(2373, 2373, 12, 'قایم آباد', '2020-03-13 02:04:09', '2020-03-13 02:04:09'),
(2374, 2374, 12, 'سفیدابه', '2020-03-13 02:04:09', '2020-03-13 02:04:09'),
(2375, 2375, 12, 'لوتک', '2020-03-13 02:04:09', '2020-03-13 02:04:09'),
(2377, 2377, 12, 'شهرک علی اکبر', '2020-03-13 02:04:09', '2020-03-13 02:04:09'),
(2378, 2378, 12, 'محمدآباد', '2020-03-13 02:04:09', '2020-03-13 02:04:09'),
(2379, 2379, 12, 'تیمورآباد', '2020-03-13 02:04:09', '2020-03-13 02:04:09'),
(2380, 2380, 12, 'کوه خواجه', '2020-03-13 02:04:09', '2020-03-13 02:04:09'),
(2381, 2381, 12, 'حومه', '2020-03-13 02:04:09', '2020-03-13 02:04:09'),
(2382, 2382, 12, 'انده', '2020-03-13 02:04:09', '2020-03-13 02:04:09'),
(2383, 2383, 12, 'میرجاوه', '2020-03-13 02:04:09', '2020-03-13 02:04:09'),
(2384, 2384, 12, 'تمین', '2020-03-13 02:04:09', '2020-03-13 02:04:09'),
(2385, 2385, 12, 'لادیز', '2020-03-13 02:04:09', '2020-03-13 02:04:09'),
(2386, 2386, 12, 'جون آباد', '2020-03-13 02:04:09', '2020-03-13 02:04:09'),
(2387, 2387, 12, 'ریگ ملک', '2020-03-13 02:04:09', '2020-03-13 02:04:09'),
(2388, 2388, 12, 'تهلاب', '2020-03-13 02:04:09', '2020-03-13 02:04:09'),
(2389, 2389, 12, 'هلونچگان', '2020-03-13 02:04:09', '2020-03-13 02:04:09'),
(2390, 2390, 12, 'هیت', '2020-03-13 02:04:09', '2020-03-13 02:04:09'),
(2391, 2391, 12, 'قصرقند', '2020-03-13 02:04:09', '2020-03-13 02:04:09'),
(2392, 2392, 12, 'ساربوک', '2020-03-13 02:04:09', '2020-03-13 02:04:09'),
(2393, 2393, 12, 'حمیری', '2020-03-13 02:04:09', '2020-03-13 02:04:09'),
(2394, 2394, 12, 'تلنگ', '2020-03-13 02:04:09', '2020-03-13 02:04:09'),
(2395, 2395, 12, 'شارک', '2020-03-13 02:04:09', '2020-03-13 02:04:09'),
(2397, 2397, 12, 'مسکوتان', '2020-03-13 02:04:09', '2020-03-13 02:04:09'),
(2398, 2398, 12, 'فنوج', '2020-03-13 02:04:09', '2020-03-13 02:04:09'),
(2399, 2399, 12, 'کتیج', '2020-03-13 02:04:09', '2020-03-13 02:04:09'),
(2400, 2400, 12, 'محترم آباد', '2020-03-13 02:04:09', '2020-03-13 02:04:09'),
(2401, 2401, 13, 'پشت آربابا', '2020-03-13 02:04:09', '2020-03-13 02:04:09'),
(2402, 2402, 13, 'بله که', '2020-03-13 02:04:09', '2020-03-13 02:04:09');
INSERT INTO `city` (`id`, `City_No`, `State_No`, `City_Name`, `created_at`, `updated_at`) VALUES
(2403, 2403, 13, 'آرمرده', '2020-03-13 02:04:09', '2020-03-13 02:04:09'),
(2404, 2404, 13, 'شوی', '2020-03-13 02:04:09', '2020-03-13 02:04:09'),
(2405, 2405, 13, 'بانه', '2020-03-13 02:04:09', '2020-03-13 02:04:09'),
(2407, 2407, 13, 'نمه شیر', '2020-03-13 02:04:09', '2020-03-13 02:04:09'),
(2408, 2408, 13, 'بوالحسن', '2020-03-13 02:04:09', '2020-03-13 02:04:09'),
(2409, 2409, 13, 'کانی سور', '2020-03-13 02:04:09', '2020-03-13 02:04:09'),
(2410, 2410, 13, 'بویین', '2020-03-13 02:04:09', '2020-03-13 02:04:09'),
(2411, 2411, 13, 'ننور', '2020-03-13 02:04:09', '2020-03-13 02:04:09'),
(2412, 2412, 13, 'بویین سفلی', '2020-03-13 02:04:09', '2020-03-13 02:04:09'),
(2415, 2415, 13, 'خسروآباد', '2020-03-13 02:04:09', '2020-03-13 02:04:09'),
(2416, 2416, 13, 'بابارشانی', '2020-03-13 02:04:09', '2020-03-13 02:04:09'),
(2417, 2417, 13, 'پیرتاج', '2020-03-13 02:04:09', '2020-03-13 02:04:09'),
(2418, 2418, 13, 'طغامین', '2020-03-13 02:04:09', '2020-03-13 02:04:09'),
(2419, 2419, 13, 'کرانی', '2020-03-13 02:04:09', '2020-03-13 02:04:09'),
(2420, 2420, 13, 'گرگین', '2020-03-13 02:04:09', '2020-03-13 02:04:09'),
(2421, 2421, 13, 'یاسوکند', '2020-03-13 02:04:09', '2020-03-13 02:04:09'),
(2422, 2422, 13, 'حومه', '2020-03-13 02:04:09', '2020-03-13 02:04:09'),
(2423, 2423, 13, 'خورخوره', '2020-03-13 02:04:09', '2020-03-13 02:04:09'),
(2424, 2424, 13, 'سیلتان', '2020-03-13 02:04:09', '2020-03-13 02:04:09'),
(2425, 2425, 13, 'نجف آباد', '2020-03-13 02:04:09', '2020-03-13 02:04:09'),
(2426, 2426, 13, 'سیاه منصور', '2020-03-13 02:04:09', '2020-03-13 02:04:09'),
(2427, 2427, 13, 'بیجار', '2020-03-13 02:04:09', '2020-03-13 02:04:09'),
(2428, 2428, 13, 'توپ آغاج', '2020-03-13 02:04:09', '2020-03-13 02:04:09'),
(2429, 2429, 13, 'گل تپه', '2020-03-13 02:04:09', '2020-03-13 02:04:09'),
(2431, 2431, 13, 'صاحب', '2020-03-13 02:04:09', '2020-03-13 02:04:09'),
(2432, 2432, 13, 'ترجان', '2020-03-13 02:04:09', '2020-03-13 02:04:09'),
(2433, 2433, 13, 'تموغه', '2020-03-13 02:04:09', '2020-03-13 02:04:09'),
(2434, 2434, 13, 'سرا', '2020-03-13 02:04:09', '2020-03-13 02:04:09'),
(2435, 2435, 13, 'میرده', '2020-03-13 02:04:09', '2020-03-13 02:04:09'),
(2436, 2436, 13, 'سقز', '2020-03-13 02:04:09', '2020-03-13 02:04:09'),
(2437, 2437, 13, 'چهل چشمه غربی', '2020-03-13 02:04:09', '2020-03-13 02:04:09'),
(2438, 2438, 13, 'ذوالفقار', '2020-03-13 02:04:09', '2020-03-13 02:04:09'),
(2439, 2439, 13, 'امام', '2020-03-13 02:04:09', '2020-03-13 02:04:09'),
(2440, 2440, 13, 'تیلکوه', '2020-03-13 02:04:09', '2020-03-13 02:04:09'),
(2441, 2441, 13, 'خورخوره', '2020-03-13 02:04:09', '2020-03-13 02:04:09'),
(2442, 2442, 13, 'آبیدر', '2020-03-13 02:04:09', '2020-03-13 02:04:09'),
(2443, 2443, 13, 'آرندان', '2020-03-13 02:04:09', '2020-03-13 02:04:09'),
(2444, 2444, 13, 'حومه', '2020-03-13 02:04:09', '2020-03-13 02:04:09'),
(2445, 2445, 13, 'نران', '2020-03-13 02:04:09', '2020-03-13 02:04:09'),
(2446, 2446, 13, 'سراب قامیش', '2020-03-13 02:04:09', '2020-03-13 02:04:09'),
(2447, 2447, 13, 'سنندج', '2020-03-13 02:04:09', '2020-03-13 02:04:09'),
(2451, 2451, 13, 'ژاورودغربی', '2020-03-13 02:04:09', '2020-03-13 02:04:09'),
(2452, 2452, 13, 'کلاترزان', '2020-03-13 02:04:09', '2020-03-13 02:04:09'),
(2453, 2453, 13, 'نگل', '2020-03-13 02:04:09', '2020-03-13 02:04:09'),
(2454, 2454, 13, 'شویشه', '2020-03-13 02:04:09', '2020-03-13 02:04:09'),
(2455, 2455, 13, 'حسین آبادجنوبی', '2020-03-13 02:04:09', '2020-03-13 02:04:09'),
(2456, 2456, 13, 'حسین آبادشمالی', '2020-03-13 02:04:09', '2020-03-13 02:04:09'),
(2457, 2457, 13, 'ژاورودشرقی', '2020-03-13 02:04:09', '2020-03-13 02:04:09'),
(2458, 2458, 13, 'میانرود', '2020-03-13 02:04:09', '2020-03-13 02:04:09'),
(2459, 2459, 13, 'بدر', '2020-03-13 02:04:09', '2020-03-13 02:04:09'),
(2460, 2460, 13, 'پنجه علی شمالی', '2020-03-13 02:04:09', '2020-03-13 02:04:09'),
(2461, 2461, 13, 'پنجه علی جنوبی', '2020-03-13 02:04:09', '2020-03-13 02:04:09'),
(2462, 2462, 13, 'قروه', '2020-03-13 02:04:09', '2020-03-13 02:04:09'),
(2463, 2463, 13, 'قصلان', '2020-03-13 02:04:09', '2020-03-13 02:04:09'),
(2464, 2464, 13, 'لک', '2020-03-13 02:04:09', '2020-03-13 02:04:09'),
(2465, 2465, 13, 'یالغوزآغاج', '2020-03-13 02:04:09', '2020-03-13 02:04:09'),
(2466, 2466, 13, 'سریش آباد', '2020-03-13 02:04:09', '2020-03-13 02:04:09'),
(2467, 2467, 13, 'چهاردولی شرقی', '2020-03-13 02:04:09', '2020-03-13 02:04:09'),
(2468, 2468, 13, 'چهاردولی غربی', '2020-03-13 02:04:09', '2020-03-13 02:04:09'),
(2469, 2469, 13, 'دزج', '2020-03-13 02:04:09', '2020-03-13 02:04:09'),
(2471, 2471, 13, 'مالوجه', '2020-03-13 02:04:09', '2020-03-13 02:04:09'),
(2472, 2472, 13, 'دلبران', '2020-03-13 02:04:09', '2020-03-13 02:04:09'),
(2473, 2473, 13, 'خاوومیرآباد', '2020-03-13 02:04:09', '2020-03-13 02:04:09'),
(2474, 2474, 13, 'برده رشه', '2020-03-13 02:04:09', '2020-03-13 02:04:09'),
(2475, 2475, 13, 'سرشیو', '2020-03-13 02:04:09', '2020-03-13 02:04:09'),
(2476, 2476, 13, 'گلچیدر', '2020-03-13 02:04:09', '2020-03-13 02:04:09'),
(2477, 2477, 13, 'چناره', '2020-03-13 02:04:09', '2020-03-13 02:04:09'),
(2478, 2478, 13, 'زریوار', '2020-03-13 02:04:09', '2020-03-13 02:04:09'),
(2479, 2479, 13, 'سرکل', '2020-03-13 02:04:09', '2020-03-13 02:04:09'),
(2480, 2480, 13, 'کوماسی', '2020-03-13 02:04:09', '2020-03-13 02:04:09'),
(2481, 2481, 13, 'مریوان', '2020-03-13 02:04:09', '2020-03-13 02:04:09'),
(2482, 2482, 13, 'کانی دینار', '2020-03-13 02:04:09', '2020-03-13 02:04:09'),
(2483, 2483, 13, 'اوباتو', '2020-03-13 02:04:09', '2020-03-13 02:04:09'),
(2485, 2485, 13, 'کانی شیرین', '2020-03-13 02:04:09', '2020-03-13 02:04:09'),
(2486, 2486, 13, 'زرینه', '2020-03-13 02:04:09', '2020-03-13 02:04:09'),
(2487, 2487, 13, 'چهل چشمه', '2020-03-13 02:04:09', '2020-03-13 02:04:09'),
(2488, 2488, 13, 'حومه', '2020-03-13 02:04:09', '2020-03-13 02:04:09'),
(2489, 2489, 13, 'قراتوره', '2020-03-13 02:04:09', '2020-03-13 02:04:09'),
(2490, 2490, 13, 'دیواندره', '2020-03-13 02:04:09', '2020-03-13 02:04:09'),
(2491, 2491, 13, 'سارال', '2020-03-13 02:04:09', '2020-03-13 02:04:09'),
(2492, 2492, 13, 'کوله', '2020-03-13 02:04:09', '2020-03-13 02:04:09'),
(2493, 2493, 13, 'بیلوار', '2020-03-13 02:04:09', '2020-03-13 02:04:09'),
(2494, 2494, 13, 'ژاورود', '2020-03-13 02:04:09', '2020-03-13 02:04:09'),
(2495, 2495, 13, 'شاهو', '2020-03-13 02:04:09', '2020-03-13 02:04:09'),
(2496, 2496, 13, 'کامیاران', '2020-03-13 02:04:09', '2020-03-13 02:04:09'),
(2497, 2497, 13, 'امیرآباد', '2020-03-13 02:04:09', '2020-03-13 02:04:09'),
(2498, 2498, 13, 'سورسور', '2020-03-13 02:04:09', '2020-03-13 02:04:09'),
(2499, 2499, 13, 'عوالان', '2020-03-13 02:04:09', '2020-03-13 02:04:09'),
(2500, 2500, 13, 'گاورود', '2020-03-13 02:04:09', '2020-03-13 02:04:09'),
(2501, 2501, 13, 'موچش', '2020-03-13 02:04:09', '2020-03-13 02:04:09'),
(2503, 2503, 13, 'شالیار', '2020-03-13 02:04:09', '2020-03-13 02:04:09'),
(2504, 2504, 13, 'اورامان تخت', '2020-03-13 02:04:09', '2020-03-13 02:04:09'),
(2505, 2505, 13, 'بیساران', '2020-03-13 02:04:09', '2020-03-13 02:04:09'),
(2506, 2506, 13, 'پایگلان', '2020-03-13 02:04:09', '2020-03-13 02:04:09'),
(2507, 2507, 13, 'رزآب', '2020-03-13 02:04:09', '2020-03-13 02:04:09'),
(2508, 2508, 13, 'ژریژه', '2020-03-13 02:04:09', '2020-03-13 02:04:09'),
(2509, 2509, 13, 'کوسالان', '2020-03-13 02:04:09', '2020-03-13 02:04:09'),
(2510, 2510, 13, 'دزلی', '2020-03-13 02:04:09', '2020-03-13 02:04:09'),
(2511, 2511, 13, 'سروآباد', '2020-03-13 02:04:09', '2020-03-13 02:04:09'),
(2512, 2512, 13, 'ییلاق شمالی', '2020-03-13 02:04:09', '2020-03-13 02:04:09'),
(2513, 2513, 13, 'حومه دهگلان', '2020-03-13 02:04:09', '2020-03-13 02:04:09'),
(2514, 2514, 13, 'قوری چای', '2020-03-13 02:04:09', '2020-03-13 02:04:09'),
(2515, 2515, 13, 'دهگلان', '2020-03-13 02:04:09', '2020-03-13 02:04:09'),
(2516, 2516, 13, 'ییلاق جنوبی', '2020-03-13 02:04:09', '2020-03-13 02:04:09'),
(2517, 2517, 13, 'سیس', '2020-03-13 02:04:09', '2020-03-13 02:04:09'),
(2518, 2518, 13, 'بلبان آباد', '2020-03-13 02:04:09', '2020-03-13 02:04:09'),
(2519, 2519, 14, 'قلقل رود', '2020-03-13 02:04:09', '2020-03-13 02:04:09'),
(2520, 2520, 14, 'کمال رود', '2020-03-13 02:04:09', '2020-03-13 02:04:09'),
(2521, 2521, 14, 'میان رود', '2020-03-13 02:04:09', '2020-03-13 02:04:09'),
(2522, 2522, 14, 'فرسفج', '2020-03-13 02:04:09', '2020-03-13 02:04:09'),
(2523, 2523, 14, 'حیقوق نبی', '2020-03-13 02:04:09', '2020-03-13 02:04:09'),
(2524, 2524, 14, 'خرم رود', '2020-03-13 02:04:09', '2020-03-13 02:04:09'),
(2525, 2525, 14, 'سیدشهاب', '2020-03-13 02:04:09', '2020-03-13 02:04:09'),
(2526, 2526, 14, 'کرزان رود', '2020-03-13 02:04:09', '2020-03-13 02:04:09'),
(2527, 2527, 14, 'تویسرکان', '2020-03-13 02:04:09', '2020-03-13 02:04:09'),
(2528, 2528, 14, 'سرکان', '2020-03-13 02:04:09', '2020-03-13 02:04:09'),
(2529, 2529, 14, 'المهدی', '2020-03-13 02:04:09', '2020-03-13 02:04:09'),
(2530, 2530, 14, 'ترک غربی', '2020-03-13 02:04:09', '2020-03-13 02:04:09'),
(2532, 2532, 14, 'ازندریان', '2020-03-13 02:04:09', '2020-03-13 02:04:09'),
(2533, 2533, 14, 'جوکار', '2020-03-13 02:04:09', '2020-03-13 02:04:09'),
(2534, 2534, 14, 'آورزمان', '2020-03-13 02:04:09', '2020-03-13 02:04:09'),
(2535, 2535, 14, 'حرم رودسفلی', '2020-03-13 02:04:09', '2020-03-13 02:04:09'),
(2537, 2537, 14, 'سفیدکوه', '2020-03-13 02:04:09', '2020-03-13 02:04:09'),
(2538, 2538, 14, 'سامن', '2020-03-13 02:04:09', '2020-03-13 02:04:09'),
(2539, 2539, 14, 'جوزان', '2020-03-13 02:04:09', '2020-03-13 02:04:09'),
(2540, 2540, 14, 'حرم رودعلیا', '2020-03-13 02:04:09', '2020-03-13 02:04:09'),
(2541, 2541, 14, 'موزاران', '2020-03-13 02:04:09', '2020-03-13 02:04:09'),
(2542, 2542, 14, 'کوه سرده', '2020-03-13 02:04:09', '2020-03-13 02:04:09'),
(2543, 2543, 14, 'ترک شرقی', '2020-03-13 02:04:09', '2020-03-13 02:04:09'),
(2544, 2544, 14, 'ملایر', '2020-03-13 02:04:09', '2020-03-13 02:04:09'),
(2545, 2545, 14, 'کمازان سفلی', '2020-03-13 02:04:09', '2020-03-13 02:04:09'),
(2546, 2546, 14, 'کمازان علیا', '2020-03-13 02:04:09', '2020-03-13 02:04:09'),
(2547, 2547, 14, 'کمازان وسطی', '2020-03-13 02:04:09', '2020-03-13 02:04:09'),
(2548, 2548, 14, 'زنگنه', '2020-03-13 02:04:09', '2020-03-13 02:04:09'),
(2549, 2549, 14, 'خزل شرقی', '2020-03-13 02:04:09', '2020-03-13 02:04:09'),
(2550, 2550, 14, 'سلگی', '2020-03-13 02:04:09', '2020-03-13 02:04:09'),
(2551, 2551, 14, 'فیروزان', '2020-03-13 02:04:09', '2020-03-13 02:04:09'),
(2552, 2552, 14, 'شعبان', '2020-03-13 02:04:09', '2020-03-13 02:04:09'),
(2553, 2553, 14, 'طریق الاسلام', '2020-03-13 02:04:09', '2020-03-13 02:04:09'),
(2554, 2554, 14, 'گاماسیاب', '2020-03-13 02:04:09', '2020-03-13 02:04:09'),
(2555, 2555, 14, 'نهاوند', '2020-03-13 02:04:09', '2020-03-13 02:04:09'),
(2556, 2556, 14, 'فضل', '2020-03-13 02:04:09', '2020-03-13 02:04:09'),
(2557, 2557, 14, 'گرین', '2020-03-13 02:04:09', '2020-03-13 02:04:09'),
(2558, 2558, 14, 'برزول', '2020-03-13 02:04:09', '2020-03-13 02:04:09'),
(2559, 2559, 14, 'سراب', '2020-03-13 02:04:09', '2020-03-13 02:04:09'),
(2561, 2561, 14, 'گیان', '2020-03-13 02:04:09', '2020-03-13 02:04:09'),
(2562, 2562, 14, 'جیحون دشت', '2020-03-13 02:04:09', '2020-03-13 02:04:09'),
(2563, 2563, 14, 'چاه دشت', '2020-03-13 02:04:09', '2020-03-13 02:04:09'),
(2564, 2564, 14, 'شوردشت', '2020-03-13 02:04:09', '2020-03-13 02:04:09'),
(2565, 2565, 14, 'قهاوند', '2020-03-13 02:04:09', '2020-03-13 02:04:09'),
(2566, 2566, 14, 'ابرو', '2020-03-13 02:04:09', '2020-03-13 02:04:09'),
(2567, 2567, 14, 'الوندکوه شرقی', '2020-03-13 02:04:09', '2020-03-13 02:04:09'),
(2568, 2568, 14, 'الوندکوه غربی', '2020-03-13 02:04:09', '2020-03-13 02:04:09'),
(2569, 2569, 14, 'سنگستان', '2020-03-13 02:04:09', '2020-03-13 02:04:09'),
(2570, 2570, 14, 'گنبد', '2020-03-13 02:04:09', '2020-03-13 02:04:09'),
(2571, 2571, 14, 'هگمتانه', '2020-03-13 02:04:09', '2020-03-13 02:04:09'),
(2572, 2572, 14, 'مریانج', '2020-03-13 02:04:09', '2020-03-13 02:04:09'),
(2573, 2573, 14, 'همدان', '2020-03-13 02:04:09', '2020-03-13 02:04:09'),
(2576, 2576, 14, 'جورقان', '2020-03-13 02:04:09', '2020-03-13 02:04:09'),
(2579, 2579, 14, 'علیصدر', '2020-03-13 02:04:09', '2020-03-13 02:04:09'),
(2581, 2581, 14, 'مهربان سفلی', '2020-03-13 02:04:09', '2020-03-13 02:04:09'),
(2582, 2582, 14, 'گل تپه', '2020-03-13 02:04:09', '2020-03-13 02:04:09'),
(2583, 2583, 14, 'حاجیلو', '2020-03-13 02:04:09', '2020-03-13 02:04:09'),
(2584, 2584, 14, 'راهب', '2020-03-13 02:04:09', '2020-03-13 02:04:09'),
(2585, 2585, 14, 'سبزدشت', '2020-03-13 02:04:09', '2020-03-13 02:04:09'),
(2586, 2586, 14, 'کوهین', '2020-03-13 02:04:09', '2020-03-13 02:04:09'),
(2587, 2587, 14, 'سرداران', '2020-03-13 02:04:09', '2020-03-13 02:04:09'),
(2588, 2588, 14, 'کبودرآهنگ', '2020-03-13 02:04:09', '2020-03-13 02:04:09'),
(2590, 2590, 14, 'مهربان علیا', '2020-03-13 02:04:09', '2020-03-13 02:04:09'),
(2591, 2591, 14, 'شیرین سو', '2020-03-13 02:04:09', '2020-03-13 02:04:09'),
(2592, 2592, 14, 'جلگه', '2020-03-13 02:04:09', '2020-03-13 02:04:09'),
(2593, 2593, 14, 'چهاردولی', '2020-03-13 02:04:09', '2020-03-13 02:04:09'),
(2594, 2594, 14, 'دربندرود', '2020-03-13 02:04:09', '2020-03-13 02:04:09'),
(2595, 2595, 14, 'سیدجمال الدین', '2020-03-13 02:04:09', '2020-03-13 02:04:09'),
(2596, 2596, 14, 'اسدآباد', '2020-03-13 02:04:09', '2020-03-13 02:04:09'),
(2597, 2597, 14, 'پیرسلیمان', '2020-03-13 02:04:09', '2020-03-13 02:04:09'),
(2598, 2598, 14, 'کلیایی', '2020-03-13 02:04:09', '2020-03-13 02:04:09'),
(2599, 2599, 14, 'آجین', '2020-03-13 02:04:09', '2020-03-13 02:04:09'),
(2600, 2600, 14, 'سفالگران', '2020-03-13 02:04:09', '2020-03-13 02:04:09'),
(2602, 2602, 14, 'لالجین', '2020-03-13 02:04:09', '2020-03-13 02:04:09'),
(2603, 2603, 14, 'مهاجران', '2020-03-13 02:04:09', '2020-03-13 02:04:09'),
(2604, 2604, 14, 'سیمینه رود', '2020-03-13 02:04:09', '2020-03-13 02:04:09'),
(2605, 2605, 14, 'آبرومند', '2020-03-13 02:04:09', '2020-03-13 02:04:09'),
(2606, 2606, 14, 'بهار', '2020-03-13 02:04:09', '2020-03-13 02:04:09'),
(2607, 2607, 14, 'دیمکاران', '2020-03-13 02:04:09', '2020-03-13 02:04:09'),
(2609, 2609, 14, 'صالح آباد', '2020-03-13 02:04:09', '2020-03-13 02:04:09'),
(2610, 2610, 14, 'بغراطی', '2020-03-13 02:04:09', '2020-03-13 02:04:09'),
(2611, 2611, 14, 'سردرودسفلی', '2020-03-13 02:04:09', '2020-03-13 02:04:09'),
(2612, 2612, 14, 'سردرودعلیا', '2020-03-13 02:04:09', '2020-03-13 02:04:09'),
(2613, 2613, 14, 'دمق', '2020-03-13 02:04:09', '2020-03-13 02:04:09'),
(2614, 2614, 14, 'درجزین سفلی', '2020-03-13 02:04:09', '2020-03-13 02:04:09'),
(2615, 2615, 14, 'درجزین علیا', '2020-03-13 02:04:09', '2020-03-13 02:04:09'),
(2616, 2616, 14, 'قروه درجزین', '2020-03-13 02:04:09', '2020-03-13 02:04:09'),
(2617, 2617, 14, 'خرقان', '2020-03-13 02:04:09', '2020-03-13 02:04:09'),
(2619, 2619, 14, 'رزن', '2020-03-13 02:04:09', '2020-03-13 02:04:09'),
(2620, 2620, 14, 'خرمدشت', '2020-03-13 02:04:09', '2020-03-13 02:04:09'),
(2621, 2621, 14, 'مفتح', '2020-03-13 02:04:09', '2020-03-13 02:04:09'),
(2622, 2622, 14, 'فامنین', '2020-03-13 02:04:09', '2020-03-13 02:04:09'),
(2623, 2623, 14, 'پیشخور', '2020-03-13 02:04:09', '2020-03-13 02:04:09'),
(2624, 2624, 14, 'زردشت', '2020-03-13 02:04:09', '2020-03-13 02:04:09'),
(2626, 2626, 15, 'دوراهان', '2020-03-13 02:04:09', '2020-03-13 02:04:09'),
(2627, 2627, 15, 'گندمان', '2020-03-13 02:04:09', '2020-03-13 02:04:09'),
(2628, 2628, 15, 'حومه', '2020-03-13 02:04:09', '2020-03-13 02:04:09'),
(2629, 2629, 15, 'بروجن', '2020-03-13 02:04:09', '2020-03-13 02:04:09'),
(2630, 2630, 15, 'فرادبنه', '2020-03-13 02:04:09', '2020-03-13 02:04:09'),
(2631, 2631, 15, 'سفیددشت', '2020-03-13 02:04:09', '2020-03-13 02:04:09'),
(2632, 2632, 15, 'نقنه', '2020-03-13 02:04:09', '2020-03-13 02:04:09'),
(2633, 2633, 15, 'امامزاده حمزه علی', '2020-03-13 02:04:09', '2020-03-13 02:04:09'),
(2634, 2634, 15, 'چغاخور', '2020-03-13 02:04:09', '2020-03-13 02:04:09'),
(2635, 2635, 15, 'بلداجی', '2020-03-13 02:04:09', '2020-03-13 02:04:09'),
(2636, 2636, 15, 'حومه', '2020-03-13 02:04:09', '2020-03-13 02:04:09'),
(2638, 2638, 15, 'شهرکرد', '2020-03-13 02:04:09', '2020-03-13 02:04:09'),
(2639, 2639, 15, 'هفشجان', '2020-03-13 02:04:09', '2020-03-13 02:04:09'),
(2640, 2640, 15, 'کیان', '2020-03-13 02:04:09', '2020-03-13 02:04:09'),
(2641, 2641, 15, 'طاقانک', '2020-03-13 02:04:09', '2020-03-13 02:04:09'),
(2642, 2642, 15, 'نافچ', '2020-03-13 02:04:09', '2020-03-13 02:04:09'),
(2643, 2643, 15, 'لار', '2020-03-13 02:04:09', '2020-03-13 02:04:09'),
(2644, 2644, 15, 'مرغملک', '2020-03-13 02:04:09', '2020-03-13 02:04:09'),
(2645, 2645, 15, 'سورشجان', '2020-03-13 02:04:09', '2020-03-13 02:04:09'),
(2646, 2646, 15, 'سودجان', '2020-03-13 02:04:09', '2020-03-13 02:04:09'),
(2647, 2647, 15, 'هارونی', '2020-03-13 02:04:09', '2020-03-13 02:04:09'),
(2648, 2648, 15, 'قهفرخ', '2020-03-13 02:04:09', '2020-03-13 02:04:09'),
(2649, 2649, 15, 'دستگرد', '2020-03-13 02:04:09', '2020-03-13 02:04:09'),
(2650, 2650, 15, 'فرخ شهر', '2020-03-13 02:04:09', '2020-03-13 02:04:09'),
(2651, 2651, 15, 'میزدج علیا', '2020-03-13 02:04:09', '2020-03-13 02:04:09'),
(2652, 2652, 15, 'فارسان', '2020-03-13 02:04:09', '2020-03-13 02:04:09'),
(2653, 2653, 15, 'گوجان', '2020-03-13 02:04:09', '2020-03-13 02:04:09'),
(2654, 2654, 15, 'سراب علیا', '2020-03-13 02:04:09', '2020-03-13 02:04:09'),
(2655, 2655, 15, 'سراب سفلی', '2020-03-13 02:04:09', '2020-03-13 02:04:09'),
(2656, 2656, 15, 'باباحیدر', '2020-03-13 02:04:09', '2020-03-13 02:04:09'),
(2658, 2658, 15, 'میزدج سفلی', '2020-03-13 02:04:09', '2020-03-13 02:04:09'),
(2659, 2659, 15, 'جونقان', '2020-03-13 02:04:09', '2020-03-13 02:04:09'),
(2660, 2660, 15, 'پردنجان', '2020-03-13 02:04:09', '2020-03-13 02:04:09'),
(2661, 2661, 15, 'چلیچه', '2020-03-13 02:04:09', '2020-03-13 02:04:09'),
(2662, 2662, 15, 'فلارد', '2020-03-13 02:04:09', '2020-03-13 02:04:09'),
(2663, 2663, 15, 'پشتکوه', '2020-03-13 02:04:09', '2020-03-13 02:04:09'),
(2664, 2664, 15, 'مال خلیفه', '2020-03-13 02:04:09', '2020-03-13 02:04:09'),
(2665, 2665, 15, 'ریگ', '2020-03-13 02:04:09', '2020-03-13 02:04:09'),
(2666, 2666, 15, 'میلاس', '2020-03-13 02:04:09', '2020-03-13 02:04:09'),
(2667, 2667, 15, 'ارمند', '2020-03-13 02:04:09', '2020-03-13 02:04:09'),
(2668, 2668, 15, 'لردگان', '2020-03-13 02:04:09', '2020-03-13 02:04:09'),
(2669, 2669, 15, 'خانمیرزا', '2020-03-13 02:04:09', '2020-03-13 02:04:09'),
(2670, 2670, 15, 'جوانمردی', '2020-03-13 02:04:09', '2020-03-13 02:04:09'),
(2671, 2671, 15, 'آلونی', '2020-03-13 02:04:09', '2020-03-13 02:04:09'),
(2672, 2672, 15, 'بارز', '2020-03-13 02:04:09', '2020-03-13 02:04:09'),
(2674, 2674, 15, 'منج', '2020-03-13 02:04:09', '2020-03-13 02:04:09'),
(2676, 2676, 15, 'دودراء', '2020-03-13 02:04:09', '2020-03-13 02:04:09'),
(2677, 2677, 15, 'سردشت', '2020-03-13 02:04:09', '2020-03-13 02:04:09'),
(2678, 2678, 15, 'پشتکوه', '2020-03-13 02:04:09', '2020-03-13 02:04:09'),
(2679, 2679, 15, 'دیناران', '2020-03-13 02:04:09', '2020-03-13 02:04:09'),
(2680, 2680, 15, 'اردل', '2020-03-13 02:04:09', '2020-03-13 02:04:09'),
(2681, 2681, 15, 'کاج', '2020-03-13 02:04:09', '2020-03-13 02:04:09'),
(2682, 2682, 15, 'دشتک', '2020-03-13 02:04:09', '2020-03-13 02:04:09'),
(2683, 2683, 15, 'میانکوه', '2020-03-13 02:04:09', '2020-03-13 02:04:09'),
(2684, 2684, 15, 'شلیل', '2020-03-13 02:04:09', '2020-03-13 02:04:09'),
(2685, 2685, 15, 'سرخون', '2020-03-13 02:04:09', '2020-03-13 02:04:09'),
(2686, 2686, 15, 'بازفت بالا', '2020-03-13 02:04:09', '2020-03-13 02:04:09'),
(2687, 2687, 15, 'بازفت پایین', '2020-03-13 02:04:09', '2020-03-13 02:04:09'),
(2688, 2688, 15, 'بازفت', '2020-03-13 02:04:09', '2020-03-13 02:04:09'),
(2689, 2689, 15, 'شوراب تنگزی', '2020-03-13 02:04:09', '2020-03-13 02:04:09'),
(2690, 2690, 15, 'دشت زرین', '2020-03-13 02:04:09', '2020-03-13 02:04:09'),
(2691, 2691, 15, 'میان کوه موگویی', '2020-03-13 02:04:09', '2020-03-13 02:04:09'),
(2692, 2692, 15, 'چلگرد', '2020-03-13 02:04:09', '2020-03-13 02:04:09'),
(2693, 2693, 15, 'دوآب', '2020-03-13 02:04:09', '2020-03-13 02:04:09'),
(2694, 2694, 15, 'شهریاری', '2020-03-13 02:04:09', '2020-03-13 02:04:09'),
(2695, 2695, 15, 'صمصامی', '2020-03-13 02:04:09', '2020-03-13 02:04:09'),
(2696, 2696, 15, 'کیارشرقی', '2020-03-13 02:04:09', '2020-03-13 02:04:09'),
(2697, 2697, 15, 'کیارغربی', '2020-03-13 02:04:09', '2020-03-13 02:04:09'),
(2698, 2698, 15, 'شلمزار', '2020-03-13 02:04:09', '2020-03-13 02:04:09'),
(2699, 2699, 15, 'گهرو', '2020-03-13 02:04:09', '2020-03-13 02:04:09'),
(2700, 2700, 15, 'دستنا', '2020-03-13 02:04:09', '2020-03-13 02:04:09'),
(2702, 2702, 15, 'مشایخ', '2020-03-13 02:04:09', '2020-03-13 02:04:09'),
(2703, 2703, 15, 'ناغان', '2020-03-13 02:04:09', '2020-03-13 02:04:09'),
(2705, 2705, 15, 'چما', '2020-03-13 02:04:09', '2020-03-13 02:04:09'),
(2706, 2706, 15, 'سامان', '2020-03-13 02:04:09', '2020-03-13 02:04:09'),
(2707, 2707, 15, 'هوره', '2020-03-13 02:04:09', '2020-03-13 02:04:09'),
(2708, 2708, 15, 'زرین', '2020-03-13 02:04:09', '2020-03-13 02:04:09'),
(2709, 2709, 15, 'حومه', '2020-03-13 02:04:09', '2020-03-13 02:04:09'),
(2711, 2711, 15, 'بن', '2020-03-13 02:04:09', '2020-03-13 02:04:09'),
(2712, 2712, 15, 'وردنجان', '2020-03-13 02:04:09', '2020-03-13 02:04:09'),
(2713, 2713, 15, 'شیدا', '2020-03-13 02:04:09', '2020-03-13 02:04:09'),
(2714, 2714, 15, 'زاینده رود جنوبی', '2020-03-13 02:04:09', '2020-03-13 02:04:09'),
(2715, 2715, 16, 'ززشرقی', '2020-03-13 02:04:09', '2020-03-13 02:04:09'),
(2716, 2716, 16, 'ززغربی', '2020-03-13 02:04:09', '2020-03-13 02:04:09'),
(2717, 2717, 16, 'ماهرو', '2020-03-13 02:04:09', '2020-03-13 02:04:09'),
(2718, 2718, 16, 'شول آباد', '2020-03-13 02:04:09', '2020-03-13 02:04:09'),
(2719, 2719, 16, 'پاچه لک شرقی', '2020-03-13 02:04:09', '2020-03-13 02:04:09'),
(2720, 2720, 16, 'خمه', '2020-03-13 02:04:09', '2020-03-13 02:04:09'),
(2721, 2721, 16, 'الیگودرز', '2020-03-13 02:04:09', '2020-03-13 02:04:09'),
(2722, 2722, 16, 'پیشکوه ذلقی', '2020-03-13 02:04:09', '2020-03-13 02:04:09'),
(2723, 2723, 16, 'ذلقی شرقی', '2020-03-13 02:04:09', '2020-03-13 02:04:09'),
(2724, 2724, 16, 'ذلقی غربی', '2020-03-13 02:04:09', '2020-03-13 02:04:09'),
(2725, 2725, 16, 'بربرودغربی', '2020-03-13 02:04:09', '2020-03-13 02:04:09'),
(2726, 2726, 16, 'چشمه پر', '2020-03-13 02:04:09', '2020-03-13 02:04:09'),
(2727, 2727, 16, 'بربرودشرقی', '2020-03-13 02:04:09', '2020-03-13 02:04:09'),
(2728, 2728, 16, 'فرسش', '2020-03-13 02:04:09', '2020-03-13 02:04:09'),
(2730, 2730, 16, 'برده سره', '2020-03-13 02:04:09', '2020-03-13 02:04:09'),
(2731, 2731, 16, 'گودرزی', '2020-03-13 02:04:09', '2020-03-13 02:04:09'),
(2732, 2732, 16, 'اشترینان', '2020-03-13 02:04:09', '2020-03-13 02:04:09'),
(2733, 2733, 16, 'دره صیدی', '2020-03-13 02:04:09', '2020-03-13 02:04:09'),
(2734, 2734, 16, 'شیروان', '2020-03-13 02:04:09', '2020-03-13 02:04:09'),
(2735, 2735, 16, 'والانجرد', '2020-03-13 02:04:09', '2020-03-13 02:04:09'),
(2736, 2736, 16, 'همت آباد', '2020-03-13 02:04:09', '2020-03-13 02:04:09'),
(2737, 2737, 16, 'بروجرد', '2020-03-13 02:04:09', '2020-03-13 02:04:09'),
(2740, 2740, 16, 'چم سنگر', '2020-03-13 02:04:09', '2020-03-13 02:04:09'),
(2742, 2742, 16, 'کشور', '2020-03-13 02:04:09', '2020-03-13 02:04:09'),
(2743, 2743, 16, 'گریت', '2020-03-13 02:04:09', '2020-03-13 02:04:09'),
(2744, 2744, 16, 'تنگ هفت', '2020-03-13 02:04:09', '2020-03-13 02:04:09'),
(2745, 2745, 16, 'سپیددشت', '2020-03-13 02:04:09', '2020-03-13 02:04:09'),
(2746, 2746, 16, 'بیرانوندجنوبی', '2020-03-13 02:04:09', '2020-03-13 02:04:09'),
(2747, 2747, 16, 'بیرانوندشمالی', '2020-03-13 02:04:09', '2020-03-13 02:04:09'),
(2748, 2748, 16, 'بیران شهر', '2020-03-13 02:04:09', '2020-03-13 02:04:09'),
(2749, 2749, 16, 'رازان', '2020-03-13 02:04:09', '2020-03-13 02:04:09'),
(2751, 2751, 16, 'قایدرحمت', '2020-03-13 02:04:09', '2020-03-13 02:04:09'),
(2752, 2752, 16, 'زاغه', '2020-03-13 02:04:09', '2020-03-13 02:04:09'),
(2754, 2754, 16, 'ده پیر جنوبی', '2020-03-13 02:04:09', '2020-03-13 02:04:09'),
(2755, 2755, 16, 'ده پیرشمالی', '2020-03-13 02:04:09', '2020-03-13 02:04:09'),
(2756, 2756, 16, 'رباط', '2020-03-13 02:04:09', '2020-03-13 02:04:09'),
(2757, 2757, 16, 'کرگاه غربی', '2020-03-13 02:04:09', '2020-03-13 02:04:09'),
(2758, 2758, 16, 'کرگاه شرقی', '2020-03-13 02:04:09', '2020-03-13 02:04:09'),
(2759, 2759, 16, 'کاکاشرف', '2020-03-13 02:04:09', '2020-03-13 02:04:09'),
(2760, 2760, 16, 'خرم آباد', '2020-03-13 02:04:09', '2020-03-13 02:04:09'),
(2764, 2764, 16, 'ایتیوندجنوبی', '2020-03-13 02:04:09', '2020-03-13 02:04:09'),
(2765, 2765, 16, 'ایتیوندشمالی', '2020-03-13 02:04:09', '2020-03-13 02:04:09'),
(2766, 2766, 16, 'کاکاوندشرقی', '2020-03-13 02:04:09', '2020-03-13 02:04:09'),
(2767, 2767, 16, 'کاکاوندغربی', '2020-03-13 02:04:09', '2020-03-13 02:04:09'),
(2768, 2768, 16, 'هفت چشمه', '2020-03-13 02:04:09', '2020-03-13 02:04:09'),
(2769, 2769, 16, 'میریگ جنوبی', '2020-03-13 02:04:09', '2020-03-13 02:04:09'),
(2770, 2770, 16, 'میریگ شمالی', '2020-03-13 02:04:09', '2020-03-13 02:04:09'),
(2772, 2772, 16, 'نورعلی', '2020-03-13 02:04:09', '2020-03-13 02:04:09'),
(2773, 2773, 16, 'نورآباد', '2020-03-13 02:04:09', '2020-03-13 02:04:09'),
(2774, 2774, 16, 'خاوه جنوبی', '2020-03-13 02:04:09', '2020-03-13 02:04:09'),
(2775, 2775, 16, 'خاوه شمالی', '2020-03-13 02:04:09', '2020-03-13 02:04:09'),
(2777, 2777, 16, 'سیلاخور', '2020-03-13 02:04:09', '2020-03-13 02:04:09'),
(2778, 2778, 16, 'چالانچولان', '2020-03-13 02:04:09', '2020-03-13 02:04:09'),
(2779, 2779, 16, 'حشمت آباد', '2020-03-13 02:04:09', '2020-03-13 02:04:09'),
(2781, 2781, 16, 'ژان', '2020-03-13 02:04:09', '2020-03-13 02:04:09'),
(2782, 2782, 16, 'دورود', '2020-03-13 02:04:09', '2020-03-13 02:04:09'),
(2783, 2783, 16, 'طرهان شرقی', '2020-03-13 02:04:09', '2020-03-13 02:04:09'),
(2784, 2784, 16, 'طرهان غربی', '2020-03-13 02:04:09', '2020-03-13 02:04:09'),
(2785, 2785, 16, 'گراب', '2020-03-13 02:04:09', '2020-03-13 02:04:09'),
(2786, 2786, 16, 'کوه دشت جنوبی', '2020-03-13 02:04:09', '2020-03-13 02:04:09'),
(2787, 2787, 16, 'کوه دشت شمالی', '2020-03-13 02:04:09', '2020-03-13 02:04:09'),
(2788, 2788, 16, 'گل گل', '2020-03-13 02:04:09', '2020-03-13 02:04:09'),
(2789, 2789, 16, 'کوهدشت', '2020-03-13 02:04:09', '2020-03-13 02:04:09'),
(2790, 2790, 16, 'زیرتنگ', '2020-03-13 02:04:09', '2020-03-13 02:04:09'),
(2792, 2792, 16, 'کوهنانی', '2020-03-13 02:04:09', '2020-03-13 02:04:09'),
(2793, 2793, 16, 'بلوران', '2020-03-13 02:04:09', '2020-03-13 02:04:09'),
(2795, 2795, 16, 'درب گنبد', '2020-03-13 02:04:09', '2020-03-13 02:04:09'),
(2796, 2796, 16, 'جاپلق شرقی', '2020-03-13 02:04:09', '2020-03-13 02:04:09'),
(2797, 2797, 16, 'جاپلق غربی', '2020-03-13 02:04:09', '2020-03-13 02:04:09'),
(2798, 2798, 16, 'مومن آباد', '2020-03-13 02:04:09', '2020-03-13 02:04:09'),
(2799, 2799, 16, 'پاچه لک غربی', '2020-03-13 02:04:09', '2020-03-13 02:04:09'),
(2800, 2800, 16, 'سیلاخورشرقی', '2020-03-13 02:04:09', '2020-03-13 02:04:09'),
(2801, 2801, 16, 'ازنا', '2020-03-13 02:04:09', '2020-03-13 02:04:09'),
(2802, 2802, 16, 'جایدر', '2020-03-13 02:04:09', '2020-03-13 02:04:09'),
(2803, 2803, 16, 'جلوگیر', '2020-03-13 02:04:09', '2020-03-13 02:04:09'),
(2804, 2804, 16, 'ملاوی', '2020-03-13 02:04:09', '2020-03-13 02:04:09'),
(2805, 2805, 16, 'میانکوه غربی', '2020-03-13 02:04:09', '2020-03-13 02:04:09'),
(2806, 2806, 16, 'پلدختر', '2020-03-13 02:04:09', '2020-03-13 02:04:09'),
(2807, 2807, 16, 'افرینه', '2020-03-13 02:04:09', '2020-03-13 02:04:09'),
(2809, 2809, 16, 'میانکوه شرقی', '2020-03-13 02:04:09', '2020-03-13 02:04:09'),
(2810, 2810, 16, 'معمولان', '2020-03-13 02:04:09', '2020-03-13 02:04:09'),
(2812, 2812, 16, 'قلایی', '2020-03-13 02:04:09', '2020-03-13 02:04:09'),
(2813, 2813, 16, 'فیروزآباد', '2020-03-13 02:04:09', '2020-03-13 02:04:09'),
(2814, 2814, 16, 'دوآب', '2020-03-13 02:04:09', '2020-03-13 02:04:09'),
(2815, 2815, 16, 'قلعه مظفری', '2020-03-13 02:04:09', '2020-03-13 02:04:09'),
(2816, 2816, 16, 'هنام', '2020-03-13 02:04:09', '2020-03-13 02:04:09'),
(2817, 2817, 16, 'یوسف وند', '2020-03-13 02:04:09', '2020-03-13 02:04:09'),
(2818, 2818, 16, 'الشتر', '2020-03-13 02:04:09', '2020-03-13 02:04:09'),
(2819, 2819, 16, 'تشکن', '2020-03-13 02:04:09', '2020-03-13 02:04:09'),
(2820, 2820, 16, 'دوره', '2020-03-13 02:04:09', '2020-03-13 02:04:09'),
(2821, 2821, 16, 'سراب دوره', '2020-03-13 02:04:09', '2020-03-13 02:04:09'),
(2822, 2822, 16, 'کشکان شمالی', '2020-03-13 02:04:09', '2020-03-13 02:04:09'),
(2823, 2823, 16, 'کشکان جنوبی', '2020-03-13 02:04:09', '2020-03-13 02:04:09'),
(2824, 2824, 16, 'شوراب', '2020-03-13 02:04:09', '2020-03-13 02:04:09'),
(2826, 2826, 16, 'ویسیان', '2020-03-13 02:04:09', '2020-03-13 02:04:09'),
(2827, 2827, 16, 'سوری', '2020-03-13 02:04:09', '2020-03-13 02:04:09'),
(2828, 2828, 16, 'رومیانی', '2020-03-13 02:04:09', '2020-03-13 02:04:09'),
(2829, 2829, 16, 'رومشکان', '2020-03-13 02:04:09', '2020-03-13 02:04:09'),
(2830, 2830, 16, 'بازوند', '2020-03-13 02:04:09', '2020-03-13 02:04:09'),
(2831, 2831, 16, 'چقابل', '2020-03-13 02:04:09', '2020-03-13 02:04:09'),
(2832, 2832, 17, 'ارکوازی', '2020-03-13 02:04:09', '2020-03-13 02:04:09'),
(2833, 2833, 17, 'بولی', '2020-03-13 02:04:09', '2020-03-13 02:04:09'),
(2834, 2834, 17, 'چوار', '2020-03-13 02:04:09', '2020-03-13 02:04:09'),
(2835, 2835, 17, 'ده پایین', '2020-03-13 02:04:09', '2020-03-13 02:04:09'),
(2836, 2836, 17, 'کشوری', '2020-03-13 02:04:09', '2020-03-13 02:04:09'),
(2837, 2837, 17, 'ایلام', '2020-03-13 02:04:09', '2020-03-13 02:04:09'),
(2838, 2838, 17, 'میش خاص', '2020-03-13 02:04:09', '2020-03-13 02:04:09'),
(2839, 2839, 17, 'علیشروان', '2020-03-13 02:04:09', '2020-03-13 02:04:09'),
(2840, 2840, 17, 'ارمو', '2020-03-13 02:04:09', '2020-03-13 02:04:09'),
(2841, 2841, 17, 'زرین دشت', '2020-03-13 02:04:09', '2020-03-13 02:04:09'),
(2842, 2842, 17, 'دره شهر', '2020-03-13 02:04:09', '2020-03-13 02:04:09'),
(2843, 2843, 17, 'کولکنی', '2020-03-13 02:04:09', '2020-03-13 02:04:09'),
(2845, 2845, 17, 'ماژین', '2020-03-13 02:04:09', '2020-03-13 02:04:09'),
(2846, 2846, 17, 'سیدابراهیم', '2020-03-13 02:04:09', '2020-03-13 02:04:09'),
(2847, 2847, 17, 'سیدناصرالدین', '2020-03-13 02:04:09', '2020-03-13 02:04:09'),
(2848, 2848, 17, 'پهله', '2020-03-13 02:04:09', '2020-03-13 02:04:09'),
(2849, 2849, 17, 'اناران', '2020-03-13 02:04:09', '2020-03-13 02:04:09'),
(2850, 2850, 17, 'دهلران', '2020-03-13 02:04:09', '2020-03-13 02:04:09'),
(2851, 2851, 17, 'ابوغویر', '2020-03-13 02:04:09', '2020-03-13 02:04:09'),
(2852, 2852, 17, 'دشت عباس', '2020-03-13 02:04:09', '2020-03-13 02:04:09'),
(2853, 2853, 17, 'نهرعنبر', '2020-03-13 02:04:09', '2020-03-13 02:04:09'),
(2854, 2854, 17, 'موسیان', '2020-03-13 02:04:09', '2020-03-13 02:04:09'),
(2855, 2855, 17, 'تختان', '2020-03-13 02:04:09', '2020-03-13 02:04:09'),
(2856, 2856, 17, 'گوراب', '2020-03-13 02:04:09', '2020-03-13 02:04:09'),
(2857, 2857, 17, 'میمه', '2020-03-13 02:04:09', '2020-03-13 02:04:09'),
(2859, 2859, 17, 'سرابله', '2020-03-13 02:04:09', '2020-03-13 02:04:09'),
(2860, 2860, 17, 'آسمان آباد', '2020-03-13 02:04:09', '2020-03-13 02:04:09'),
(2861, 2861, 17, 'زردلان', '2020-03-13 02:04:09', '2020-03-13 02:04:09'),
(2862, 2862, 17, 'هلیلان', '2020-03-13 02:04:09', '2020-03-13 02:04:09'),
(2863, 2863, 17, 'توحید', '2020-03-13 02:04:09', '2020-03-13 02:04:09'),
(2865, 2865, 17, 'زنجیره', '2020-03-13 02:04:09', '2020-03-13 02:04:09'),
(2866, 2866, 17, 'شباب', '2020-03-13 02:04:09', '2020-03-13 02:04:09'),
(2867, 2867, 17, 'بیجنوند', '2020-03-13 02:04:09', '2020-03-13 02:04:09'),
(2868, 2868, 17, 'قلعه', '2020-03-13 02:04:09', '2020-03-13 02:04:09'),
(2869, 2869, 17, 'بلاوه', '2020-03-13 02:04:09', '2020-03-13 02:04:09'),
(2870, 2870, 17, 'هجداندشت', '2020-03-13 02:04:09', '2020-03-13 02:04:09'),
(2871, 2871, 17, 'صالح آباد', '2020-03-13 02:04:09', '2020-03-13 02:04:09'),
(2872, 2872, 17, 'محسن آب', '2020-03-13 02:04:09', '2020-03-13 02:04:09'),
(2873, 2873, 17, 'مهران', '2020-03-13 02:04:09', '2020-03-13 02:04:09'),
(2875, 2875, 17, 'آب انار', '2020-03-13 02:04:09', '2020-03-13 02:04:09'),
(2876, 2876, 17, 'مورموری', '2020-03-13 02:04:09', '2020-03-13 02:04:09'),
(2877, 2877, 17, 'ماسبی', '2020-03-13 02:04:09', '2020-03-13 02:04:09'),
(2878, 2878, 17, 'جابرانصار', '2020-03-13 02:04:09', '2020-03-13 02:04:09'),
(2879, 2879, 17, 'آبدانان', '2020-03-13 02:04:09', '2020-03-13 02:04:09'),
(2880, 2880, 17, 'وچ کبود', '2020-03-13 02:04:09', '2020-03-13 02:04:09'),
(2882, 2882, 17, 'سراب باغ', '2020-03-13 02:04:09', '2020-03-13 02:04:09'),
(2883, 2883, 17, 'کلان', '2020-03-13 02:04:09', '2020-03-13 02:04:09'),
(2885, 2885, 17, 'زرنه', '2020-03-13 02:04:09', '2020-03-13 02:04:09'),
(2886, 2886, 17, 'سراب', '2020-03-13 02:04:09', '2020-03-13 02:04:09'),
(2887, 2887, 17, 'نبوت', '2020-03-13 02:04:09', '2020-03-13 02:04:09'),
(2888, 2888, 17, 'ایوان', '2020-03-13 02:04:09', '2020-03-13 02:04:09'),
(2889, 2889, 17, 'چمزی', '2020-03-13 02:04:09', '2020-03-13 02:04:09'),
(2890, 2890, 17, 'شوهان', '2020-03-13 02:04:09', '2020-03-13 02:04:09'),
(2891, 2891, 17, 'ارکواز', '2020-03-13 02:04:09', '2020-03-13 02:04:09'),
(2892, 2892, 17, 'گچی', '2020-03-13 02:04:09', '2020-03-13 02:04:09'),
(2893, 2893, 17, 'کبیرکوه', '2020-03-13 02:04:09', '2020-03-13 02:04:09'),
(2894, 2894, 17, 'دلگشا', '2020-03-13 02:04:09', '2020-03-13 02:04:09'),
(2895, 2895, 17, 'مهر', '2020-03-13 02:04:09', '2020-03-13 02:04:09'),
(2896, 2896, 17, 'رودبار', '2020-03-13 02:04:09', '2020-03-13 02:04:09'),
(2898, 2898, 17, 'لومار', '2020-03-13 02:04:09', '2020-03-13 02:04:09'),
(2899, 2899, 17, 'زنگوان', '2020-03-13 02:04:09', '2020-03-13 02:04:09'),
(2900, 2900, 17, 'کارزان', '2020-03-13 02:04:09', '2020-03-13 02:04:09'),
(2901, 2901, 17, 'کلم', '2020-03-13 02:04:09', '2020-03-13 02:04:09'),
(2902, 2902, 17, 'دوستان', '2020-03-13 02:04:09', '2020-03-13 02:04:09'),
(2903, 2903, 17, 'بدره', '2020-03-13 02:04:09', '2020-03-13 02:04:09'),
(2904, 2904, 17, 'هندمینی', '2020-03-13 02:04:09', '2020-03-13 02:04:09'),
(2905, 2905, 17, 'زرانگوش', '2020-03-13 02:04:09', '2020-03-13 02:04:09'),
(2906, 2906, 18, 'زیلایی', '2020-03-13 02:04:09', '2020-03-13 02:04:09'),
(2908, 2908, 18, 'مارگون', '2020-03-13 02:04:09', '2020-03-13 02:04:09'),
(2909, 2909, 18, 'دشت روم', '2020-03-13 02:04:09', '2020-03-13 02:04:09'),
(2910, 2910, 18, 'سپیدار', '2020-03-13 02:04:09', '2020-03-13 02:04:09'),
(2911, 2911, 18, 'سررودجنوبی', '2020-03-13 02:04:09', '2020-03-13 02:04:09'),
(2912, 2912, 18, 'سررودشمالی', '2020-03-13 02:04:09', '2020-03-13 02:04:09'),
(2913, 2913, 18, 'کاکان', '2020-03-13 02:04:09', '2020-03-13 02:04:09'),
(2914, 2914, 18, 'یاسوج', '2020-03-13 02:04:09', '2020-03-13 02:04:09'),
(2915, 2915, 18, 'مادوان', '2020-03-13 02:04:09', '2020-03-13 02:04:09'),
(2916, 2916, 18, 'لوداب', '2020-03-13 02:04:09', '2020-03-13 02:04:09'),
(2917, 2917, 18, 'چین', '2020-03-13 02:04:09', '2020-03-13 02:04:09'),
(2918, 2918, 18, 'گراب سفلی', '2020-03-13 02:04:09', '2020-03-13 02:04:09'),
(2919, 2919, 18, 'چنار', '2020-03-13 02:04:09', '2020-03-13 02:04:09'),
(2920, 2920, 18, 'کبگیان', '2020-03-13 02:04:09', '2020-03-13 02:04:09'),
(2921, 2921, 18, 'چیتاب', '2020-03-13 02:04:09', '2020-03-13 02:04:09'),
(2922, 2922, 18, 'طیبی سرحدی شرقی', '2020-03-13 02:04:09', '2020-03-13 02:04:09'),
(2923, 2923, 18, 'طیبی سرحدی غربی', '2020-03-13 02:04:09', '2020-03-13 02:04:09'),
(2924, 2924, 18, 'قلعه رییسی', '2020-03-13 02:04:09', '2020-03-13 02:04:09'),
(2925, 2925, 18, 'دشمن زیاری', '2020-03-13 02:04:09', '2020-03-13 02:04:09'),
(2926, 2926, 18, 'دهدشت شرقی', '2020-03-13 02:04:09', '2020-03-13 02:04:09'),
(2927, 2927, 18, 'دهدشت غربی', '2020-03-13 02:04:09', '2020-03-13 02:04:09'),
(2928, 2928, 18, 'دهدشت', '2020-03-13 02:04:09', '2020-03-13 02:04:09'),
(2929, 2929, 18, 'بهمیی سرحدی شرقی', '2020-03-13 02:04:09', '2020-03-13 02:04:09'),
(2930, 2930, 18, 'بهمیی سرحدی غربی', '2020-03-13 02:04:09', '2020-03-13 02:04:09'),
(2931, 2931, 18, 'آجم', '2020-03-13 02:04:09', '2020-03-13 02:04:09'),
(2932, 2932, 18, 'دیشموک', '2020-03-13 02:04:09', '2020-03-13 02:04:09'),
(2933, 2933, 18, 'راک', '2020-03-13 02:04:09', '2020-03-13 02:04:09'),
(2934, 2934, 18, 'طیبی گرمسیری جنوبی', '2020-03-13 02:04:09', '2020-03-13 02:04:09'),
(2935, 2935, 18, 'سوق', '2020-03-13 02:04:09', '2020-03-13 02:04:09'),
(2936, 2936, 18, 'امامزاده جعفر', '2020-03-13 02:04:09', '2020-03-13 02:04:09'),
(2937, 2937, 18, 'بویراحمدگرمسیری', '2020-03-13 02:04:09', '2020-03-13 02:04:09'),
(2938, 2938, 18, 'بی بی حکیمه', '2020-03-13 02:04:09', '2020-03-13 02:04:09'),
(2939, 2939, 18, 'لیشتر', '2020-03-13 02:04:09', '2020-03-13 02:04:09'),
(2940, 2940, 18, 'دوگنبدان', '2020-03-13 02:04:09', '2020-03-13 02:04:09'),
(2942, 2942, 18, 'سادات محمودی', '2020-03-13 02:04:09', '2020-03-13 02:04:09'),
(2943, 2943, 18, 'پاتاوه', '2020-03-13 02:04:09', '2020-03-13 02:04:09'),
(2944, 2944, 18, 'توت نده', '2020-03-13 02:04:09', '2020-03-13 02:04:09'),
(2945, 2945, 18, 'دنا', '2020-03-13 02:04:09', '2020-03-13 02:04:09'),
(2946, 2946, 18, 'سی سخت', '2020-03-13 02:04:09', '2020-03-13 02:04:09'),
(2947, 2947, 18, 'بهمیی گرمسیری شمالی', '2020-03-13 02:04:09', '2020-03-13 02:04:09'),
(2948, 2948, 18, 'سرآسیاب یوسفی', '2020-03-13 02:04:09', '2020-03-13 02:04:09'),
(2949, 2949, 18, 'بهمیی گرمسیری جنوبی', '2020-03-13 02:04:09', '2020-03-13 02:04:09'),
(2950, 2950, 18, 'کفش کنان', '2020-03-13 02:04:09', '2020-03-13 02:04:09'),
(2951, 2951, 18, 'لیکک', '2020-03-13 02:04:09', '2020-03-13 02:04:09'),
(2953, 2953, 18, 'الغچین', '2020-03-13 02:04:09', '2020-03-13 02:04:09'),
(2954, 2954, 18, 'چرام', '2020-03-13 02:04:09', '2020-03-13 02:04:09'),
(2956, 2956, 18, 'پشته ذیلایی', '2020-03-13 02:04:09', '2020-03-13 02:04:09'),
(2957, 2957, 18, 'سرفاریاب', '2020-03-13 02:04:09', '2020-03-13 02:04:09'),
(2958, 2958, 18, 'سرابیز', '2020-03-13 02:04:09', '2020-03-13 02:04:09'),
(2959, 2959, 18, 'کوه مره خامی', '2020-03-13 02:04:09', '2020-03-13 02:04:09'),
(2960, 2960, 18, 'باشت', '2020-03-13 02:04:09', '2020-03-13 02:04:09'),
(2961, 2961, 18, 'بابویی', '2020-03-13 02:04:09', '2020-03-13 02:04:09'),
(2962, 2962, 18, 'تلخاب', '2020-03-13 02:04:09', '2020-03-13 02:04:09'),
(2963, 2963, 18, 'طیبی گرمسیری شمالی', '2020-03-13 02:04:09', '2020-03-13 02:04:09'),
(2964, 2964, 18, 'عالی طیب', '2020-03-13 02:04:09', '2020-03-13 02:04:09'),
(2965, 2965, 18, 'لنده', '2020-03-13 02:04:09', '2020-03-13 02:04:09'),
(2966, 2966, 18, 'شیتاب', '2020-03-13 02:04:09', '2020-03-13 02:04:09'),
(2967, 2967, 18, 'وحدت', '2020-03-13 02:04:09', '2020-03-13 02:04:09'),
(2968, 2968, 19, 'خارک', '2020-03-13 02:04:09', '2020-03-13 02:04:09'),
(2969, 2969, 19, 'انگالی', '2020-03-13 02:04:09', '2020-03-13 02:04:09'),
(2970, 2970, 19, 'حومه', '2020-03-13 02:04:09', '2020-03-13 02:04:09'),
(2971, 2971, 19, 'بوشهر', '2020-03-13 02:04:09', '2020-03-13 02:04:09'),
(2972, 2972, 19, 'چغادک', '2020-03-13 02:04:09', '2020-03-13 02:04:09'),
(2975, 2975, 19, 'بوالخیر', '2020-03-13 02:04:09', '2020-03-13 02:04:09'),
(2977, 2977, 19, 'دلوار', '2020-03-13 02:04:09', '2020-03-13 02:04:09'),
(2979, 2979, 19, 'باغک', '2020-03-13 02:04:09', '2020-03-13 02:04:09'),
(2980, 2980, 19, 'اهرم', '2020-03-13 02:04:09', '2020-03-13 02:04:09'),
(2981, 2981, 19, 'آباد', '2020-03-13 02:04:09', '2020-03-13 02:04:09'),
(2982, 2982, 19, 'زیرراه', '2020-03-13 02:04:09', '2020-03-13 02:04:09'),
(2984, 2984, 19, 'سعد آباد', '2020-03-13 02:04:09', '2020-03-13 02:04:09'),
(2985, 2985, 19, 'وحدتیه', '2020-03-13 02:04:09', '2020-03-13 02:04:09'),
(2987, 2987, 19, 'شبانکاره', '2020-03-13 02:04:09', '2020-03-13 02:04:09'),
(2988, 2988, 19, 'حومه', '2020-03-13 02:04:09', '2020-03-13 02:04:09'),
(2990, 2990, 19, 'زیارت', '2020-03-13 02:04:09', '2020-03-13 02:04:09'),
(2991, 2991, 19, 'برازجان', '2020-03-13 02:04:09', '2020-03-13 02:04:09'),
(2992, 2992, 19, 'دالکی', '2020-03-13 02:04:09', '2020-03-13 02:04:09'),
(2993, 2993, 19, 'ارم', '2020-03-13 02:04:09', '2020-03-13 02:04:09'),
(2994, 2994, 19, 'دهرود', '2020-03-13 02:04:09', '2020-03-13 02:04:09'),
(2995, 2995, 19, 'تنگ ارم', '2020-03-13 02:04:09', '2020-03-13 02:04:09'),
(2997, 2997, 19, 'پشتکوه', '2020-03-13 02:04:09', '2020-03-13 02:04:09'),
(2998, 2998, 19, 'کلمه', '2020-03-13 02:04:09', '2020-03-13 02:04:09'),
(2999, 2999, 19, 'بوشکان', '2020-03-13 02:04:09', '2020-03-13 02:04:09'),
(3000, 3000, 19, 'درواهی', '2020-03-13 02:04:09', '2020-03-13 02:04:09'),
(3001, 3001, 19, 'دشتی اسماعیل خانی', '2020-03-13 02:04:09', '2020-03-13 02:04:09'),
(3002, 3002, 19, 'آب پخش', '2020-03-13 02:04:09', '2020-03-13 02:04:09'),
(3003, 3003, 19, 'چغاپور', '2020-03-13 02:04:09', '2020-03-13 02:04:09'),
(3005, 3005, 19, 'کبگان', '2020-03-13 02:04:09', '2020-03-13 02:04:09'),
(3006, 3006, 19, 'کاکی', '2020-03-13 02:04:09', '2020-03-13 02:04:09'),
(3007, 3007, 19, 'بادوله', '2020-03-13 02:04:09', '2020-03-13 02:04:09'),
(3009, 3009, 19, 'مرکزی', '2020-03-13 02:04:09', '2020-03-13 02:04:09'),
(3010, 3010, 19, 'خورموج', '2020-03-13 02:04:09', '2020-03-13 02:04:09'),
(3012, 3012, 19, 'طسوج', '2020-03-13 02:04:09', '2020-03-13 02:04:09'),
(3013, 3013, 19, 'شنبه', '2020-03-13 02:04:09', '2020-03-13 02:04:09'),
(3015, 3015, 19, 'آبکش', '2020-03-13 02:04:09', '2020-03-13 02:04:09'),
(3016, 3016, 19, 'بردخون', '2020-03-13 02:04:09', '2020-03-13 02:04:09'),
(3017, 3017, 19, 'حومه', '2020-03-13 02:04:09', '2020-03-13 02:04:09'),
(3018, 3018, 19, 'اولی', '2020-03-13 02:04:09', '2020-03-13 02:04:09'),
(3019, 3019, 19, 'بندردیر', '2020-03-13 02:04:09', '2020-03-13 02:04:09'),
(3020, 3020, 19, 'بردستان', '2020-03-13 02:04:09', '2020-03-13 02:04:09'),
(3021, 3021, 19, 'دوراهک', '2020-03-13 02:04:09', '2020-03-13 02:04:09'),
(3023, 3023, 19, 'سرمستان', '2020-03-13 02:04:09', '2020-03-13 02:04:09'),
(3024, 3024, 19, 'آبدان', '2020-03-13 02:04:09', '2020-03-13 02:04:09'),
(3025, 3025, 19, 'طاهری', '2020-03-13 02:04:09', '2020-03-13 02:04:09'),
(3026, 3026, 19, 'حومه', '2020-03-13 02:04:09', '2020-03-13 02:04:09'),
(3027, 3027, 19, 'بندرکنگان', '2020-03-13 02:04:09', '2020-03-13 02:04:09'),
(3028, 3028, 19, 'بنک', '2020-03-13 02:04:09', '2020-03-13 02:04:09'),
(3029, 3029, 19, 'سیراف', '2020-03-13 02:04:09', '2020-03-13 02:04:09'),
(3030, 3030, 19, 'رودحله', '2020-03-13 02:04:09', '2020-03-13 02:04:09'),
(3031, 3031, 19, 'بندرریگ', '2020-03-13 02:04:09', '2020-03-13 02:04:09'),
(3032, 3032, 19, 'حیات داود', '2020-03-13 02:04:09', '2020-03-13 02:04:09'),
(3033, 3033, 19, 'بندرگناوه', '2020-03-13 02:04:09', '2020-03-13 02:04:09'),
(3034, 3034, 19, 'لیراوی جنوبی', '2020-03-13 02:04:09', '2020-03-13 02:04:09'),
(3035, 3035, 19, 'لیراوی میانی', '2020-03-13 02:04:09', '2020-03-13 02:04:09'),
(3036, 3036, 19, 'امام حسن', '2020-03-13 02:04:09', '2020-03-13 02:04:09'),
(3037, 3037, 19, 'لیراوی شمالی', '2020-03-13 02:04:09', '2020-03-13 02:04:09'),
(3038, 3038, 19, 'حومه', '2020-03-13 02:04:09', '2020-03-13 02:04:09'),
(3039, 3039, 19, 'بندردیلم', '2020-03-13 02:04:09', '2020-03-13 02:04:09'),
(3042, 3042, 19, 'تشان', '2020-03-13 02:04:09', '2020-03-13 02:04:09'),
(3043, 3043, 19, 'انارستان', '2020-03-13 02:04:09', '2020-03-13 02:04:09'),
(3044, 3044, 19, 'ریز', '2020-03-13 02:04:09', '2020-03-13 02:04:09'),
(3046, 3046, 19, 'کوری', '2020-03-13 02:04:09', '2020-03-13 02:04:09'),
(3047, 3047, 19, 'جم', '2020-03-13 02:04:09', '2020-03-13 02:04:09'),
(3049, 3049, 19, 'اخند', '2020-03-13 02:04:09', '2020-03-13 02:04:09'),
(3050, 3050, 19, 'عسلویه', '2020-03-13 02:04:09', '2020-03-13 02:04:09'),
(3051, 3051, 19, 'نخل تقی', '2020-03-13 02:04:09', '2020-03-13 02:04:09'),
(3052, 3052, 19, 'نای بند', '2020-03-13 02:04:09', '2020-03-13 02:04:09'),
(3053, 3053, 19, 'چاه مبارک', '2020-03-13 02:04:09', '2020-03-13 02:04:09'),
(3054, 3054, 20, 'ابهررود', '2020-03-13 02:04:09', '2020-03-13 02:04:09'),
(3055, 3055, 20, 'حومه', '2020-03-13 02:04:09', '2020-03-13 02:04:09'),
(3056, 3056, 20, 'درسجین', '2020-03-13 02:04:09', '2020-03-13 02:04:09'),
(3057, 3057, 20, 'دولت آباد', '2020-03-13 02:04:09', '2020-03-13 02:04:09'),
(3059, 3059, 20, 'ابهر', '2020-03-13 02:04:09', '2020-03-13 02:04:09'),
(3060, 3060, 20, 'صایین قلعه', '2020-03-13 02:04:09', '2020-03-13 02:04:09'),
(3061, 3061, 20, 'هیدج', '2020-03-13 02:04:09', '2020-03-13 02:04:09'),
(3062, 3062, 20, 'شیوانات', '2020-03-13 02:04:09', '2020-03-13 02:04:09'),
(3063, 3063, 20, 'قشلاقات افشار', '2020-03-13 02:04:09', '2020-03-13 02:04:09'),
(3064, 3064, 20, 'گرماب', '2020-03-13 02:04:09', '2020-03-13 02:04:09'),
(3065, 3065, 20, 'بزینه رود', '2020-03-13 02:04:09', '2020-03-13 02:04:09'),
(3066, 3066, 20, 'زرینه رود', '2020-03-13 02:04:09', '2020-03-13 02:04:09'),
(3067, 3067, 20, 'زرین رود', '2020-03-13 02:04:09', '2020-03-13 02:04:09'),
(3068, 3068, 20, 'حومه', '2020-03-13 02:04:09', '2020-03-13 02:04:09'),
(3069, 3069, 20, 'خرارود', '2020-03-13 02:04:09', '2020-03-13 02:04:09'),
(3072, 3072, 20, 'قیدار', '2020-03-13 02:04:09', '2020-03-13 02:04:09'),
(3073, 3073, 20, 'سهرورد', '2020-03-13 02:04:09', '2020-03-13 02:04:09'),
(3074, 3074, 20, 'کرسف', '2020-03-13 02:04:09', '2020-03-13 02:04:09'),
(3075, 3075, 20, 'نوربهار', '2020-03-13 02:04:09', '2020-03-13 02:04:09'),
(3076, 3076, 20, 'آق بلاغ', '2020-03-13 02:04:09', '2020-03-13 02:04:09'),
(3077, 3077, 20, 'سجاس رود', '2020-03-13 02:04:09', '2020-03-13 02:04:09'),
(3078, 3078, 20, 'سجاس', '2020-03-13 02:04:09', '2020-03-13 02:04:09'),
(3079, 3079, 20, 'چایپاره بالا', '2020-03-13 02:04:09', '2020-03-13 02:04:09'),
(3080, 3080, 20, 'زنجانرودپایین', '2020-03-13 02:04:09', '2020-03-13 02:04:09'),
(3081, 3081, 20, 'چایپاره پایین', '2020-03-13 02:04:09', '2020-03-13 02:04:09'),
(3082, 3082, 20, 'غنی بیگلو', '2020-03-13 02:04:09', '2020-03-13 02:04:09'),
(3083, 3083, 20, 'نیک پی', '2020-03-13 02:04:09', '2020-03-13 02:04:09'),
(3084, 3084, 20, 'بناب', '2020-03-13 02:04:09', '2020-03-13 02:04:09'),
(3085, 3085, 20, 'بوغداکندی', '2020-03-13 02:04:09', '2020-03-13 02:04:09'),
(3086, 3086, 20, 'تهم', '2020-03-13 02:04:09', '2020-03-13 02:04:09'),
(3087, 3087, 20, 'زنجانرودبالا', '2020-03-13 02:04:09', '2020-03-13 02:04:09'),
(3088, 3088, 20, 'معجزات', '2020-03-13 02:04:09', '2020-03-13 02:04:09'),
(3089, 3089, 20, 'قلتوق', '2020-03-13 02:04:09', '2020-03-13 02:04:09'),
(3090, 3090, 20, 'زنجان', '2020-03-13 02:04:09', '2020-03-13 02:04:09'),
(3094, 3094, 20, 'قره پشتلوبالا', '2020-03-13 02:04:09', '2020-03-13 02:04:09'),
(3095, 3095, 20, 'قره پشتلوپایین', '2020-03-13 02:04:09', '2020-03-13 02:04:09'),
(3096, 3096, 20, 'سهرین', '2020-03-13 02:04:09', '2020-03-13 02:04:09'),
(3097, 3097, 20, 'ارمغانخانه', '2020-03-13 02:04:09', '2020-03-13 02:04:09'),
(3098, 3098, 20, 'ایجرودپایین', '2020-03-13 02:04:09', '2020-03-13 02:04:09'),
(3099, 3099, 20, 'حلب', '2020-03-13 02:04:09', '2020-03-13 02:04:09'),
(3100, 3100, 20, 'ایجرودبالا', '2020-03-13 02:04:09', '2020-03-13 02:04:09'),
(3101, 3101, 20, 'گلابر', '2020-03-13 02:04:09', '2020-03-13 02:04:09'),
(3102, 3102, 20, 'سعیدآباد', '2020-03-13 02:04:09', '2020-03-13 02:04:09'),
(3103, 3103, 20, 'زرین آباد', '2020-03-13 02:04:09', '2020-03-13 02:04:09'),
(3104, 3104, 20, 'الوند', '2020-03-13 02:04:09', '2020-03-13 02:04:09'),
(3106, 3106, 20, 'خرمدره', '2020-03-13 02:04:09', '2020-03-13 02:04:09'),
(3108, 3108, 20, 'دستجرده', '2020-03-13 02:04:09', '2020-03-13 02:04:09'),
(3109, 3109, 20, 'چورزق', '2020-03-13 02:04:09', '2020-03-13 02:04:09'),
(3111, 3111, 20, 'درام', '2020-03-13 02:04:09', '2020-03-13 02:04:09'),
(3112, 3112, 20, 'گیلوان', '2020-03-13 02:04:09', '2020-03-13 02:04:09'),
(3113, 3113, 20, 'آب بر', '2020-03-13 02:04:09', '2020-03-13 02:04:09'),
(3114, 3114, 20, 'انگوران', '2020-03-13 02:04:09', '2020-03-13 02:04:09'),
(3115, 3115, 20, 'قلعه جوق', '2020-03-13 02:04:09', '2020-03-13 02:04:09'),
(3116, 3116, 20, 'دندی', '2020-03-13 02:04:09', '2020-03-13 02:04:09'),
(3117, 3117, 20, 'اوریاد', '2020-03-13 02:04:09', '2020-03-13 02:04:09'),
(3118, 3118, 20, 'قزل گچیلو', '2020-03-13 02:04:09', '2020-03-13 02:04:09'),
(3120, 3120, 20, 'ماه نشان', '2020-03-13 02:04:09', '2020-03-13 02:04:09'),
(3121, 3121, 20, 'سنبل آباد', '2020-03-13 02:04:09', '2020-03-13 02:04:09'),
(3123, 3123, 20, 'سلطانیه', '2020-03-13 02:04:09', '2020-03-13 02:04:09'),
(3124, 3124, 20, 'گوزل دره', '2020-03-13 02:04:09', '2020-03-13 02:04:09'),
(3125, 3125, 20, 'قره بلاغ', '2020-03-13 02:04:09', '2020-03-13 02:04:09'),
(3126, 3126, 21, 'قهاب رستاق', '2020-03-13 02:04:09', '2020-03-13 02:04:09'),
(3127, 3127, 21, 'قهاب صرصر', '2020-03-13 02:04:09', '2020-03-13 02:04:09'),
(3128, 3128, 21, 'تویه دروار', '2020-03-13 02:04:09', '2020-03-13 02:04:09'),
(3129, 3129, 21, 'امیریه', '2020-03-13 02:04:09', '2020-03-13 02:04:09'),
(3130, 3130, 21, 'حومه', '2020-03-13 02:04:09', '2020-03-13 02:04:09'),
(3131, 3131, 21, 'دامنکوه', '2020-03-13 02:04:09', '2020-03-13 02:04:09'),
(3132, 3132, 21, 'رودبار', '2020-03-13 02:04:09', '2020-03-13 02:04:09'),
(3133, 3133, 21, 'دامغان', '2020-03-13 02:04:09', '2020-03-13 02:04:09'),
(3134, 3134, 21, 'دیباج', '2020-03-13 02:04:09', '2020-03-13 02:04:09'),
(3135, 3135, 21, 'کلاته', '2020-03-13 02:04:09', '2020-03-13 02:04:09'),
(3136, 3136, 21, 'حومه', '2020-03-13 02:04:09', '2020-03-13 02:04:09'),
(3137, 3137, 21, 'سمنان', '2020-03-13 02:04:09', '2020-03-13 02:04:09'),
(3138, 3138, 21, 'خرقان', '2020-03-13 02:04:09', '2020-03-13 02:04:09'),
(3139, 3139, 21, 'کلاته های غربی', '2020-03-13 02:04:09', '2020-03-13 02:04:09'),
(3140, 3140, 21, 'بسطام', '2020-03-13 02:04:09', '2020-03-13 02:04:09'),
(3141, 3141, 21, 'مجن', '2020-03-13 02:04:09', '2020-03-13 02:04:09'),
(3142, 3142, 21, 'کلاته خیج', '2020-03-13 02:04:09', '2020-03-13 02:04:09'),
(3144, 3144, 21, 'خوارتوران', '2020-03-13 02:04:09', '2020-03-13 02:04:09'),
(3145, 3145, 21, 'بیارجمند', '2020-03-13 02:04:09', '2020-03-13 02:04:09'),
(3146, 3146, 21, 'حومه', '2020-03-13 02:04:09', '2020-03-13 02:04:09'),
(3147, 3147, 21, 'دهملا', '2020-03-13 02:04:09', '2020-03-13 02:04:09'),
(3148, 3148, 21, 'طرود', '2020-03-13 02:04:09', '2020-03-13 02:04:09'),
(3149, 3149, 21, 'شاهرود', '2020-03-13 02:04:09', '2020-03-13 02:04:09'),
(3150, 3150, 21, 'رودیان', '2020-03-13 02:04:09', '2020-03-13 02:04:09'),
(3152, 3152, 21, 'ایوانکی', '2020-03-13 02:04:09', '2020-03-13 02:04:09'),
(3153, 3153, 21, 'حومه', '2020-03-13 02:04:09', '2020-03-13 02:04:09'),
(3154, 3154, 21, 'لجران', '2020-03-13 02:04:09', '2020-03-13 02:04:09'),
(3155, 3155, 21, 'گرمسار', '2020-03-13 02:04:09', '2020-03-13 02:04:09'),
(3156, 3156, 21, 'پشتکوه', '2020-03-13 02:04:09', '2020-03-13 02:04:09'),
(3157, 3157, 21, 'چاشم', '2020-03-13 02:04:09', '2020-03-13 02:04:09'),
(3158, 3158, 21, 'شهمیرزاد', '2020-03-13 02:04:09', '2020-03-13 02:04:09'),
(3160, 3160, 21, 'مهدی شهر', '2020-03-13 02:04:09', '2020-03-13 02:04:09'),
(3161, 3161, 21, 'درجزین', '2020-03-13 02:04:09', '2020-03-13 02:04:09'),
(3162, 3162, 21, 'یاتری', '2020-03-13 02:04:09', '2020-03-13 02:04:09'),
(3163, 3163, 21, 'حسین آباد کردها', '2020-03-13 02:04:09', '2020-03-13 02:04:09'),
(3164, 3164, 21, 'آرادان', '2020-03-13 02:04:09', '2020-03-13 02:04:09'),
(3166, 3166, 21, 'فروان', '2020-03-13 02:04:09', '2020-03-13 02:04:09'),
(3167, 3167, 21, 'کهن آباد', '2020-03-13 02:04:09', '2020-03-13 02:04:09'),
(3169, 3169, 21, 'فرومد', '2020-03-13 02:04:09', '2020-03-13 02:04:09'),
(3170, 3170, 21, 'کلاته های شرقی', '2020-03-13 02:04:09', '2020-03-13 02:04:09'),
(3171, 3171, 21, 'میامی', '2020-03-13 02:04:09', '2020-03-13 02:04:09'),
(3172, 3172, 21, 'رضوان', '2020-03-13 02:04:09', '2020-03-13 02:04:09'),
(3173, 3173, 21, 'نردین', '2020-03-13 02:04:09', '2020-03-13 02:04:09'),
(3174, 3174, 21, 'لاسگرد', '2020-03-13 02:04:09', '2020-03-13 02:04:09'),
(3175, 3175, 21, 'هفدر', '2020-03-13 02:04:09', '2020-03-13 02:04:09'),
(3176, 3176, 21, 'سرخه', '2020-03-13 02:04:09', '2020-03-13 02:04:09'),
(3177, 3177, 22, 'رباطات', '2020-03-13 02:04:09', '2020-03-13 02:04:09');
INSERT INTO `city` (`id`, `City_No`, `State_No`, `City_Name`, `created_at`, `updated_at`) VALUES
(3178, 3178, 22, 'زرین', '2020-03-13 02:04:09', '2020-03-13 02:04:09'),
(3179, 3179, 22, 'محمدیه', '2020-03-13 02:04:09', '2020-03-13 02:04:09'),
(3180, 3180, 22, 'اردکان', '2020-03-13 02:04:09', '2020-03-13 02:04:09'),
(3181, 3181, 22, 'احمدآباد', '2020-03-13 02:04:09', '2020-03-13 02:04:09'),
(3183, 3183, 22, 'نارستان', '2020-03-13 02:04:09', '2020-03-13 02:04:09'),
(3184, 3184, 22, 'عقدا', '2020-03-13 02:04:09', '2020-03-13 02:04:09'),
(3185, 3185, 22, 'مبارکه', '2020-03-13 02:04:09', '2020-03-13 02:04:09'),
(3186, 3186, 22, 'سبزدشت', '2020-03-13 02:04:09', '2020-03-13 02:04:09'),
(3187, 3187, 22, 'کوشک', '2020-03-13 02:04:09', '2020-03-13 02:04:09'),
(3188, 3188, 22, 'بافق', '2020-03-13 02:04:09', '2020-03-13 02:04:09'),
(3189, 3189, 22, 'پیشکوه', '2020-03-13 02:04:09', '2020-03-13 02:04:09'),
(3190, 3190, 22, 'شیرکوه', '2020-03-13 02:04:09', '2020-03-13 02:04:09'),
(3191, 3191, 22, 'علی اباد', '2020-03-13 02:04:09', '2020-03-13 02:04:09'),
(3192, 3192, 22, 'نصراباد', '2020-03-13 02:04:09', '2020-03-13 02:04:09'),
(3193, 3193, 22, 'دهشیر', '2020-03-13 02:04:09', '2020-03-13 02:04:09'),
(3194, 3194, 22, 'تفت', '2020-03-13 02:04:09', '2020-03-13 02:04:09'),
(3195, 3195, 22, 'بنادکوک', '2020-03-13 02:04:09', '2020-03-13 02:04:09'),
(3196, 3196, 22, 'زردین', '2020-03-13 02:04:09', '2020-03-13 02:04:09'),
(3197, 3197, 22, 'سخوید', '2020-03-13 02:04:09', '2020-03-13 02:04:09'),
(3198, 3198, 22, 'نیر', '2020-03-13 02:04:09', '2020-03-13 02:04:09'),
(3199, 3199, 22, 'گاریزات', '2020-03-13 02:04:09', '2020-03-13 02:04:09'),
(3200, 3200, 22, 'کهدوییه', '2020-03-13 02:04:09', '2020-03-13 02:04:09'),
(3201, 3201, 22, 'ارنان', '2020-03-13 02:04:09', '2020-03-13 02:04:09'),
(3202, 3202, 22, 'تنگ چنار', '2020-03-13 02:04:09', '2020-03-13 02:04:09'),
(3203, 3203, 22, 'خورمیز', '2020-03-13 02:04:09', '2020-03-13 02:04:09'),
(3204, 3204, 22, 'میانکوه', '2020-03-13 02:04:09', '2020-03-13 02:04:09'),
(3205, 3205, 22, 'بهادران', '2020-03-13 02:04:09', '2020-03-13 02:04:09'),
(3206, 3206, 22, 'مهریز', '2020-03-13 02:04:09', '2020-03-13 02:04:09'),
(3207, 3207, 22, 'فجر', '2020-03-13 02:04:09', '2020-03-13 02:04:09'),
(3208, 3208, 22, 'فهرج', '2020-03-13 02:04:09', '2020-03-13 02:04:09'),
(3209, 3209, 22, 'یزد', '2020-03-13 02:04:09', '2020-03-13 02:04:09'),
(3212, 3212, 22, 'شاهدیه', '2020-03-13 02:04:09', '2020-03-13 02:04:09'),
(3213, 3213, 22, 'حمیدیا', '2020-03-13 02:04:09', '2020-03-13 02:04:09'),
(3215, 3215, 22, 'اله آباد', '2020-03-13 02:04:09', '2020-03-13 02:04:09'),
(3216, 3216, 22, 'محمدآباد', '2020-03-13 02:04:09', '2020-03-13 02:04:09'),
(3217, 3217, 22, 'زارچ', '2020-03-13 02:04:09', '2020-03-13 02:04:09'),
(3218, 3218, 22, 'شهدا', '2020-03-13 02:04:09', '2020-03-13 02:04:09'),
(3219, 3219, 22, 'میبد', '2020-03-13 02:04:09', '2020-03-13 02:04:09'),
(3221, 3221, 22, 'صدرآباد', '2020-03-13 02:04:09', '2020-03-13 02:04:09'),
(3222, 3222, 22, 'ندوشن', '2020-03-13 02:04:09', '2020-03-13 02:04:09'),
(3224, 3224, 22, 'سورک', '2020-03-13 02:04:09', '2020-03-13 02:04:09'),
(3225, 3225, 22, 'بفروییه', '2020-03-13 02:04:09', '2020-03-13 02:04:09'),
(3226, 3226, 22, 'اسفندار', '2020-03-13 02:04:09', '2020-03-13 02:04:09'),
(3227, 3227, 22, 'مهرآباد', '2020-03-13 02:04:09', '2020-03-13 02:04:09'),
(3228, 3228, 22, 'مهردشت', '2020-03-13 02:04:09', '2020-03-13 02:04:09'),
(3229, 3229, 22, 'تیرجرد', '2020-03-13 02:04:09', '2020-03-13 02:04:09'),
(3230, 3230, 22, 'فراغه', '2020-03-13 02:04:09', '2020-03-13 02:04:09'),
(3231, 3231, 22, 'ابرکوه', '2020-03-13 02:04:09', '2020-03-13 02:04:09'),
(3232, 3232, 22, 'کذاب', '2020-03-13 02:04:09', '2020-03-13 02:04:09'),
(3233, 3233, 22, 'خضرآباد', '2020-03-13 02:04:09', '2020-03-13 02:04:09'),
(3234, 3234, 22, 'رستاق', '2020-03-13 02:04:09', '2020-03-13 02:04:09'),
(3235, 3235, 22, 'اشکذر', '2020-03-13 02:04:09', '2020-03-13 02:04:09'),
(3236, 3236, 22, 'چاهک', '2020-03-13 02:04:09', '2020-03-13 02:04:09'),
(3237, 3237, 22, 'فتح آباد', '2020-03-13 02:04:09', '2020-03-13 02:04:09'),
(3238, 3238, 22, 'هرات', '2020-03-13 02:04:09', '2020-03-13 02:04:09'),
(3239, 3239, 22, 'ایثار', '2020-03-13 02:04:09', '2020-03-13 02:04:09'),
(3240, 3240, 22, 'هرابرجان', '2020-03-13 02:04:09', '2020-03-13 02:04:09'),
(3241, 3241, 22, 'مروست', '2020-03-13 02:04:09', '2020-03-13 02:04:09'),
(3242, 3242, 22, 'آسفیج', '2020-03-13 02:04:09', '2020-03-13 02:04:09'),
(3243, 3243, 22, 'بنستان', '2020-03-13 02:04:09', '2020-03-13 02:04:09'),
(3244, 3244, 22, 'جلگه', '2020-03-13 02:04:09', '2020-03-13 02:04:09'),
(3245, 3245, 22, 'بهاباد', '2020-03-13 02:04:09', '2020-03-13 02:04:09'),
(3246, 3246, 23, 'تنب', '2020-03-13 02:04:09', '2020-03-13 02:04:09'),
(3247, 3247, 23, 'سیری', '2020-03-13 02:04:09', '2020-03-13 02:04:09'),
(3248, 3248, 23, 'ابوموسی', '2020-03-13 02:04:09', '2020-03-13 02:04:09'),
(3250, 3250, 23, 'گهره', '2020-03-13 02:04:09', '2020-03-13 02:04:09'),
(3251, 3251, 23, 'فین', '2020-03-13 02:04:09', '2020-03-13 02:04:09'),
(3252, 3252, 23, 'ایسین', '2020-03-13 02:04:09', '2020-03-13 02:04:09'),
(3253, 3253, 23, 'تازیان', '2020-03-13 02:04:09', '2020-03-13 02:04:09'),
(3254, 3254, 23, 'گچین', '2020-03-13 02:04:09', '2020-03-13 02:04:09'),
(3255, 3255, 23, 'سیاهو', '2020-03-13 02:04:09', '2020-03-13 02:04:09'),
(3256, 3256, 23, 'سرخون', '2020-03-13 02:04:09', '2020-03-13 02:04:09'),
(3257, 3257, 23, 'بندرعباس', '2020-03-13 02:04:09', '2020-03-13 02:04:09'),
(3261, 3261, 23, 'تازیان پایین', '2020-03-13 02:04:09', '2020-03-13 02:04:09'),
(3263, 3263, 23, 'شمیل', '2020-03-13 02:04:09', '2020-03-13 02:04:09'),
(3264, 3264, 23, 'تخت', '2020-03-13 02:04:09', '2020-03-13 02:04:09'),
(3266, 3266, 23, 'دهنو', '2020-03-13 02:04:09', '2020-03-13 02:04:09'),
(3267, 3267, 23, 'قلعه قاضی', '2020-03-13 02:04:09', '2020-03-13 02:04:09'),
(3268, 3268, 23, 'بندرچارک', '2020-03-13 02:04:09', '2020-03-13 02:04:09'),
(3269, 3269, 23, 'مقام', '2020-03-13 02:04:09', '2020-03-13 02:04:09'),
(3270, 3270, 23, 'چارک', '2020-03-13 02:04:09', '2020-03-13 02:04:09'),
(3272, 3272, 23, 'لاوان', '2020-03-13 02:04:09', '2020-03-13 02:04:09'),
(3273, 3273, 23, 'کیش', '2020-03-13 02:04:09', '2020-03-13 02:04:09'),
(3274, 3274, 23, 'حومه', '2020-03-13 02:04:09', '2020-03-13 02:04:09'),
(3275, 3275, 23, 'مغویه', '2020-03-13 02:04:09', '2020-03-13 02:04:09'),
(3276, 3276, 23, 'کنگ', '2020-03-13 02:04:09', '2020-03-13 02:04:09'),
(3277, 3277, 23, 'بندرلنگه', '2020-03-13 02:04:09', '2020-03-13 02:04:09'),
(3278, 3278, 23, 'مهران', '2020-03-13 02:04:09', '2020-03-13 02:04:09'),
(3279, 3279, 23, 'دژگان', '2020-03-13 02:04:09', '2020-03-13 02:04:09'),
(3280, 3280, 23, 'لمزان', '2020-03-13 02:04:09', '2020-03-13 02:04:09'),
(3281, 3281, 23, 'دولاب', '2020-03-13 02:04:09', '2020-03-13 02:04:09'),
(3283, 3283, 23, 'صلخ', '2020-03-13 02:04:09', '2020-03-13 02:04:09'),
(3284, 3284, 23, 'هنگام', '2020-03-13 02:04:09', '2020-03-13 02:04:09'),
(3285, 3285, 23, 'لارک', '2020-03-13 02:04:09', '2020-03-13 02:04:09'),
(3286, 3286, 23, 'سوزا', '2020-03-13 02:04:09', '2020-03-13 02:04:09'),
(3287, 3287, 23, 'حومه', '2020-03-13 02:04:09', '2020-03-13 02:04:09'),
(3288, 3288, 23, 'رمکان', '2020-03-13 02:04:09', '2020-03-13 02:04:09'),
(3289, 3289, 23, 'قشم', '2020-03-13 02:04:09', '2020-03-13 02:04:09'),
(3290, 3290, 23, 'درگهان', '2020-03-13 02:04:09', '2020-03-13 02:04:09'),
(3291, 3291, 23, 'هرمز', '2020-03-13 02:04:09', '2020-03-13 02:04:09'),
(3292, 3292, 23, 'بندر', '2020-03-13 02:04:09', '2020-03-13 02:04:09'),
(3293, 3293, 23, 'درپهن', '2020-03-13 02:04:09', '2020-03-13 02:04:09'),
(3295, 3295, 23, 'سندرک', '2020-03-13 02:04:09', '2020-03-13 02:04:09'),
(3296, 3296, 23, 'تیاب', '2020-03-13 02:04:09', '2020-03-13 02:04:09'),
(3297, 3297, 23, 'حومه', '2020-03-13 02:04:09', '2020-03-13 02:04:09'),
(3298, 3298, 23, 'کریان', '2020-03-13 02:04:09', '2020-03-13 02:04:09'),
(3299, 3299, 23, 'گوربند', '2020-03-13 02:04:09', '2020-03-13 02:04:09'),
(3300, 3300, 23, 'میناب', '2020-03-13 02:04:09', '2020-03-13 02:04:09'),
(3301, 3301, 23, 'تیرور', '2020-03-13 02:04:09', '2020-03-13 02:04:09'),
(3302, 3302, 23, 'توکهور', '2020-03-13 02:04:09', '2020-03-13 02:04:09'),
(3303, 3303, 23, 'چراغ آباد', '2020-03-13 02:04:09', '2020-03-13 02:04:09'),
(3304, 3304, 23, 'هشتبندی', '2020-03-13 02:04:09', '2020-03-13 02:04:09'),
(3305, 3305, 23, 'بندزرک', '2020-03-13 02:04:09', '2020-03-13 02:04:09'),
(3306, 3306, 23, 'کرگان', '2020-03-13 02:04:09', '2020-03-13 02:04:09'),
(3307, 3307, 23, 'جاسک', '2020-03-13 02:04:09', '2020-03-13 02:04:09'),
(3308, 3308, 23, 'کنگان', '2020-03-13 02:04:09', '2020-03-13 02:04:09'),
(3309, 3309, 23, 'گابریک', '2020-03-13 02:04:09', '2020-03-13 02:04:09'),
(3310, 3310, 23, 'بندرجاسک', '2020-03-13 02:04:09', '2020-03-13 02:04:09'),
(3311, 3311, 23, 'پی وشک', '2020-03-13 02:04:09', '2020-03-13 02:04:09'),
(3312, 3312, 23, 'سورک', '2020-03-13 02:04:09', '2020-03-13 02:04:09'),
(3313, 3313, 23, 'رودخانه', '2020-03-13 02:04:09', '2020-03-13 02:04:09'),
(3314, 3314, 23, 'مسافرآباد', '2020-03-13 02:04:09', '2020-03-13 02:04:09'),
(3315, 3315, 23, 'رودخانه بر', '2020-03-13 02:04:09', '2020-03-13 02:04:09'),
(3316, 3316, 23, 'زیارتعلی', '2020-03-13 02:04:09', '2020-03-13 02:04:09'),
(3317, 3317, 23, 'آب نما', '2020-03-13 02:04:09', '2020-03-13 02:04:09'),
(3318, 3318, 23, 'فاریاب', '2020-03-13 02:04:09', '2020-03-13 02:04:09'),
(3319, 3319, 23, 'راهدار', '2020-03-13 02:04:09', '2020-03-13 02:04:09'),
(3320, 3320, 23, 'دهبارز', '2020-03-13 02:04:09', '2020-03-13 02:04:09'),
(3321, 3321, 23, 'جغین شمالی', '2020-03-13 02:04:09', '2020-03-13 02:04:09'),
(3322, 3322, 23, 'جغین جنوبی', '2020-03-13 02:04:09', '2020-03-13 02:04:09'),
(3323, 3323, 23, 'بیکاه', '2020-03-13 02:04:09', '2020-03-13 02:04:09'),
(3324, 3324, 23, 'برنطین', '2020-03-13 02:04:09', '2020-03-13 02:04:09'),
(3325, 3325, 23, 'بیکاء', '2020-03-13 02:04:09', '2020-03-13 02:04:09'),
(3327, 3327, 23, 'آشکارا', '2020-03-13 02:04:09', '2020-03-13 02:04:09'),
(3328, 3328, 23, 'فارغان', '2020-03-13 02:04:09', '2020-03-13 02:04:09'),
(3329, 3329, 23, 'درآگاه', '2020-03-13 02:04:09', '2020-03-13 02:04:09'),
(3330, 3330, 23, 'طارم', '2020-03-13 02:04:09', '2020-03-13 02:04:09'),
(3331, 3331, 23, 'حاجی اباد', '2020-03-13 02:04:09', '2020-03-13 02:04:09'),
(3332, 3332, 23, 'احمدی', '2020-03-13 02:04:09', '2020-03-13 02:04:09'),
(3333, 3333, 23, 'کوه شاه', '2020-03-13 02:04:09', '2020-03-13 02:04:09'),
(3334, 3334, 23, 'سرگز', '2020-03-13 02:04:09', '2020-03-13 02:04:09'),
(3336, 3336, 23, 'فرامرزان', '2020-03-13 02:04:09', '2020-03-13 02:04:09'),
(3337, 3337, 23, 'جناح', '2020-03-13 02:04:09', '2020-03-13 02:04:09'),
(3338, 3338, 23, 'ده تل', '2020-03-13 02:04:09', '2020-03-13 02:04:09'),
(3339, 3339, 23, 'فتویه', '2020-03-13 02:04:09', '2020-03-13 02:04:09'),
(3340, 3340, 23, 'گوده', '2020-03-13 02:04:09', '2020-03-13 02:04:09'),
(3341, 3341, 23, 'بستک', '2020-03-13 02:04:09', '2020-03-13 02:04:09'),
(3342, 3342, 23, 'کوخرد', '2020-03-13 02:04:09', '2020-03-13 02:04:09'),
(3343, 3343, 23, 'هرنگ', '2020-03-13 02:04:09', '2020-03-13 02:04:09'),
(3344, 3344, 23, 'رودبار', '2020-03-13 02:04:09', '2020-03-13 02:04:09'),
(3346, 3346, 23, 'رویدر', '2020-03-13 02:04:09', '2020-03-13 02:04:09'),
(3348, 3348, 23, 'کهورستان', '2020-03-13 02:04:09', '2020-03-13 02:04:09'),
(3349, 3349, 23, 'خمیر', '2020-03-13 02:04:09', '2020-03-13 02:04:09'),
(3350, 3350, 23, 'بهدشت', '2020-03-13 02:04:09', '2020-03-13 02:04:09'),
(3352, 3352, 23, 'کوشکنار', '2020-03-13 02:04:09', '2020-03-13 02:04:09'),
(3353, 3353, 23, 'بوچیر', '2020-03-13 02:04:09', '2020-03-13 02:04:09'),
(3354, 3354, 23, 'مهرگان', '2020-03-13 02:04:09', '2020-03-13 02:04:09'),
(3355, 3355, 23, 'پارسیان', '2020-03-13 02:04:09', '2020-03-13 02:04:09'),
(3356, 3356, 23, 'دشتی', '2020-03-13 02:04:09', '2020-03-13 02:04:09'),
(3357, 3357, 23, 'بمانی', '2020-03-13 02:04:09', '2020-03-13 02:04:09'),
(3358, 3358, 23, 'شهمردی', '2020-03-13 02:04:09', '2020-03-13 02:04:09'),
(3359, 3359, 23, 'کوهستک', '2020-03-13 02:04:09', '2020-03-13 02:04:09'),
(3360, 3360, 23, 'بیابان', '2020-03-13 02:04:09', '2020-03-13 02:04:09'),
(3362, 3362, 23, 'سیریک', '2020-03-13 02:04:09', '2020-03-13 02:04:09'),
(3363, 3363, 23, 'گروک', '2020-03-13 02:04:09', '2020-03-13 02:04:09'),
(3364, 3364, 23, 'جکدان', '2020-03-13 02:04:09', '2020-03-13 02:04:09'),
(3366, 3366, 23, 'سردشت', '2020-03-13 02:04:09', '2020-03-13 02:04:09'),
(3368, 3368, 23, 'درآبسر', '2020-03-13 02:04:09', '2020-03-13 02:04:09'),
(3369, 3369, 23, 'گوهران', '2020-03-13 02:04:09', '2020-03-13 02:04:09'),
(3370, 3370, 23, 'گافر', '2020-03-13 02:04:09', '2020-03-13 02:04:09'),
(3371, 3371, 23, 'پارمون', '2020-03-13 02:04:09', '2020-03-13 02:04:09'),
(3372, 3372, 24, 'سولقان', '2020-03-13 02:04:09', '2020-03-13 02:04:09'),
(3373, 3373, 24, 'سیاهرود', '2020-03-13 02:04:09', '2020-03-13 02:04:09'),
(3374, 3374, 24, 'تهران', '2020-03-13 02:04:09', '2020-03-13 02:04:09'),
(3397, 3397, 24, 'آفتاب', '2020-03-13 02:04:09', '2020-03-13 02:04:09'),
(3398, 3398, 24, 'خلازیر', '2020-03-13 02:04:09', '2020-03-13 02:04:09'),
(3399, 3399, 24, 'ابرشیوه', '2020-03-13 02:04:09', '2020-03-13 02:04:09'),
(3400, 3400, 24, 'تاررود', '2020-03-13 02:04:09', '2020-03-13 02:04:09'),
(3401, 3401, 24, 'جمع آبرود', '2020-03-13 02:04:09', '2020-03-13 02:04:09'),
(3402, 3402, 24, 'دماوند', '2020-03-13 02:04:09', '2020-03-13 02:04:09'),
(3403, 3403, 24, 'کیلان', '2020-03-13 02:04:09', '2020-03-13 02:04:09'),
(3404, 3404, 24, 'آبسرد', '2020-03-13 02:04:09', '2020-03-13 02:04:09'),
(3406, 3406, 24, 'مهرآباد', '2020-03-13 02:04:09', '2020-03-13 02:04:09'),
(3407, 3407, 24, 'رودهن', '2020-03-13 02:04:09', '2020-03-13 02:04:09'),
(3408, 3408, 24, 'آبعلی', '2020-03-13 02:04:09', '2020-03-13 02:04:09'),
(3410, 3410, 24, 'کلین', '2020-03-13 02:04:09', '2020-03-13 02:04:09'),
(3411, 3411, 24, 'حسن آباد', '2020-03-13 02:04:09', '2020-03-13 02:04:09'),
(3413, 3413, 24, 'باقرشهر', '2020-03-13 02:04:09', '2020-03-13 02:04:09'),
(3414, 3414, 24, 'کهریزک', '2020-03-13 02:04:09', '2020-03-13 02:04:09'),
(3415, 3415, 24, 'غنی آباد', '2020-03-13 02:04:09', '2020-03-13 02:04:09'),
(3416, 3416, 24, 'عظیمیه', '2020-03-13 02:04:09', '2020-03-13 02:04:09'),
(3417, 3417, 24, 'ری', '2020-03-13 02:04:09', '2020-03-13 02:04:09'),
(3418, 3418, 24, 'خاوران شرقی', '2020-03-13 02:04:09', '2020-03-13 02:04:09'),
(3419, 3419, 24, 'خاوران غربی', '2020-03-13 02:04:09', '2020-03-13 02:04:09'),
(3420, 3420, 24, 'قلعه نو', '2020-03-13 02:04:09', '2020-03-13 02:04:09'),
(3421, 3421, 24, 'چاله طرخان', '2020-03-13 02:04:09', '2020-03-13 02:04:09'),
(3422, 3422, 24, 'رودبارقصران', '2020-03-13 02:04:09', '2020-03-13 02:04:09'),
(3423, 3423, 24, 'فشم', '2020-03-13 02:04:09', '2020-03-13 02:04:09'),
(3424, 3424, 24, 'تجریش', '2020-03-13 02:04:09', '2020-03-13 02:04:09'),
(3425, 3425, 24, 'شمشک', '2020-03-13 02:04:09', '2020-03-13 02:04:09'),
(3426, 3426, 24, 'لواسان بزرگ', '2020-03-13 02:04:09', '2020-03-13 02:04:09'),
(3427, 3427, 24, 'لواسان کوچک', '2020-03-13 02:04:09', '2020-03-13 02:04:09'),
(3428, 3428, 24, 'لواسان', '2020-03-13 02:04:09', '2020-03-13 02:04:09'),
(3429, 3429, 24, 'بهنام عرب جنوبی', '2020-03-13 02:04:09', '2020-03-13 02:04:09'),
(3430, 3430, 24, 'بهنام وسطجنوبی', '2020-03-13 02:04:09', '2020-03-13 02:04:09'),
(3431, 3431, 24, 'جوادآباد', '2020-03-13 02:04:09', '2020-03-13 02:04:09'),
(3432, 3432, 24, 'بهنام پازوکی جنوبی', '2020-03-13 02:04:09', '2020-03-13 02:04:09'),
(3433, 3433, 24, 'بهنام وسطشمالی', '2020-03-13 02:04:09', '2020-03-13 02:04:09'),
(3434, 3434, 24, 'ورامین', '2020-03-13 02:04:09', '2020-03-13 02:04:09'),
(3435, 3435, 24, 'جوقین', '2020-03-13 02:04:09', '2020-03-13 02:04:09'),
(3436, 3436, 24, 'رزکان', '2020-03-13 02:04:09', '2020-03-13 02:04:09'),
(3437, 3437, 24, 'فردوس', '2020-03-13 02:04:09', '2020-03-13 02:04:09'),
(3438, 3438, 24, 'قایم آباد', '2020-03-13 02:04:09', '2020-03-13 02:04:09'),
(3439, 3439, 24, 'مویز', '2020-03-13 02:04:09', '2020-03-13 02:04:09'),
(3440, 3440, 24, 'سعیدآباد', '2020-03-13 02:04:09', '2020-03-13 02:04:09'),
(3441, 3441, 24, 'شهریار', '2020-03-13 02:04:09', '2020-03-13 02:04:09'),
(3442, 3442, 24, 'صباشهر', '2020-03-13 02:04:09', '2020-03-13 02:04:09'),
(3443, 3443, 24, 'وحیدیه', '2020-03-13 02:04:09', '2020-03-13 02:04:09'),
(3444, 3444, 24, 'شاهدشهر', '2020-03-13 02:04:09', '2020-03-13 02:04:09'),
(3445, 3445, 24, 'فردوسیه', '2020-03-13 02:04:09', '2020-03-13 02:04:09'),
(3446, 3446, 24, 'باغستان', '2020-03-13 02:04:09', '2020-03-13 02:04:09'),
(3447, 3447, 24, 'اندیشه', '2020-03-13 02:04:09', '2020-03-13 02:04:09'),
(3452, 3452, 24, 'فیروزبهرام', '2020-03-13 02:04:09', '2020-03-13 02:04:09'),
(3453, 3453, 24, 'چهاردانگه', '2020-03-13 02:04:09', '2020-03-13 02:04:09'),
(3454, 3454, 24, 'ده عباس', '2020-03-13 02:04:09', '2020-03-13 02:04:09'),
(3455, 3455, 24, 'بهرام آباد', '2020-03-13 02:04:09', '2020-03-13 02:04:09'),
(3456, 3456, 24, 'اسلامشهر', '2020-03-13 02:04:09', '2020-03-13 02:04:09'),
(3461, 3461, 24, 'چیچکلو', '2020-03-13 02:04:09', '2020-03-13 02:04:09'),
(3462, 3462, 24, 'احمد آباد مستوفی', '2020-03-13 02:04:09', '2020-03-13 02:04:09'),
(3463, 3463, 24, 'امامزاده ابوطالب', '2020-03-13 02:04:09', '2020-03-13 02:04:09'),
(3464, 3464, 24, 'منجیل آباد', '2020-03-13 02:04:09', '2020-03-13 02:04:09'),
(3465, 3465, 24, 'وهن آباد', '2020-03-13 02:04:09', '2020-03-13 02:04:09'),
(3466, 3466, 24, 'رباطکریم', '2020-03-13 02:04:09', '2020-03-13 02:04:09'),
(3467, 3467, 24, 'نصیرشهر', '2020-03-13 02:04:09', '2020-03-13 02:04:09'),
(3468, 3468, 24, 'پرند', '2020-03-13 02:04:09', '2020-03-13 02:04:09'),
(3469, 3469, 24, 'جمال آباد', '2020-03-13 02:04:09', '2020-03-13 02:04:09'),
(3471, 3471, 24, 'کریم آباد', '2020-03-13 02:04:09', '2020-03-13 02:04:09'),
(3472, 3472, 24, 'شریف آباد', '2020-03-13 02:04:09', '2020-03-13 02:04:09'),
(3473, 3473, 24, 'حصارامیر', '2020-03-13 02:04:09', '2020-03-13 02:04:09'),
(3474, 3474, 24, 'فرون آباد', '2020-03-13 02:04:09', '2020-03-13 02:04:09'),
(3475, 3475, 24, 'فیلستان', '2020-03-13 02:04:09', '2020-03-13 02:04:09'),
(3476, 3476, 24, 'پاکدشت', '2020-03-13 02:04:09', '2020-03-13 02:04:09'),
(3477, 3477, 24, 'فرون اباد', '2020-03-13 02:04:09', '2020-03-13 02:04:09'),
(3478, 3478, 24, 'قزقانچای', '2020-03-13 02:04:09', '2020-03-13 02:04:09'),
(3479, 3479, 24, 'دوبلوک', '2020-03-13 02:04:09', '2020-03-13 02:04:09'),
(3480, 3480, 24, 'ارجمند', '2020-03-13 02:04:09', '2020-03-13 02:04:09'),
(3481, 3481, 24, 'پشتکوه', '2020-03-13 02:04:09', '2020-03-13 02:04:09'),
(3482, 3482, 24, 'شهرآباد', '2020-03-13 02:04:09', '2020-03-13 02:04:09'),
(3483, 3483, 24, 'حبلرود', '2020-03-13 02:04:09', '2020-03-13 02:04:09'),
(3484, 3484, 24, 'فیروزکوه', '2020-03-13 02:04:09', '2020-03-13 02:04:09'),
(3485, 3485, 24, 'دانش', '2020-03-13 02:04:09', '2020-03-13 02:04:09'),
(3486, 3486, 24, 'هفت جوی', '2020-03-13 02:04:09', '2020-03-13 02:04:09'),
(3487, 3487, 24, 'قدس', '2020-03-13 02:04:09', '2020-03-13 02:04:09'),
(3488, 3488, 24, 'ملارد شمالی', '2020-03-13 02:04:09', '2020-03-13 02:04:09'),
(3489, 3489, 24, 'ملارد جنوبی', '2020-03-13 02:04:09', '2020-03-13 02:04:09'),
(3490, 3490, 24, 'ملارد', '2020-03-13 02:04:09', '2020-03-13 02:04:09'),
(3491, 3491, 24, 'بی بی سکینه', '2020-03-13 02:04:09', '2020-03-13 02:04:09'),
(3492, 3492, 24, 'اخترآباد', '2020-03-13 02:04:09', '2020-03-13 02:04:09'),
(3493, 3493, 24, 'صفادشت', '2020-03-13 02:04:09', '2020-03-13 02:04:09'),
(3495, 3495, 24, 'عسگریه', '2020-03-13 02:04:09', '2020-03-13 02:04:09'),
(3496, 3496, 24, 'پیشوا', '2020-03-13 02:04:09', '2020-03-13 02:04:09'),
(3497, 3497, 24, 'جلیل آباد', '2020-03-13 02:04:09', '2020-03-13 02:04:09'),
(3498, 3498, 24, 'طارند بالا', '2020-03-13 02:04:09', '2020-03-13 02:04:09'),
(3499, 3499, 24, 'میمنت', '2020-03-13 02:04:09', '2020-03-13 02:04:09'),
(3500, 3500, 24, 'صالح آباد', '2020-03-13 02:04:09', '2020-03-13 02:04:09'),
(3501, 3501, 24, 'گلستان', '2020-03-13 02:04:09', '2020-03-13 02:04:09'),
(3502, 3502, 24, 'صالحیه', '2020-03-13 02:04:09', '2020-03-13 02:04:09'),
(3503, 3503, 24, 'اسماعیل آباد', '2020-03-13 02:04:09', '2020-03-13 02:04:09'),
(3504, 3504, 24, 'همدانک', '2020-03-13 02:04:09', '2020-03-13 02:04:09'),
(3505, 3505, 24, 'نسیم شهر', '2020-03-13 02:04:09', '2020-03-13 02:04:09'),
(3506, 3506, 24, 'گلخندان', '2020-03-13 02:04:09', '2020-03-13 02:04:09'),
(3507, 3507, 24, 'کرشت', '2020-03-13 02:04:09', '2020-03-13 02:04:09'),
(3508, 3508, 24, 'بومهن', '2020-03-13 02:04:09', '2020-03-13 02:04:09'),
(3509, 3509, 24, 'پردیس', '2020-03-13 02:04:09', '2020-03-13 02:04:09'),
(3510, 3510, 24, 'جاجرود', '2020-03-13 02:04:09', '2020-03-13 02:04:09'),
(3511, 3511, 24, 'سعید آباد', '2020-03-13 02:04:09', '2020-03-13 02:04:09'),
(3512, 3512, 24, 'قشلاق جیتو', '2020-03-13 02:04:09', '2020-03-13 02:04:09'),
(3513, 3513, 24, 'ولی آباد', '2020-03-13 02:04:09', '2020-03-13 02:04:09'),
(3514, 3514, 24, 'قرچک', '2020-03-13 02:04:09', '2020-03-13 02:04:09'),
(3515, 3515, 25, 'ارشق شرقی', '2020-03-13 02:04:09', '2020-03-13 02:04:09'),
(3516, 3516, 25, 'بالغلو', '2020-03-13 02:04:09', '2020-03-13 02:04:09'),
(3517, 3517, 25, 'سردابه', '2020-03-13 02:04:09', '2020-03-13 02:04:09'),
(3518, 3518, 25, 'شرقی', '2020-03-13 02:04:09', '2020-03-13 02:04:09'),
(3519, 3519, 25, 'کلخوران', '2020-03-13 02:04:09', '2020-03-13 02:04:09'),
(3520, 3520, 25, 'اردبیل', '2020-03-13 02:04:09', '2020-03-13 02:04:09'),
(3524, 3524, 25, 'فولادلوی جنوبی', '2020-03-13 02:04:09', '2020-03-13 02:04:09'),
(3525, 3525, 25, 'فولادلوی شمالی', '2020-03-13 02:04:09', '2020-03-13 02:04:09'),
(3527, 3527, 25, 'هیر', '2020-03-13 02:04:09', '2020-03-13 02:04:09'),
(3528, 3528, 25, 'غربی', '2020-03-13 02:04:09', '2020-03-13 02:04:09'),
(3529, 3529, 25, 'دوجاق', '2020-03-13 02:04:09', '2020-03-13 02:04:09'),
(3530, 3530, 25, 'انجیرلو', '2020-03-13 02:04:09', '2020-03-13 02:04:09'),
(3531, 3531, 25, 'گوگ تپه', '2020-03-13 02:04:09', '2020-03-13 02:04:09'),
(3532, 3532, 25, 'بیله سوار', '2020-03-13 02:04:09', '2020-03-13 02:04:09'),
(3533, 3533, 25, 'قشلاق جنوبی', '2020-03-13 02:04:09', '2020-03-13 02:04:09'),
(3534, 3534, 25, 'قشلاق شرقی', '2020-03-13 02:04:09', '2020-03-13 02:04:09'),
(3535, 3535, 25, 'جعفرآباد', '2020-03-13 02:04:09', '2020-03-13 02:04:09'),
(3536, 3536, 25, 'خورش رستم جنوبی', '2020-03-13 02:04:09', '2020-03-13 02:04:09'),
(3537, 3537, 25, 'خورش رستم شمالی', '2020-03-13 02:04:09', '2020-03-13 02:04:09'),
(3538, 3538, 25, 'هشتجین', '2020-03-13 02:04:09', '2020-03-13 02:04:09'),
(3539, 3539, 25, 'پلنگا', '2020-03-13 02:04:09', '2020-03-13 02:04:09'),
(3540, 3540, 25, 'شال', '2020-03-13 02:04:09', '2020-03-13 02:04:09'),
(3541, 3541, 25, 'شاهرود', '2020-03-13 02:04:09', '2020-03-13 02:04:09'),
(3542, 3542, 25, 'کلور', '2020-03-13 02:04:09', '2020-03-13 02:04:09'),
(3543, 3543, 25, 'خانندبیل شرقی', '2020-03-13 02:04:09', '2020-03-13 02:04:09'),
(3544, 3544, 25, 'خانندبیل غربی', '2020-03-13 02:04:09', '2020-03-13 02:04:09'),
(3545, 3545, 25, 'سنجبدشرقی', '2020-03-13 02:04:09', '2020-03-13 02:04:09'),
(3546, 3546, 25, 'خلخال', '2020-03-13 02:04:09', '2020-03-13 02:04:09'),
(3547, 3547, 25, 'ارشق شمالی', '2020-03-13 02:04:09', '2020-03-13 02:04:09'),
(3548, 3548, 25, 'ارشق مرکزی', '2020-03-13 02:04:09', '2020-03-13 02:04:09'),
(3549, 3549, 25, 'رضی', '2020-03-13 02:04:09', '2020-03-13 02:04:09'),
(3550, 3550, 25, 'دشت', '2020-03-13 02:04:09', '2020-03-13 02:04:09'),
(3551, 3551, 25, 'مشگین شرقی', '2020-03-13 02:04:09', '2020-03-13 02:04:09'),
(3552, 3552, 25, 'مشگین شهر', '2020-03-13 02:04:09', '2020-03-13 02:04:09'),
(3553, 3553, 25, 'قره سو', '2020-03-13 02:04:09', '2020-03-13 02:04:09'),
(3555, 3555, 25, 'نقدی', '2020-03-13 02:04:09', '2020-03-13 02:04:09'),
(3556, 3556, 25, 'لاهرود', '2020-03-13 02:04:09', '2020-03-13 02:04:09'),
(3557, 3557, 25, 'فخراباد', '2020-03-13 02:04:09', '2020-03-13 02:04:09'),
(3558, 3558, 25, 'ارشق غربی', '2020-03-13 02:04:09', '2020-03-13 02:04:09'),
(3559, 3559, 25, 'صلوات', '2020-03-13 02:04:09', '2020-03-13 02:04:09'),
(3560, 3560, 25, 'یافت', '2020-03-13 02:04:09', '2020-03-13 02:04:09'),
(3561, 3561, 25, 'مرادلو', '2020-03-13 02:04:09', '2020-03-13 02:04:09'),
(3562, 3562, 25, 'شعبان', '2020-03-13 02:04:09', '2020-03-13 02:04:09'),
(3563, 3563, 25, 'مشگین غربی', '2020-03-13 02:04:09', '2020-03-13 02:04:09'),
(3564, 3564, 25, 'قصابه', '2020-03-13 02:04:09', '2020-03-13 02:04:09'),
(3565, 3565, 25, 'انگوت شرقی', '2020-03-13 02:04:09', '2020-03-13 02:04:09'),
(3566, 3566, 25, 'انگوت غربی', '2020-03-13 02:04:09', '2020-03-13 02:04:09'),
(3567, 3567, 25, 'پایین برزند', '2020-03-13 02:04:09', '2020-03-13 02:04:09'),
(3568, 3568, 25, 'تازه کندانگوت', '2020-03-13 02:04:09', '2020-03-13 02:04:09'),
(3569, 3569, 25, 'اجارودغربی', '2020-03-13 02:04:09', '2020-03-13 02:04:09'),
(3570, 3570, 25, 'اجارودمرکزی', '2020-03-13 02:04:09', '2020-03-13 02:04:09'),
(3571, 3571, 25, 'انی', '2020-03-13 02:04:09', '2020-03-13 02:04:09'),
(3572, 3572, 25, 'اجارودشمالی', '2020-03-13 02:04:09', '2020-03-13 02:04:09'),
(3573, 3573, 25, 'گرمی', '2020-03-13 02:04:09', '2020-03-13 02:04:09'),
(3574, 3574, 25, 'اجارودشرقی', '2020-03-13 02:04:09', '2020-03-13 02:04:09'),
(3575, 3575, 25, 'آزادلو', '2020-03-13 02:04:09', '2020-03-13 02:04:09'),
(3576, 3576, 25, 'ساوالان', '2020-03-13 02:04:09', '2020-03-13 02:04:09'),
(3577, 3577, 25, 'اولتان', '2020-03-13 02:04:09', '2020-03-13 02:04:09'),
(3578, 3578, 25, 'پارس آباد', '2020-03-13 02:04:09', '2020-03-13 02:04:09'),
(3580, 3580, 25, 'قشلاق غربی', '2020-03-13 02:04:09', '2020-03-13 02:04:09'),
(3581, 3581, 25, 'اصلاندوز', '2020-03-13 02:04:09', '2020-03-13 02:04:09'),
(3582, 3582, 25, 'محمودآباد', '2020-03-13 02:04:09', '2020-03-13 02:04:09'),
(3584, 3584, 25, 'تازه کند', '2020-03-13 02:04:09', '2020-03-13 02:04:09'),
(3585, 3585, 25, 'اسلام آباد', '2020-03-13 02:04:09', '2020-03-13 02:04:09'),
(3586, 3586, 25, 'شهرک', '2020-03-13 02:04:09', '2020-03-13 02:04:09'),
(3587, 3587, 25, 'اسلام اباد', '2020-03-13 02:04:09', '2020-03-13 02:04:09'),
(3588, 3588, 25, 'سنجبدشمالی', '2020-03-13 02:04:09', '2020-03-13 02:04:09'),
(3589, 3589, 25, 'سنجبدغربی', '2020-03-13 02:04:09', '2020-03-13 02:04:09'),
(3590, 3590, 25, 'گیوی', '2020-03-13 02:04:09', '2020-03-13 02:04:09'),
(3591, 3591, 25, 'زرج آباد', '2020-03-13 02:04:09', '2020-03-13 02:04:09'),
(3592, 3592, 25, 'سنجبدجنوبی', '2020-03-13 02:04:09', '2020-03-13 02:04:09'),
(3593, 3593, 25, 'ویلکیج جنوبی', '2020-03-13 02:04:09', '2020-03-13 02:04:09'),
(3594, 3594, 25, 'ویلکیج مرکزی', '2020-03-13 02:04:09', '2020-03-13 02:04:09'),
(3595, 3595, 25, 'آبی بیگلو', '2020-03-13 02:04:09', '2020-03-13 02:04:09'),
(3596, 3596, 25, 'دولت آباد', '2020-03-13 02:04:09', '2020-03-13 02:04:09'),
(3597, 3597, 25, 'گرده', '2020-03-13 02:04:09', '2020-03-13 02:04:09'),
(3598, 3598, 25, 'ویلکیج شمالی', '2020-03-13 02:04:09', '2020-03-13 02:04:09'),
(3599, 3599, 25, 'نمین', '2020-03-13 02:04:09', '2020-03-13 02:04:09'),
(3601, 3601, 25, 'میناباد', '2020-03-13 02:04:09', '2020-03-13 02:04:09'),
(3602, 3602, 25, 'عنبران', '2020-03-13 02:04:09', '2020-03-13 02:04:09'),
(3603, 3603, 25, 'دورسونخواجه', '2020-03-13 02:04:09', '2020-03-13 02:04:09'),
(3604, 3604, 25, 'رضاقلی قشلاق', '2020-03-13 02:04:09', '2020-03-13 02:04:09'),
(3605, 3605, 25, 'نیر', '2020-03-13 02:04:09', '2020-03-13 02:04:09'),
(3606, 3606, 25, 'مهماندوست', '2020-03-13 02:04:09', '2020-03-13 02:04:09'),
(3607, 3607, 25, 'یورتچی شرقی', '2020-03-13 02:04:09', '2020-03-13 02:04:09'),
(3608, 3608, 25, 'یورتچی غربی', '2020-03-13 02:04:09', '2020-03-13 02:04:09'),
(3609, 3609, 25, 'کوراییم', '2020-03-13 02:04:09', '2020-03-13 02:04:09'),
(3610, 3610, 25, 'آب گرم', '2020-03-13 02:04:09', '2020-03-13 02:04:09'),
(3611, 3611, 25, 'الوارس', '2020-03-13 02:04:09', '2020-03-13 02:04:09'),
(3612, 3612, 25, 'سرعین', '2020-03-13 02:04:09', '2020-03-13 02:04:09'),
(3613, 3613, 25, 'سبلان', '2020-03-13 02:04:09', '2020-03-13 02:04:09'),
(3614, 3614, 25, 'ارجستان', '2020-03-13 02:04:09', '2020-03-13 02:04:09'),
(3615, 3615, 26, 'جعفرآباد', '2020-03-13 02:04:09', '2020-03-13 02:04:09'),
(3616, 3616, 26, 'جعفریه', '2020-03-13 02:04:09', '2020-03-13 02:04:09'),
(3618, 3618, 26, 'قاهان', '2020-03-13 02:04:09', '2020-03-13 02:04:09'),
(3619, 3619, 26, 'دستجرد', '2020-03-13 02:04:09', '2020-03-13 02:04:09'),
(3620, 3620, 26, 'قمرود', '2020-03-13 02:04:09', '2020-03-13 02:04:09'),
(3622, 3622, 26, 'قم', '2020-03-13 02:04:09', '2020-03-13 02:04:09'),
(3629, 3629, 26, 'قنوات', '2020-03-13 02:04:09', '2020-03-13 02:04:09'),
(3632, 3632, 26, 'فردو', '2020-03-13 02:04:09', '2020-03-13 02:04:09'),
(3634, 3634, 26, 'کهک', '2020-03-13 02:04:09', '2020-03-13 02:04:09'),
(3635, 3635, 26, 'راهجردشرقی', '2020-03-13 02:04:09', '2020-03-13 02:04:09'),
(3636, 3636, 26, 'نیزار', '2020-03-13 02:04:09', '2020-03-13 02:04:09'),
(3637, 3637, 26, 'سلفچگان', '2020-03-13 02:04:09', '2020-03-13 02:04:09'),
(3638, 3638, 27, 'ابراهیم آباد', '2020-03-13 02:04:09', '2020-03-13 02:04:09'),
(3639, 3639, 27, 'رامندجنوبی', '2020-03-13 02:04:09', '2020-03-13 02:04:09'),
(3640, 3640, 27, 'دانسفهان', '2020-03-13 02:04:09', '2020-03-13 02:04:09'),
(3641, 3641, 27, 'زین آباد', '2020-03-13 02:04:09', '2020-03-13 02:04:09'),
(3642, 3642, 27, 'قلعه هاشم', '2020-03-13 02:04:09', '2020-03-13 02:04:09'),
(3643, 3643, 27, 'شال', '2020-03-13 02:04:09', '2020-03-13 02:04:09'),
(3644, 3644, 27, 'زهرای بالا', '2020-03-13 02:04:09', '2020-03-13 02:04:09'),
(3645, 3645, 27, 'زهرای پایین', '2020-03-13 02:04:09', '2020-03-13 02:04:09'),
(3647, 3647, 27, 'بویین زهرا', '2020-03-13 02:04:09', '2020-03-13 02:04:09'),
(3648, 3648, 27, 'سگزآباد', '2020-03-13 02:04:09', '2020-03-13 02:04:09'),
(3649, 3649, 27, 'دشتابی شرقی', '2020-03-13 02:04:09', '2020-03-13 02:04:09'),
(3650, 3650, 27, 'دشتابی غربی', '2020-03-13 02:04:09', '2020-03-13 02:04:09'),
(3651, 3651, 27, 'ارداق', '2020-03-13 02:04:09', '2020-03-13 02:04:09'),
(3652, 3652, 27, 'اک', '2020-03-13 02:04:09', '2020-03-13 02:04:09'),
(3653, 3653, 27, 'خرم آباد', '2020-03-13 02:04:09', '2020-03-13 02:04:09'),
(3654, 3654, 27, 'اسفرورین', '2020-03-13 02:04:09', '2020-03-13 02:04:09'),
(3655, 3655, 27, 'افشاریه', '2020-03-13 02:04:09', '2020-03-13 02:04:09'),
(3656, 3656, 27, 'رامندشمالی', '2020-03-13 02:04:09', '2020-03-13 02:04:09'),
(3657, 3657, 27, 'خرمدشت', '2020-03-13 02:04:09', '2020-03-13 02:04:09'),
(3658, 3658, 27, 'دودانگه سفلی', '2020-03-13 02:04:09', '2020-03-13 02:04:09'),
(3659, 3659, 27, 'دودانگه علیا', '2020-03-13 02:04:09', '2020-03-13 02:04:09'),
(3660, 3660, 27, 'ضیاڈآباد', '2020-03-13 02:04:09', '2020-03-13 02:04:09'),
(3661, 3661, 27, 'قاقازان شرقی', '2020-03-13 02:04:09', '2020-03-13 02:04:09'),
(3662, 3662, 27, 'قاقازان غربی', '2020-03-13 02:04:09', '2020-03-13 02:04:09'),
(3664, 3664, 27, 'تاکستان', '2020-03-13 02:04:09', '2020-03-13 02:04:09'),
(3665, 3665, 27, 'نرجه', '2020-03-13 02:04:09', '2020-03-13 02:04:09'),
(3666, 3666, 27, 'الموت بالا', '2020-03-13 02:04:09', '2020-03-13 02:04:09'),
(3667, 3667, 27, 'الموت پایین', '2020-03-13 02:04:09', '2020-03-13 02:04:09'),
(3669, 3669, 27, 'معلم کلایه', '2020-03-13 02:04:09', '2020-03-13 02:04:09'),
(3670, 3670, 27, 'رودبار شهرستان', '2020-03-13 02:04:09', '2020-03-13 02:04:09'),
(3671, 3671, 27, 'رودبار محمدزمانی', '2020-03-13 02:04:09', '2020-03-13 02:04:09'),
(3672, 3672, 27, 'دستجرد', '2020-03-13 02:04:09', '2020-03-13 02:04:09'),
(3673, 3673, 27, 'رازمیان', '2020-03-13 02:04:09', '2020-03-13 02:04:09'),
(3674, 3674, 27, 'چوقور', '2020-03-13 02:04:09', '2020-03-13 02:04:09'),
(3675, 3675, 27, 'خندان', '2020-03-13 02:04:09', '2020-03-13 02:04:09'),
(3676, 3676, 27, 'کوهگیر', '2020-03-13 02:04:09', '2020-03-13 02:04:09'),
(3677, 3677, 27, 'نیارک', '2020-03-13 02:04:09', '2020-03-13 02:04:09'),
(3678, 3678, 27, 'سیردان', '2020-03-13 02:04:09', '2020-03-13 02:04:09'),
(3679, 3679, 27, 'اقبال شرقی', '2020-03-13 02:04:09', '2020-03-13 02:04:09'),
(3680, 3680, 27, 'اقبال غربی', '2020-03-13 02:04:09', '2020-03-13 02:04:09'),
(3681, 3681, 27, 'قزوین', '2020-03-13 02:04:09', '2020-03-13 02:04:09'),
(3682, 3682, 27, 'اقبالیه', '2020-03-13 02:04:09', '2020-03-13 02:04:09'),
(3685, 3685, 27, 'محمودآبادنمونه', '2020-03-13 02:04:09', '2020-03-13 02:04:09'),
(3688, 3688, 27, 'ایلات قاقازان شرقی', '2020-03-13 02:04:09', '2020-03-13 02:04:09'),
(3689, 3689, 27, 'ایلات قاقازان غربی', '2020-03-13 02:04:09', '2020-03-13 02:04:09'),
(3690, 3690, 27, 'کوهین', '2020-03-13 02:04:09', '2020-03-13 02:04:09'),
(3691, 3691, 27, 'بشاریات شرقی', '2020-03-13 02:04:09', '2020-03-13 02:04:09'),
(3692, 3692, 27, 'بشاریات غربی', '2020-03-13 02:04:09', '2020-03-13 02:04:09'),
(3693, 3693, 27, 'خاکعلی', '2020-03-13 02:04:09', '2020-03-13 02:04:09'),
(3694, 3694, 27, 'زیاران', '2020-03-13 02:04:09', '2020-03-13 02:04:09'),
(3695, 3695, 27, 'کوهپایه شرقی', '2020-03-13 02:04:09', '2020-03-13 02:04:09'),
(3696, 3696, 27, 'کوهپایه غربی', '2020-03-13 02:04:09', '2020-03-13 02:04:09'),
(3697, 3697, 27, 'آبیک', '2020-03-13 02:04:09', '2020-03-13 02:04:09'),
(3698, 3698, 27, 'حصارخروان', '2020-03-13 02:04:09', '2020-03-13 02:04:09'),
(3699, 3699, 27, 'شریف آباد', '2020-03-13 02:04:09', '2020-03-13 02:04:09'),
(3700, 3700, 27, 'شریفیه', '2020-03-13 02:04:09', '2020-03-13 02:04:09'),
(3701, 3701, 27, 'محمدیه', '2020-03-13 02:04:09', '2020-03-13 02:04:09'),
(3702, 3702, 27, 'بیدستان', '2020-03-13 02:04:09', '2020-03-13 02:04:09'),
(3703, 3703, 27, 'پیریوسفیان', '2020-03-13 02:04:09', '2020-03-13 02:04:09'),
(3704, 3704, 27, 'نصرت آباد', '2020-03-13 02:04:09', '2020-03-13 02:04:09'),
(3705, 3705, 27, 'الوند', '2020-03-13 02:04:09', '2020-03-13 02:04:09'),
(3706, 3706, 27, 'حصارولیعصر', '2020-03-13 02:04:09', '2020-03-13 02:04:09'),
(3707, 3707, 27, 'خرقان غربی', '2020-03-13 02:04:09', '2020-03-13 02:04:09'),
(3708, 3708, 27, 'شهیدآباد', '2020-03-13 02:04:09', '2020-03-13 02:04:09'),
(3709, 3709, 27, 'آوج', '2020-03-13 02:04:09', '2020-03-13 02:04:09'),
(3711, 3711, 27, 'خرقان شرقی', '2020-03-13 02:04:09', '2020-03-13 02:04:09'),
(3712, 3712, 27, 'آبگرم', '2020-03-13 02:04:09', '2020-03-13 02:04:09'),
(3713, 3713, 28, 'انزان شرقی', '2020-03-13 02:04:09', '2020-03-13 02:04:09'),
(3714, 3714, 28, 'انزان غربی', '2020-03-13 02:04:09', '2020-03-13 02:04:09'),
(3715, 3715, 28, 'بندرگز', '2020-03-13 02:04:09', '2020-03-13 02:04:09'),
(3716, 3716, 28, 'بنفشه تپه', '2020-03-13 02:04:09', '2020-03-13 02:04:09'),
(3717, 3717, 28, 'لیوان', '2020-03-13 02:04:09', '2020-03-13 02:04:09'),
(3718, 3718, 28, 'نوکنده', '2020-03-13 02:04:09', '2020-03-13 02:04:09'),
(3719, 3719, 28, 'جعفربای جنوبی', '2020-03-13 02:04:09', '2020-03-13 02:04:09'),
(3721, 3721, 28, 'بندرترکمن', '2020-03-13 02:04:09', '2020-03-13 02:04:09'),
(3722, 3722, 28, 'قره سو غربی', '2020-03-13 02:04:09', '2020-03-13 02:04:09'),
(3723, 3723, 28, 'قره سو شرقی', '2020-03-13 02:04:09', '2020-03-13 02:04:09'),
(3724, 3724, 28, 'کتول', '2020-03-13 02:04:09', '2020-03-13 02:04:09'),
(3725, 3725, 28, 'زرین گل', '2020-03-13 02:04:09', '2020-03-13 02:04:09'),
(3726, 3726, 28, 'علی اباد', '2020-03-13 02:04:09', '2020-03-13 02:04:09'),
(3727, 3727, 28, 'مزرعه', '2020-03-13 02:04:09', '2020-03-13 02:04:09'),
(3728, 3728, 28, 'سنگدوین', '2020-03-13 02:04:09', '2020-03-13 02:04:09'),
(3729, 3729, 28, 'استرآباد', '2020-03-13 02:04:09', '2020-03-13 02:04:09'),
(3730, 3730, 28, 'شیرنگ', '2020-03-13 02:04:09', '2020-03-13 02:04:09'),
(3731, 3731, 28, 'فاضل آباد', '2020-03-13 02:04:09', '2020-03-13 02:04:09'),
(3732, 3732, 28, 'چهارکوه', '2020-03-13 02:04:09', '2020-03-13 02:04:09'),
(3733, 3733, 28, 'سدن رستاق شرقی', '2020-03-13 02:04:09', '2020-03-13 02:04:09'),
(3734, 3734, 28, 'سدن رستاق غربی', '2020-03-13 02:04:09', '2020-03-13 02:04:09'),
(3735, 3735, 28, 'کردکوی', '2020-03-13 02:04:09', '2020-03-13 02:04:09'),
(3736, 3736, 28, 'استرآبادجنوبی', '2020-03-13 02:04:09', '2020-03-13 02:04:09'),
(3737, 3737, 28, 'انجیرآب', '2020-03-13 02:04:09', '2020-03-13 02:04:09'),
(3738, 3738, 28, 'روشن آباد', '2020-03-13 02:04:09', '2020-03-13 02:04:09'),
(3739, 3739, 28, 'گرگان', '2020-03-13 02:04:09', '2020-03-13 02:04:09'),
(3740, 3740, 28, 'جلین', '2020-03-13 02:04:09', '2020-03-13 02:04:09'),
(3743, 3743, 28, 'استرآبادشمالی', '2020-03-13 02:04:09', '2020-03-13 02:04:09'),
(3744, 3744, 28, 'قرق', '2020-03-13 02:04:09', '2020-03-13 02:04:09'),
(3745, 3745, 28, 'سرخنکلاته', '2020-03-13 02:04:09', '2020-03-13 02:04:09'),
(3746, 3746, 28, 'اترک', '2020-03-13 02:04:09', '2020-03-13 02:04:09'),
(3747, 3747, 28, 'کرند', '2020-03-13 02:04:09', '2020-03-13 02:04:09'),
(3748, 3748, 28, 'اینچه برون', '2020-03-13 02:04:09', '2020-03-13 02:04:09'),
(3749, 3749, 28, 'آق آباد', '2020-03-13 02:04:09', '2020-03-13 02:04:09'),
(3750, 3750, 28, 'باغلی ماراما', '2020-03-13 02:04:09', '2020-03-13 02:04:09'),
(3751, 3751, 28, 'فجر', '2020-03-13 02:04:09', '2020-03-13 02:04:09'),
(3752, 3752, 28, 'سلطانعلی', '2020-03-13 02:04:09', '2020-03-13 02:04:09'),
(3753, 3753, 28, 'گنبدکاووس', '2020-03-13 02:04:09', '2020-03-13 02:04:09'),
(3754, 3754, 28, 'چهل چای', '2020-03-13 02:04:09', '2020-03-13 02:04:09'),
(3755, 3755, 28, 'قلعه قافه', '2020-03-13 02:04:09', '2020-03-13 02:04:09'),
(3756, 3756, 28, 'مینودشت', '2020-03-13 02:04:09', '2020-03-13 02:04:09'),
(3757, 3757, 28, 'گرو', '2020-03-13 02:04:09', '2020-03-13 02:04:09'),
(3758, 3758, 28, 'سرگل', '2020-03-13 02:04:09', '2020-03-13 02:04:09'),
(3759, 3759, 28, 'مزرعه جنوبی', '2020-03-13 02:04:09', '2020-03-13 02:04:09'),
(3760, 3760, 28, 'مزرعه شمالی', '2020-03-13 02:04:09', '2020-03-13 02:04:09'),
(3761, 3761, 28, 'انبارآلوم', '2020-03-13 02:04:09', '2020-03-13 02:04:09'),
(3762, 3762, 28, 'آق التین', '2020-03-13 02:04:09', '2020-03-13 02:04:09'),
(3763, 3763, 28, 'شیخ موسی', '2020-03-13 02:04:09', '2020-03-13 02:04:09'),
(3764, 3764, 28, 'گرگان بوی', '2020-03-13 02:04:09', '2020-03-13 02:04:09'),
(3765, 3765, 28, 'آق قلا', '2020-03-13 02:04:09', '2020-03-13 02:04:09'),
(3766, 3766, 28, 'آق سو', '2020-03-13 02:04:09', '2020-03-13 02:04:09'),
(3767, 3767, 28, 'تمران', '2020-03-13 02:04:09', '2020-03-13 02:04:09'),
(3768, 3768, 28, 'کنگور', '2020-03-13 02:04:09', '2020-03-13 02:04:09'),
(3769, 3769, 28, 'کلاله', '2020-03-13 02:04:09', '2020-03-13 02:04:09'),
(3770, 3770, 28, 'زاوکوه', '2020-03-13 02:04:09', '2020-03-13 02:04:09'),
(3771, 3771, 28, 'عرب داغ', '2020-03-13 02:04:09', '2020-03-13 02:04:09'),
(3772, 3772, 28, 'فراغی', '2020-03-13 02:04:09', '2020-03-13 02:04:09'),
(3773, 3773, 28, 'چشمه ساران', '2020-03-13 02:04:09', '2020-03-13 02:04:09'),
(3774, 3774, 28, 'خرمارودجنوبی', '2020-03-13 02:04:09', '2020-03-13 02:04:09'),
(3775, 3775, 28, 'نوده خاندوز', '2020-03-13 02:04:09', '2020-03-13 02:04:09'),
(3776, 3776, 28, 'خرمارودشمالی', '2020-03-13 02:04:09', '2020-03-13 02:04:09'),
(3777, 3777, 28, 'نظام آباد', '2020-03-13 02:04:09', '2020-03-13 02:04:09'),
(3778, 3778, 28, 'آزادشهر', '2020-03-13 02:04:09', '2020-03-13 02:04:09'),
(3779, 3779, 28, 'نگین شهر', '2020-03-13 02:04:09', '2020-03-13 02:04:09'),
(3780, 3780, 28, 'فندرسک جنوبی', '2020-03-13 02:04:09', '2020-03-13 02:04:09'),
(3781, 3781, 28, 'فندرسک شمالی', '2020-03-13 02:04:09', '2020-03-13 02:04:09'),
(3782, 3782, 28, 'خان ببین', '2020-03-13 02:04:09', '2020-03-13 02:04:09'),
(3784, 3784, 28, 'قلعه میران', '2020-03-13 02:04:09', '2020-03-13 02:04:09'),
(3785, 3785, 28, 'رامیان', '2020-03-13 02:04:09', '2020-03-13 02:04:09'),
(3786, 3786, 28, 'دلند', '2020-03-13 02:04:09', '2020-03-13 02:04:09'),
(3787, 3787, 28, 'تاتارعلیا', '2020-03-13 02:04:09', '2020-03-13 02:04:09'),
(3788, 3788, 28, 'مراوه تپه', '2020-03-13 02:04:09', '2020-03-13 02:04:09'),
(3789, 3789, 28, 'پالیزان', '2020-03-13 02:04:09', '2020-03-13 02:04:09'),
(3790, 3790, 28, 'مراوه', '2020-03-13 02:04:09', '2020-03-13 02:04:09'),
(3791, 3791, 28, 'گلی داغ', '2020-03-13 02:04:09', '2020-03-13 02:04:09'),
(3792, 3792, 28, 'شلمی', '2020-03-13 02:04:09', '2020-03-13 02:04:09'),
(3793, 3793, 28, 'جعفربای غربی', '2020-03-13 02:04:09', '2020-03-13 02:04:09'),
(3794, 3794, 28, 'نفتلیجه', '2020-03-13 02:04:09', '2020-03-13 02:04:09'),
(3795, 3795, 28, 'گمیش تپه', '2020-03-13 02:04:09', '2020-03-13 02:04:09'),
(3796, 3796, 28, 'جعفربای شرقی', '2020-03-13 02:04:09', '2020-03-13 02:04:09'),
(3797, 3797, 28, 'قزل آلان', '2020-03-13 02:04:09', '2020-03-13 02:04:09'),
(3798, 3798, 28, 'سیمین شهر', '2020-03-13 02:04:09', '2020-03-13 02:04:09'),
(3799, 3799, 28, 'ینقاق', '2020-03-13 02:04:09', '2020-03-13 02:04:09'),
(3800, 3800, 28, 'نیلکوه', '2020-03-13 02:04:09', '2020-03-13 02:04:09'),
(3801, 3801, 28, 'گالیکش', '2020-03-13 02:04:09', '2020-03-13 02:04:09'),
(3802, 3802, 28, 'قراولان', '2020-03-13 02:04:09', '2020-03-13 02:04:09'),
(3803, 3803, 28, 'گلستان', '2020-03-13 02:04:09', '2020-03-13 02:04:09'),
(3804, 3804, 29, 'بام', '2020-03-13 02:04:09', '2020-03-13 02:04:09'),
(3806, 3806, 29, 'صفی آباد', '2020-03-13 02:04:09', '2020-03-13 02:04:09'),
(3807, 3807, 29, 'آذری', '2020-03-13 02:04:09', '2020-03-13 02:04:09'),
(3808, 3808, 29, 'دامن کوه', '2020-03-13 02:04:09', '2020-03-13 02:04:09'),
(3809, 3809, 29, 'زرق آباد', '2020-03-13 02:04:09', '2020-03-13 02:04:09'),
(3810, 3810, 29, 'رویین', '2020-03-13 02:04:09', '2020-03-13 02:04:09'),
(3811, 3811, 29, 'میلانلو', '2020-03-13 02:04:09', '2020-03-13 02:04:09'),
(3812, 3812, 29, 'اسفراین', '2020-03-13 02:04:09', '2020-03-13 02:04:09'),
(3813, 3813, 29, 'آلاداغ', '2020-03-13 02:04:09', '2020-03-13 02:04:09'),
(3814, 3814, 29, 'باباامان', '2020-03-13 02:04:09', '2020-03-13 02:04:09'),
(3815, 3815, 29, 'بدرانلو', '2020-03-13 02:04:09', '2020-03-13 02:04:09'),
(3816, 3816, 29, 'بجنورد', '2020-03-13 02:04:09', '2020-03-13 02:04:09'),
(3819, 3819, 29, 'چناران شهر', '2020-03-13 02:04:09', '2020-03-13 02:04:09'),
(3820, 3820, 29, 'گرمخان', '2020-03-13 02:04:09', '2020-03-13 02:04:09'),
(3821, 3821, 29, 'گیفان', '2020-03-13 02:04:09', '2020-03-13 02:04:09'),
(3822, 3822, 29, 'حصارگرمخان', '2020-03-13 02:04:09', '2020-03-13 02:04:09'),
(3823, 3823, 29, 'چهارده سنخواست', '2020-03-13 02:04:09', '2020-03-13 02:04:09'),
(3824, 3824, 29, 'دربند', '2020-03-13 02:04:09', '2020-03-13 02:04:09'),
(3825, 3825, 29, 'سنخواست', '2020-03-13 02:04:09', '2020-03-13 02:04:09'),
(3827, 3827, 29, 'طبر', '2020-03-13 02:04:09', '2020-03-13 02:04:09'),
(3828, 3828, 29, 'شوقان', '2020-03-13 02:04:09', '2020-03-13 02:04:09'),
(3829, 3829, 29, 'میان دشت', '2020-03-13 02:04:09', '2020-03-13 02:04:09'),
(3830, 3830, 29, 'جاجرم', '2020-03-13 02:04:09', '2020-03-13 02:04:09'),
(3831, 3831, 29, 'تکمران', '2020-03-13 02:04:09', '2020-03-13 02:04:09'),
(3832, 3832, 29, 'جیرستان', '2020-03-13 02:04:09', '2020-03-13 02:04:09'),
(3833, 3833, 29, 'لوجلی', '2020-03-13 02:04:09', '2020-03-13 02:04:09'),
(3834, 3834, 29, 'حومه', '2020-03-13 02:04:09', '2020-03-13 02:04:09'),
(3835, 3835, 29, 'زوارم', '2020-03-13 02:04:09', '2020-03-13 02:04:09'),
(3837, 3837, 29, 'سیوکانلو', '2020-03-13 02:04:09', '2020-03-13 02:04:09'),
(3838, 3838, 29, 'گلیان', '2020-03-13 02:04:09', '2020-03-13 02:04:09'),
(3839, 3839, 29, 'شیروان', '2020-03-13 02:04:09', '2020-03-13 02:04:09'),
(3840, 3840, 29, 'زیارت', '2020-03-13 02:04:09', '2020-03-13 02:04:09'),
(3841, 3841, 29, 'قوشخانه بالا', '2020-03-13 02:04:09', '2020-03-13 02:04:09'),
(3842, 3842, 29, 'قوشخانه پایین', '2020-03-13 02:04:09', '2020-03-13 02:04:09'),
(3843, 3843, 29, 'قوشخانه', '2020-03-13 02:04:09', '2020-03-13 02:04:09'),
(3845, 3845, 29, 'حصار', '2020-03-13 02:04:09', '2020-03-13 02:04:09'),
(3846, 3846, 29, 'تیتکانلو', '2020-03-13 02:04:09', '2020-03-13 02:04:09'),
(3847, 3847, 29, 'سنگر', '2020-03-13 02:04:09', '2020-03-13 02:04:09'),
(3848, 3848, 29, 'شاه جهان', '2020-03-13 02:04:09', '2020-03-13 02:04:09'),
(3850, 3850, 29, 'فاروج', '2020-03-13 02:04:09', '2020-03-13 02:04:09'),
(3851, 3851, 29, 'آلمه', '2020-03-13 02:04:09', '2020-03-13 02:04:09'),
(3853, 3853, 29, 'قاضی', '2020-03-13 02:04:09', '2020-03-13 02:04:09'),
(3854, 3854, 29, 'آوا', '2020-03-13 02:04:09', '2020-03-13 02:04:09'),
(3855, 3855, 29, 'اترک', '2020-03-13 02:04:09', '2020-03-13 02:04:09'),
(3856, 3856, 29, 'شیرین سو', '2020-03-13 02:04:09', '2020-03-13 02:04:09'),
(3857, 3857, 29, 'پیش قلعه', '2020-03-13 02:04:09', '2020-03-13 02:04:09'),
(3858, 3858, 29, 'جیرانسو', '2020-03-13 02:04:09', '2020-03-13 02:04:09'),
(3859, 3859, 29, 'حومه', '2020-03-13 02:04:09', '2020-03-13 02:04:09'),
(3860, 3860, 29, 'آشخانه', '2020-03-13 02:04:09', '2020-03-13 02:04:09'),
(3861, 3861, 29, 'گلستان', '2020-03-13 02:04:09', '2020-03-13 02:04:09'),
(3862, 3862, 29, 'بالا دشت', '2020-03-13 02:04:09', '2020-03-13 02:04:09'),
(3863, 3863, 29, 'ایور', '2020-03-13 02:04:09', '2020-03-13 02:04:09'),
(3864, 3864, 29, 'گرمه', '2020-03-13 02:04:09', '2020-03-13 02:04:09'),
(3865, 3865, 29, 'درق', '2020-03-13 02:04:09', '2020-03-13 02:04:09'),
(3867, 3867, 29, 'باغلق', '2020-03-13 02:04:09', '2020-03-13 02:04:09'),
(3868, 3868, 29, 'راز', '2020-03-13 02:04:09', '2020-03-13 02:04:09'),
(3869, 3869, 29, 'غلامان', '2020-03-13 02:04:09', '2020-03-13 02:04:09'),
(3870, 3870, 29, 'راستقان', '2020-03-13 02:04:09', '2020-03-13 02:04:09'),
(3871, 3871, 29, 'جرگلان', '2020-03-13 02:04:09', '2020-03-13 02:04:09'),
(3872, 3872, 29, 'حصارچه', '2020-03-13 02:04:09', '2020-03-13 02:04:09'),
(3873, 3873, 30, 'القورات', '2020-03-13 02:04:09', '2020-03-13 02:04:09'),
(3874, 3874, 30, 'شاخنات', '2020-03-13 02:04:09', '2020-03-13 02:04:09'),
(3875, 3875, 30, 'فشارود', '2020-03-13 02:04:09', '2020-03-13 02:04:09'),
(3876, 3876, 30, 'کاهشنگ', '2020-03-13 02:04:09', '2020-03-13 02:04:09'),
(3877, 3877, 30, 'شاخن', '2020-03-13 02:04:09', '2020-03-13 02:04:09'),
(3878, 3878, 30, 'باقران', '2020-03-13 02:04:09', '2020-03-13 02:04:09'),
(3879, 3879, 30, 'بیرجند', '2020-03-13 02:04:09', '2020-03-13 02:04:09'),
(3882, 3882, 30, 'فخررود', '2020-03-13 02:04:09', '2020-03-13 02:04:09'),
(3884, 3884, 30, 'قهستان', '2020-03-13 02:04:09', '2020-03-13 02:04:09'),
(3887, 3887, 30, 'طبس مسینا', '2020-03-13 02:04:09', '2020-03-13 02:04:09'),
(3888, 3888, 30, 'گزیک', '2020-03-13 02:04:09', '2020-03-13 02:04:09'),
(3889, 3889, 30, 'درمیان', '2020-03-13 02:04:09', '2020-03-13 02:04:09'),
(3890, 3890, 30, 'میاندشت', '2020-03-13 02:04:09', '2020-03-13 02:04:09'),
(3891, 3891, 30, 'اسدیه', '2020-03-13 02:04:09', '2020-03-13 02:04:09'),
(3892, 3892, 30, 'مومن آباد', '2020-03-13 02:04:09', '2020-03-13 02:04:09'),
(3893, 3893, 30, 'غیناب', '2020-03-13 02:04:09', '2020-03-13 02:04:09'),
(3894, 3894, 30, 'سربیشه', '2020-03-13 02:04:09', '2020-03-13 02:04:09'),
(3896, 3896, 30, 'نهارجان', '2020-03-13 02:04:09', '2020-03-13 02:04:09'),
(3897, 3897, 30, 'مود', '2020-03-13 02:04:09', '2020-03-13 02:04:09'),
(3898, 3898, 30, 'لانو', '2020-03-13 02:04:09', '2020-03-13 02:04:09'),
(3899, 3899, 30, 'درح', '2020-03-13 02:04:09', '2020-03-13 02:04:09'),
(3900, 3900, 30, 'پیشکوه', '2020-03-13 02:04:09', '2020-03-13 02:04:09'),
(3902, 3902, 30, 'مهیار', '2020-03-13 02:04:09', '2020-03-13 02:04:09'),
(3903, 3903, 30, 'قاین', '2020-03-13 02:04:09', '2020-03-13 02:04:09'),
(3904, 3904, 30, 'اسفدن', '2020-03-13 02:04:09', '2020-03-13 02:04:09'),
(3905, 3905, 30, 'کرغند', '2020-03-13 02:04:09', '2020-03-13 02:04:09'),
(3907, 3907, 30, 'خضری دشت بیاض', '2020-03-13 02:04:09', '2020-03-13 02:04:09'),
(3908, 3908, 30, 'نیمبلوک', '2020-03-13 02:04:09', '2020-03-13 02:04:09'),
(3909, 3909, 30, 'آفریز', '2020-03-13 02:04:09', '2020-03-13 02:04:09'),
(3910, 3910, 30, 'پسکوه', '2020-03-13 02:04:09', '2020-03-13 02:04:09'),
(3911, 3911, 30, 'سده', '2020-03-13 02:04:09', '2020-03-13 02:04:09'),
(3912, 3912, 30, 'آرین شهر', '2020-03-13 02:04:09', '2020-03-13 02:04:09'),
(3914, 3914, 30, 'عربخانه', '2020-03-13 02:04:09', '2020-03-13 02:04:09'),
(3915, 3915, 30, 'شوسف', '2020-03-13 02:04:09', '2020-03-13 02:04:09'),
(3916, 3916, 30, 'بندان', '2020-03-13 02:04:09', '2020-03-13 02:04:09'),
(3917, 3917, 30, 'میغان', '2020-03-13 02:04:09', '2020-03-13 02:04:09'),
(3918, 3918, 30, 'نه', '2020-03-13 02:04:09', '2020-03-13 02:04:09'),
(3919, 3919, 30, 'نهبندان', '2020-03-13 02:04:09', '2020-03-13 02:04:09'),
(3921, 3921, 30, 'مصعبی', '2020-03-13 02:04:09', '2020-03-13 02:04:09'),
(3922, 3922, 30, 'سرایان', '2020-03-13 02:04:09', '2020-03-13 02:04:09'),
(3923, 3923, 30, 'آیسک', '2020-03-13 02:04:09', '2020-03-13 02:04:09'),
(3924, 3924, 30, 'دوکوهه', '2020-03-13 02:04:09', '2020-03-13 02:04:09'),
(3926, 3926, 30, 'سه قلعه', '2020-03-13 02:04:09', '2020-03-13 02:04:09'),
(3927, 3927, 30, 'باغستان', '2020-03-13 02:04:09', '2020-03-13 02:04:09'),
(3928, 3928, 30, 'برون', '2020-03-13 02:04:09', '2020-03-13 02:04:09'),
(3929, 3929, 30, 'حومه', '2020-03-13 02:04:09', '2020-03-13 02:04:09'),
(3930, 3930, 30, 'اسلامیه', '2020-03-13 02:04:09', '2020-03-13 02:04:09'),
(3931, 3931, 30, 'فردوس', '2020-03-13 02:04:09', '2020-03-13 02:04:09'),
(3932, 3932, 30, 'علی جمال', '2020-03-13 02:04:09', '2020-03-13 02:04:09'),
(3933, 3933, 30, 'کرند', '2020-03-13 02:04:09', '2020-03-13 02:04:09'),
(3934, 3934, 30, 'بشرویه', '2020-03-13 02:04:09', '2020-03-13 02:04:09'),
(3936, 3936, 30, 'رقه', '2020-03-13 02:04:09', '2020-03-13 02:04:09'),
(3937, 3937, 30, 'ارسک', '2020-03-13 02:04:09', '2020-03-13 02:04:09'),
(3938, 3938, 30, 'پترگان', '2020-03-13 02:04:09', '2020-03-13 02:04:09'),
(3939, 3939, 30, 'زیرکوه', '2020-03-13 02:04:09', '2020-03-13 02:04:09'),
(3940, 3940, 30, 'حاجی آباد', '2020-03-13 02:04:09', '2020-03-13 02:04:09'),
(3941, 3941, 30, 'افین', '2020-03-13 02:04:09', '2020-03-13 02:04:09'),
(3943, 3943, 30, 'زهان', '2020-03-13 02:04:09', '2020-03-13 02:04:09'),
(3944, 3944, 30, 'شاسکوه', '2020-03-13 02:04:09', '2020-03-13 02:04:09'),
(3945, 3945, 30, 'بهناباد', '2020-03-13 02:04:09', '2020-03-13 02:04:09'),
(3947, 3947, 30, 'خور', '2020-03-13 02:04:09', '2020-03-13 02:04:09'),
(3948, 3948, 30, 'محمدشهر', '2020-03-13 02:04:09', '2020-03-13 02:04:09'),
(3949, 3949, 30, 'خوسف', '2020-03-13 02:04:09', '2020-03-13 02:04:09'),
(3950, 3950, 30, 'براکوه', '2020-03-13 02:04:09', '2020-03-13 02:04:09'),
(3951, 3951, 30, 'جلگه ماژان', '2020-03-13 02:04:09', '2020-03-13 02:04:09'),
(3952, 3952, 30, 'قلعه زری', '2020-03-13 02:04:09', '2020-03-13 02:04:09'),
(3953, 3953, 30, 'دستگردان', '2020-03-13 02:04:09', '2020-03-13 02:04:09'),
(3954, 3954, 30, 'کوه یخاب', '2020-03-13 02:04:09', '2020-03-13 02:04:09'),
(3955, 3955, 30, 'عشق آباد', '2020-03-13 02:04:09', '2020-03-13 02:04:09'),
(3956, 3956, 30, 'پیرحاجات', '2020-03-13 02:04:09', '2020-03-13 02:04:09'),
(3957, 3957, 30, 'گلشن', '2020-03-13 02:04:09', '2020-03-13 02:04:09'),
(3958, 3958, 30, 'منتظریه', '2020-03-13 02:04:09', '2020-03-13 02:04:09'),
(3959, 3959, 30, 'نخلستان', '2020-03-13 02:04:09', '2020-03-13 02:04:09'),
(3960, 3960, 30, 'طبس', '2020-03-13 02:04:09', '2020-03-13 02:04:09'),
(3962, 3962, 30, 'کویر', '2020-03-13 02:04:09', '2020-03-13 02:04:09'),
(3963, 3963, 30, 'دیهوک', '2020-03-13 02:04:09', '2020-03-13 02:04:09'),
(3965, 3965, 31, 'محمدآباد', '2020-03-13 02:04:09', '2020-03-13 02:04:09'),
(3966, 3966, 31, 'کمال آباد', '2020-03-13 02:04:09', '2020-03-13 02:04:09'),
(3967, 3967, 31, 'کرج', '2020-03-13 02:04:09', '2020-03-13 02:04:09'),
(3968, 3968, 31, 'ماهدشت', '2020-03-13 02:04:09', '2020-03-13 02:04:09'),
(3969, 3969, 31, 'کمال شهر', '2020-03-13 02:04:09', '2020-03-13 02:04:09'),
(3970, 3970, 31, 'محمدشهر', '2020-03-13 02:04:09', '2020-03-13 02:04:09'),
(3980, 3980, 31, 'گرمدره', '2020-03-13 02:04:09', '2020-03-13 02:04:09'),
(3983, 3983, 31, 'آدران', '2020-03-13 02:04:09', '2020-03-13 02:04:09'),
(3985, 3985, 31, 'نساء', '2020-03-13 02:04:09', '2020-03-13 02:04:09'),
(3986, 3986, 31, 'آسارا', '2020-03-13 02:04:09', '2020-03-13 02:04:09'),
(3987, 3987, 31, 'سعیدآباد', '2020-03-13 02:04:09', '2020-03-13 02:04:09');
INSERT INTO `city` (`id`, `City_No`, `State_No`, `City_Name`, `created_at`, `updated_at`) VALUES
(3988, 3988, 31, 'هیو', '2020-03-13 02:04:09', '2020-03-13 02:04:09'),
(3989, 3989, 31, 'هشتگرد', '2020-03-13 02:04:09', '2020-03-13 02:04:09'),
(3990, 3990, 31, 'گلسار', '2020-03-13 02:04:09', '2020-03-13 02:04:09'),
(3991, 3991, 31, 'شهرجدیدهشتگرد', '2020-03-13 02:04:09', '2020-03-13 02:04:09'),
(3992, 3992, 31, 'برغان', '2020-03-13 02:04:09', '2020-03-13 02:04:09'),
(3993, 3993, 31, 'چندار', '2020-03-13 02:04:09', '2020-03-13 02:04:09'),
(3994, 3994, 31, 'کوهسار', '2020-03-13 02:04:09', '2020-03-13 02:04:09'),
(3995, 3995, 31, 'چهاردانگه', '2020-03-13 02:04:09', '2020-03-13 02:04:09'),
(3996, 3996, 31, 'رامجین', '2020-03-13 02:04:09', '2020-03-13 02:04:09'),
(3997, 3997, 31, 'چهارباغ', '2020-03-13 02:04:09', '2020-03-13 02:04:09'),
(3998, 3998, 31, 'احمدآباد', '2020-03-13 02:04:09', '2020-03-13 02:04:09'),
(3999, 3999, 31, 'جمال الدین', '2020-03-13 02:04:09', '2020-03-13 02:04:09'),
(4000, 4000, 31, 'نجم آباد', '2020-03-13 02:04:09', '2020-03-13 02:04:09'),
(4001, 4001, 31, 'نظرآباد', '2020-03-13 02:04:09', '2020-03-13 02:04:09'),
(4002, 4002, 31, 'تنکمان جنوبی', '2020-03-13 02:04:09', '2020-03-13 02:04:09'),
(4003, 4003, 31, 'تنکمان شمالی', '2020-03-13 02:04:09', '2020-03-13 02:04:09'),
(4004, 4004, 31, 'تنکمان', '2020-03-13 02:04:09', '2020-03-13 02:04:09'),
(4005, 4005, 31, 'میان طالقان', '2020-03-13 02:04:09', '2020-03-13 02:04:09'),
(4006, 4006, 31, 'پایین طالقان', '2020-03-13 02:04:09', '2020-03-13 02:04:09'),
(4007, 4007, 31, 'طالقان', '2020-03-13 02:04:09', '2020-03-13 02:04:09'),
(4008, 4008, 31, 'جوستان', '2020-03-13 02:04:09', '2020-03-13 02:04:09'),
(4009, 4009, 31, 'کنار رود', '2020-03-13 02:04:09', '2020-03-13 02:04:09'),
(4010, 4010, 31, 'صحت آباد', '2020-03-13 02:04:09', '2020-03-13 02:04:09'),
(4011, 4011, 31, 'ایپک', '2020-03-13 02:04:09', '2020-03-13 02:04:09'),
(4012, 4012, 31, 'اشتهارد', '2020-03-13 02:04:09', '2020-03-13 02:04:09'),
(4013, 4013, 31, 'پلنگ آباد', '2020-03-13 02:04:09', '2020-03-13 02:04:09'),
(4014, 4014, 31, 'جارو', '2020-03-13 02:04:09', '2020-03-13 02:04:09'),
(4016, 4016, 31, 'وحدت', '2020-03-13 02:04:09', '2020-03-13 02:04:09'),
(4017, 4017, 31, 'فردیس', '2020-03-13 02:04:09', '2020-03-13 02:04:09'),
(4018, 4018, 31, 'مشکین آباد', '2020-03-13 02:04:09', '2020-03-13 02:04:09'),
(4019, 4019, 31, 'فرخ آباد', '2020-03-13 02:04:09', '2020-03-13 02:04:09'),
(4020, 4020, 31, 'مشکین دشت', '2020-03-13 02:04:09', '2020-03-13 02:04:09');

-- --------------------------------------------------------

--
-- Table structure for table `classes_completed`
--

CREATE TABLE `classes_completed` (
  `id` bigint UNSIGNED NOT NULL,
  `schedule_id` bigint NOT NULL DEFAULT '0',
  `holding_date` varchar(550) CHARACTER SET utf8mb4 COLLATE utf8mb4_unicode_ci DEFAULT NULL,
  `holding_time` varchar(550) CHARACTER SET utf8mb4 COLLATE utf8mb4_unicode_ci DEFAULT NULL,
  `created_at` timestamp NULL DEFAULT NULL,
  `updated_at` timestamp NULL DEFAULT NULL
) ENGINE=InnoDB DEFAULT CHARSET=utf8mb4 COLLATE=utf8mb4_unicode_ci;

--
-- Dumping data for table `classes_completed`
--

INSERT INTO `classes_completed` (`id`, `schedule_id`, `holding_date`, `holding_time`, `created_at`, `updated_at`) VALUES
(1, 62, '2021-03-29', '2021-03-29 21:45:16', '2021-03-29 17:15:16', '2021-03-29 17:15:16');

-- --------------------------------------------------------

--
-- Table structure for table `class_assign`
--

CREATE TABLE `class_assign` (
  `id` bigint UNSIGNED NOT NULL,
  `title` varchar(255) CHARACTER SET utf8mb4 COLLATE utf8mb4_unicode_ci DEFAULT NULL,
  `school_id` bigint NOT NULL DEFAULT '0',
  `grade_id` bigint NOT NULL DEFAULT '0',
  `base_id` varchar(255) CHARACTER SET utf8mb4 COLLATE utf8mb4_unicode_ci DEFAULT NULL,
  `created_at` timestamp NULL DEFAULT NULL,
  `updated_at` timestamp NULL DEFAULT NULL
) ENGINE=InnoDB DEFAULT CHARSET=utf8mb4 COLLATE=utf8mb4_unicode_ci;

--
-- Dumping data for table `class_assign`
--

INSERT INTO `class_assign` (`id`, `title`, `school_id`, `grade_id`, `base_id`, `created_at`, `updated_at`) VALUES
(1, 'یاس', 1, 3, '3', '2021-02-03 13:57:02', '2021-02-03 13:57:02'),
(2, 'بنفشه', 1, 3, '4', '2021-02-03 14:21:25', '2021-02-03 14:21:25'),
(3, 'ارغوان', 1, 3, '3', '2021-02-13 07:48:23', '2021-02-13 07:48:23'),
(4, 'پایه', 2, 3, '10', '2021-02-13 08:04:59', '2021-02-13 08:06:12'),
(5, 'متوسط', 2, 3, '10', '2021-02-13 08:06:19', '2021-02-13 08:06:19'),
(6, 'پیشرفته', 2, 3, '10', '2021-02-13 08:06:28', '2021-02-13 08:06:28');

-- --------------------------------------------------------

--
-- Table structure for table `deputy`
--

CREATE TABLE `deputy` (
  `id` bigint UNSIGNED NOT NULL,
  `name` varchar(550) CHARACTER SET utf8mb4 COLLATE utf8mb4_unicode_ci DEFAULT NULL,
  `family` varchar(550) CHARACTER SET utf8mb4 COLLATE utf8mb4_unicode_ci DEFAULT NULL,
  `phone` varchar(550) CHARACTER SET utf8mb4 COLLATE utf8mb4_unicode_ci DEFAULT NULL,
  `code` varchar(255) CHARACTER SET utf8mb4 COLLATE utf8mb4_unicode_ci DEFAULT NULL,
  `national_code` varchar(10) CHARACTER SET utf8mb4 COLLATE utf8mb4_unicode_ci NOT NULL DEFAULT '0',
  `password` varchar(550) CHARACTER SET utf8mb4 COLLATE utf8mb4_unicode_ci DEFAULT NULL,
  `school_id` bigint NOT NULL DEFAULT '0',
  `email` varchar(550) CHARACTER SET utf8mb4 COLLATE utf8mb4_unicode_ci DEFAULT NULL,
  `above_id` bigint NOT NULL DEFAULT '0',
  `level` enum('1','2') CHARACTER SET utf8mb4 COLLATE utf8mb4_unicode_ci NOT NULL DEFAULT '1',
  `permissions` text CHARACTER SET utf8mb4 COLLATE utf8mb4_unicode_ci,
  `status` enum('0','1') CHARACTER SET utf8mb4 COLLATE utf8mb4_unicode_ci NOT NULL DEFAULT '1',
  `created_at` timestamp NULL DEFAULT NULL,
  `updated_at` timestamp NULL DEFAULT NULL
) ENGINE=InnoDB DEFAULT CHARSET=utf8mb4 COLLATE=utf8mb4_unicode_ci;

--
-- Dumping data for table `deputy`
--

INSERT INTO `deputy` (`id`, `name`, `family`, `phone`, `code`, `national_code`, `password`, `school_id`, `email`, `above_id`, `level`, `permissions`, `status`, `created_at`, `updated_at`) VALUES
(1, 'معاون', 'گلبانگ', '09301583798', NULL, '0452320496', '$2y$10$NfU6Bf5JK.x/6KOiXSXW2Ot04Ym96WZduvTaWStPx8d3r/vkWugpC', 1, 'hasan@seemsys.com', 0, '1', NULL, '1', '2021-02-03 13:49:38', '2021-02-03 13:56:30'),
(2, 'حسین', 'جمشیدی', '09301583798', NULL, '1234567890', '$2y$10$uIKtKgWBFrQ.yzHeCAI38eikTXkXeO/Q6/2Lhn.WIDWAwGD/YPlKC', 2, 'hasan@seemsys.com', 0, '1', NULL, '1', '2021-02-13 08:04:01', '2021-02-13 08:04:01');

-- --------------------------------------------------------

--
-- Table structure for table `general_information`
--

CREATE TABLE `general_information` (
  `id` bigint UNSIGNED NOT NULL,
  `teacher_id` bigint NOT NULL DEFAULT '0',
  `school_id` bigint NOT NULL DEFAULT '0',
  `grade_id` bigint NOT NULL DEFAULT '0',
  `base_id` bigint NOT NULL DEFAULT '0',
  `class_id` bigint NOT NULL DEFAULT '0',
  `lesson_id` bigint NOT NULL DEFAULT '0',
  `file_type` varchar(550) CHARACTER SET utf8mb4 COLLATE utf8mb4_unicode_ci DEFAULT NULL,
  `file` varchar(550) CHARACTER SET utf8mb4 COLLATE utf8mb4_unicode_ci DEFAULT NULL,
  `created_at` timestamp NULL DEFAULT NULL,
  `updated_at` timestamp NULL DEFAULT NULL
) ENGINE=InnoDB DEFAULT CHARSET=utf8mb4 COLLATE=utf8mb4_unicode_ci;

-- --------------------------------------------------------

--
-- Table structure for table `grade`
--

CREATE TABLE `grade` (
  `id` bigint UNSIGNED NOT NULL,
  `title` varchar(255) CHARACTER SET utf8mb4 COLLATE utf8mb4_unicode_ci DEFAULT NULL,
  `user_id` bigint NOT NULL DEFAULT '0',
  `forced` enum('0','1') CHARACTER SET utf8mb4 COLLATE utf8mb4_unicode_ci NOT NULL DEFAULT '0',
  `created_at` timestamp NULL DEFAULT NULL,
  `updated_at` timestamp NULL DEFAULT NULL
) ENGINE=InnoDB DEFAULT CHARSET=utf8mb4 COLLATE=utf8mb4_unicode_ci;

--
-- Dumping data for table `grade`
--

INSERT INTO `grade` (`id`, `title`, `user_id`, `forced`, `created_at`, `updated_at`) VALUES
(1, 'ابتدایی', 1, '1', '2021-02-03 12:37:49', '2021-02-03 12:39:58'),
(2, 'متوسطه اول', 1, '1', '2021-02-03 12:37:59', '2021-02-03 12:37:59'),
(3, 'متوسطه دوم', 1, '0', '2021-02-03 12:38:09', '2021-02-03 12:38:09');

-- --------------------------------------------------------

--
-- Table structure for table `homeworks`
--

CREATE TABLE `homeworks` (
  `id` bigint UNSIGNED NOT NULL,
  `title` varchar(550) CHARACTER SET utf8mb4 COLLATE utf8mb4_unicode_ci DEFAULT NULL,
  `student_id` bigint NOT NULL DEFAULT '0',
  `school_id` bigint NOT NULL DEFAULT '0',
  `grade_id` bigint NOT NULL DEFAULT '0',
  `base_id` bigint NOT NULL DEFAULT '0',
  `class_id` bigint NOT NULL DEFAULT '0',
  `lesson_id` bigint NOT NULL DEFAULT '0',
  `date` varchar(550) CHARACTER SET utf8mb4 COLLATE utf8mb4_unicode_ci DEFAULT NULL,
  `file_type` varchar(550) CHARACTER SET utf8mb4 COLLATE utf8mb4_unicode_ci DEFAULT NULL,
  `file` varchar(550) CHARACTER SET utf8mb4 COLLATE utf8mb4_unicode_ci DEFAULT NULL,
  `status` enum('0','1','2','3') CHARACTER SET utf8mb4 COLLATE utf8mb4_unicode_ci NOT NULL DEFAULT '0' COMMENT '0:Unseen,1:complete,2:incomplete,3:Not approved',
  `details` longtext CHARACTER SET utf8mb4 COLLATE utf8mb4_unicode_ci,
  `created_at` timestamp NULL DEFAULT NULL,
  `updated_at` timestamp NULL DEFAULT NULL
) ENGINE=InnoDB DEFAULT CHARSET=utf8mb4 COLLATE=utf8mb4_unicode_ci;

--
-- Dumping data for table `homeworks`
--

INSERT INTO `homeworks` (`id`, `title`, `student_id`, `school_id`, `grade_id`, `base_id`, `class_id`, `lesson_id`, `date`, `file_type`, `file`, `status`, `details`, `created_at`, `updated_at`) VALUES
(2, 'بخش اول فصل هشتم', 1, 1, 3, 3, 1, 21, '2021-03-27', 'jpg', '17601.jpg', '2', 'توضیحاتتوضیحاتتوضیحاتتوضیحات\r\nتوضیحاتتوضیحاتتوضیحاتتوضیحاتتوضیحات', '2021-03-25 14:07:55', '2021-03-28 08:20:12');

-- --------------------------------------------------------

--
-- Table structure for table `lesson`
--

CREATE TABLE `lesson` (
  `id` bigint UNSIGNED NOT NULL,
  `title` varchar(255) CHARACTER SET utf8mb4 COLLATE utf8mb4_unicode_ci DEFAULT NULL,
  `grade_id` bigint NOT NULL DEFAULT '0',
  `base_id` bigint NOT NULL DEFAULT '0',
  `user_id` bigint NOT NULL DEFAULT '0',
  `created_at` timestamp NULL DEFAULT NULL,
  `updated_at` timestamp NULL DEFAULT NULL
) ENGINE=InnoDB DEFAULT CHARSET=utf8mb4 COLLATE=utf8mb4_unicode_ci;

--
-- Dumping data for table `lesson`
--

INSERT INTO `lesson` (`id`, `title`, `grade_id`, `base_id`, `user_id`, `created_at`, `updated_at`) VALUES
(1, 'قرآن', 1, 1, 1, '2021-02-03 12:40:22', '2021-02-03 12:40:22'),
(2, 'فارسی', 1, 1, 1, '2021-02-03 12:40:27', '2021-02-03 12:40:27'),
(3, 'نگارش فارسی', 1, 1, 1, '2021-02-03 12:40:33', '2021-02-03 12:40:33'),
(4, 'ریاضی', 1, 1, 1, '2021-02-03 12:40:39', '2021-02-03 12:40:39'),
(5, 'علوم تجربی', 1, 1, 1, '2021-02-03 12:40:46', '2021-02-03 12:40:46'),
(6, 'قرآن', 2, 2, 1, '2021-02-03 12:45:55', '2021-02-03 12:45:55'),
(7, 'پیام های آسمان', 2, 2, 1, '2021-02-03 12:46:07', '2021-02-03 12:46:07'),
(8, 'فارسی', 2, 2, 1, '2021-02-03 12:46:47', '2021-02-03 12:46:47'),
(9, 'نگارش', 2, 2, 1, '2021-02-03 12:47:28', '2021-02-03 12:47:28'),
(10, 'ریاضی', 2, 2, 1, '2021-02-03 12:47:32', '2021-02-03 12:47:32'),
(11, 'علوم تجربی', 2, 2, 1, '2021-02-03 12:47:37', '2021-02-03 12:47:37'),
(12, 'مطلالعات اجتماعی', 2, 2, 1, '2021-02-03 12:47:48', '2021-02-03 12:47:48'),
(13, 'فرهنگ و هنر', 2, 2, 1, '2021-02-03 12:47:55', '2021-02-03 12:47:55'),
(14, 'عربی', 2, 2, 1, '2021-02-03 12:48:00', '2021-02-03 12:48:00'),
(15, 'انگلیسی', 2, 2, 1, '2021-02-03 12:48:06', '2021-02-03 12:48:06'),
(16, 'تفکر و سبک زندگی', 2, 2, 1, '2021-02-03 12:48:16', '2021-02-03 12:48:16'),
(17, 'کار و فن آوری', 2, 2, 1, '2021-02-03 12:48:27', '2021-02-03 12:48:27'),
(18, 'فارسی 1', 3, 3, 1, '2021-02-03 13:05:47', '2021-02-03 13:05:47'),
(19, 'دین و زندگی 1', 3, 3, 1, '2021-02-03 13:05:57', '2021-02-03 13:05:57'),
(20, 'فیزیک 1', 3, 3, 1, '2021-02-03 13:06:04', '2021-02-03 13:06:04'),
(21, 'ریاضی 1', 3, 3, 1, '2021-02-03 13:06:10', '2021-02-03 13:06:10'),
(22, 'هندسه 1', 3, 3, 1, '2021-02-03 13:06:17', '2021-02-03 13:06:17'),
(23, 'شیمی 2', 3, 4, 1, '2021-02-03 13:06:29', '2021-02-03 13:06:29'),
(24, 'حسابان 2', 3, 4, 1, '2021-02-03 13:06:37', '2021-02-03 13:11:38'),
(25, 'فارسی 2', 3, 4, 1, '2021-02-03 13:06:43', '2021-02-03 13:06:43'),
(26, 'دین و زندگی 2', 3, 4, 1, '2021-02-03 13:06:56', '2021-02-03 13:07:07'),
(27, 'آمار و احتمال', 3, 4, 1, '2021-02-03 13:07:15', '2021-02-03 13:08:18'),
(28, 'حسابان 3', 3, 5, 1, '2021-02-03 13:10:57', '2021-02-03 13:10:57'),
(29, 'زیست شناسی 3', 3, 6, 1, '2021-02-03 13:12:47', '2021-02-03 13:12:47'),
(30, 'ریاضی پیشرفته', 4, 8, 1, '2021-02-13 07:51:54', '2021-02-13 07:51:54'),
(31, 'حسابان مدرن', 4, 8, 1, '2021-02-13 07:52:02', '2021-02-13 07:52:02'),
(32, 'ریاضی پیشرفته', 3, 10, 1, '2021-02-13 07:59:26', '2021-02-13 07:59:26'),
(33, 'حسابان مدرن', 3, 10, 1, '2021-02-13 07:59:32', '2021-02-13 07:59:32'),
(34, 'فیزیک اتمی', 3, 11, 1, '2021-02-13 07:59:40', '2021-02-13 07:59:40'),
(35, 'فیزیک به روش انیشتین', 3, 11, 1, '2021-02-13 07:59:55', '2021-02-13 07:59:55');

-- --------------------------------------------------------

--
-- Table structure for table `migrations`
--

CREATE TABLE `migrations` (
  `id` int UNSIGNED NOT NULL,
  `migration` varchar(255) CHARACTER SET utf8mb4 COLLATE utf8mb4_unicode_ci NOT NULL,
  `batch` int NOT NULL
) ENGINE=InnoDB DEFAULT CHARSET=utf8mb4 COLLATE=utf8mb4_unicode_ci;

--
-- Dumping data for table `migrations`
--

INSERT INTO `migrations` (`id`, `migration`, `batch`) VALUES
(1, '2020_08_17_070601_create_users_table', 1),
(2, '2020_08_17_070646_create_user_categories_table', 1),
(3, '2020_08_17_074409_add_national_code_to_users_table', 2),
(4, '2020_08_21_063705_add_grup_filds_to_users_table', 3),
(5, '2020_08_21_131246_add_code_to_users_table', 4),
(6, '2020_08_21_154632_create_grade_table', 5),
(7, '2020_08_22_164240_create_base_table', 6),
(8, '2020_08_22_193427_create_lesson_table', 7),
(9, '2020_08_22_210949_create_school_table', 8),
(10, '2020_08_24_103525_create_assign_grade_base_table', 9),
(11, '2020_08_24_104920_create_principal_table', 10),
(12, '2020_08_24_105250_create_deputy_table', 11),
(13, '2020_08_24_105340_create_supervisor_table', 12),
(14, '2020_08_27_142957_change-comments_andadd_fields_school_table', 13),
(15, '2020_08_27_143904_add__fields_school_table', 14),
(16, '2020_08_27_144251_remive_subdomain_domain_school_table', 15),
(17, '2020_08_27_144432_remive_fildes_school_table', 16),
(18, '2020_08_27_144644_add_subdomain_domain_name_school_table', 17),
(19, '2020_08_28_084311_add_code_to_school_table', 18),
(20, '2020_08_28_095354_add_national_code_to_school_table', 19),
(21, '2020_08_28_095420_add_national_code_to_deputy_table', 19),
(22, '2020_08_28_095443_add_national_code_to_supervisor_table', 19),
(23, '2020_08_28_104906_add_user_id_to_school_table', 20),
(24, '2020_08_28_131323_drop_subdomain_name_in_school_table', 21),
(25, '2020_08_28_131421_add_new_subdomain_name_in_school_table', 22),
(26, '2020_08_29_181138_add_code_to_deputy_table', 23),
(27, '2020_08_29_181210_add_code_to_principal_table', 23),
(28, '2020_08_29_181228_add_code_to_supervisor_table', 23),
(29, '2020_08_29_195403_create_class_assign_table', 24),
(30, '2020_08_29_201155_add_base_id_to_class_assign_table', 25),
(31, '2020_08_30_153105_create_training_hours_table', 26),
(32, '2020_08_30_171724_create_teacher_table', 27),
(33, '2020_08_30_183806_create_teacher_assign_table', 28),
(34, '2020_08_31_115423_add_code_to_teacher_table', 29),
(35, '2020_08_31_115619_create_student_table', 30),
(36, '2020_08_31_115654_create_parents_table', 30),
(37, '2020_09_01_093900_add_grade_id_to_stuednt_table', 31),
(38, '2020_09_01_093915_add_grade_id_to_parents_table', 31),
(39, '2020_09_01_153223_create_schedule_table', 32),
(40, '2020_10_02_053111_create_training_information_table', 33),
(41, '2020_10_04_015331_add_title_to_training_information_table', 33),
(42, '2021_02_14_011634_create_setting_table', 34),
(43, '2021_02_14_192343_add_register_type_to_school_table', 35),
(44, '2021_02_16_190610_add_permissions_to_deputy_table', 36),
(45, '2021_02_16_203738_add_status_to_deputy_table', 37),
(46, '2021_02_16_212240_add_above_id_to_deputy_table', 38),
(47, '2021_03_11_205216_create_general_information_table', 39),
(48, '2021_03_25_175029_create_homeworks_table', 40),
(49, '2021_03_25_183516_add_title_to_homeworks_table', 41),
(50, '2021_03_27_223009_add_status_and_dtails_to_homeworks_table', 42),
(51, '2021_03_28_143647_add_image_to_student_table', 43),
(52, '2021_03_29_205548_create_classes_completed_table', 44),
(53, '2021_03_29_205940_create_students_absent_present_table', 45),
(54, '2021_03_29_210907_add_holding_date_to_classes_completed_table', 46);

-- --------------------------------------------------------

--
-- Table structure for table `parents`
--

CREATE TABLE `parents` (
  `id` bigint UNSIGNED NOT NULL,
  `name` varchar(550) CHARACTER SET utf8mb4 COLLATE utf8mb4_unicode_ci DEFAULT NULL,
  `family` varchar(550) CHARACTER SET utf8mb4 COLLATE utf8mb4_unicode_ci DEFAULT NULL,
  `phone` varchar(550) CHARACTER SET utf8mb4 COLLATE utf8mb4_unicode_ci DEFAULT NULL,
  `code` varchar(255) CHARACTER SET utf8mb4 COLLATE utf8mb4_unicode_ci DEFAULT NULL,
  `national_code` varchar(550) CHARACTER SET utf8mb4 COLLATE utf8mb4_unicode_ci DEFAULT NULL,
  `password` varchar(550) CHARACTER SET utf8mb4 COLLATE utf8mb4_unicode_ci DEFAULT NULL,
  `student_id` bigint NOT NULL DEFAULT '0',
  `school_id` bigint NOT NULL DEFAULT '0',
  `deputy_id` bigint NOT NULL DEFAULT '0',
  `grade_id` varchar(255) CHARACTER SET utf8mb4 COLLATE utf8mb4_unicode_ci DEFAULT NULL,
  `base_id` bigint NOT NULL DEFAULT '0',
  `class_id` bigint NOT NULL DEFAULT '0',
  `email` varchar(550) CHARACTER SET utf8mb4 COLLATE utf8mb4_unicode_ci DEFAULT NULL,
  `created_at` timestamp NULL DEFAULT NULL,
  `updated_at` timestamp NULL DEFAULT NULL
) ENGINE=InnoDB DEFAULT CHARSET=utf8mb4 COLLATE=utf8mb4_unicode_ci;

--
-- Dumping data for table `parents`
--

INSERT INTO `parents` (`id`, `name`, `family`, `phone`, `code`, `national_code`, `password`, `student_id`, `school_id`, `deputy_id`, `grade_id`, `base_id`, `class_id`, `email`, `created_at`, `updated_at`) VALUES
(1, 'سید محمد حسن', 'مقدم فر', '09121583798', NULL, '0452320496', '$2y$10$Ns/VII4v.gCYj8RJByYZU.o0yXuvR.HQ4JwJ33Tkz.5QbVlb0Beay', 1, 1, 1, '3', 3, 1, 'hasan@seemsys.com', '2021-02-03 14:27:17', '2021-02-03 14:27:17'),
(2, 'رضا', 'ابوتراب', '09121642157', NULL, '9876543210', '$2y$10$a/pxsjRDZTO4Htq4JsRPEO9dLygIAR2FtSJj1cPQ8jmi4rUukNz72', 2, 1, 1, '3', 3, 1, 'test2@gmail.com', '2021-03-29 12:20:47', '2021-03-29 12:48:47');

-- --------------------------------------------------------

--
-- Table structure for table `principal`
--

CREATE TABLE `principal` (
  `id` bigint UNSIGNED NOT NULL,
  `name` varchar(550) CHARACTER SET utf8mb4 COLLATE utf8mb4_unicode_ci DEFAULT NULL,
  `family` varchar(550) CHARACTER SET utf8mb4 COLLATE utf8mb4_unicode_ci DEFAULT NULL,
  `phone` varchar(550) CHARACTER SET utf8mb4 COLLATE utf8mb4_unicode_ci DEFAULT NULL,
  `code` varchar(255) CHARACTER SET utf8mb4 COLLATE utf8mb4_unicode_ci DEFAULT NULL,
  `national_code` varchar(10) CHARACTER SET utf8mb4 COLLATE utf8mb4_unicode_ci NOT NULL DEFAULT '0',
  `password` varchar(550) CHARACTER SET utf8mb4 COLLATE utf8mb4_unicode_ci DEFAULT NULL,
  `school_id` bigint NOT NULL DEFAULT '0',
  `email` varchar(550) CHARACTER SET utf8mb4 COLLATE utf8mb4_unicode_ci DEFAULT NULL,
  `created_at` timestamp NULL DEFAULT NULL,
  `updated_at` timestamp NULL DEFAULT NULL
) ENGINE=InnoDB DEFAULT CHARSET=utf8mb4 COLLATE=utf8mb4_unicode_ci;

--
-- Dumping data for table `principal`
--

INSERT INTO `principal` (`id`, `name`, `family`, `phone`, `code`, `national_code`, `password`, `school_id`, `email`, `created_at`, `updated_at`) VALUES
(1, 'مدیر', 'گلبانگ', '09101583798', NULL, '0452320496', '$2y$10$dS9ar.M6Q9FzyY8pP/bNWeAwjFKcmbmmbvBj9Fl5HnpdWCeFl1Goq', 1, 'hasan@seemsys.com', '2021-02-03 13:49:38', '2021-02-03 13:49:38'),
(2, 'علی', 'بشیری', '09201583798', NULL, '0323738893', '$2y$10$EfssLRdAP4uV9En5XWNX9OcI6yH.LoXnUtyDc9YMdtrOxmkaK0fLK', 2, 'hasan@seemsys.com', '2021-02-13 08:04:01', '2021-02-13 08:04:01');

-- --------------------------------------------------------

--
-- Table structure for table `schedule`
--

CREATE TABLE `schedule` (
  `id` bigint UNSIGNED NOT NULL,
  `school_id` bigint NOT NULL DEFAULT '0',
  `deputy_id` bigint NOT NULL DEFAULT '0',
  `grade_id` bigint NOT NULL DEFAULT '0',
  `base_id` bigint NOT NULL DEFAULT '0',
  `class_id` bigint NOT NULL DEFAULT '0',
  `lesson_id` bigint NOT NULL DEFAULT '0',
  `teacher_id` bigint NOT NULL DEFAULT '0',
  `week_day` bigint NOT NULL DEFAULT '0',
  `time_number` bigint NOT NULL DEFAULT '0',
  `start_time` varchar(550) CHARACTER SET utf8mb4 COLLATE utf8mb4_unicode_ci DEFAULT NULL,
  `end_time` varchar(550) CHARACTER SET utf8mb4 COLLATE utf8mb4_unicode_ci DEFAULT NULL,
  `created_at` timestamp NULL DEFAULT NULL,
  `updated_at` timestamp NULL DEFAULT NULL
) ENGINE=InnoDB DEFAULT CHARSET=utf8mb4 COLLATE=utf8mb4_unicode_ci;

--
-- Dumping data for table `schedule`
--

INSERT INTO `schedule` (`id`, `school_id`, `deputy_id`, `grade_id`, `base_id`, `class_id`, `lesson_id`, `teacher_id`, `week_day`, `time_number`, `start_time`, `end_time`, `created_at`, `updated_at`) VALUES
(61, 1, 1, 3, 4, 2, 24, 1, 3, 1, '10:00', '12:00', '2021-03-23 09:17:14', '2021-03-23 09:17:14'),
(62, 1, 1, 3, 4, 2, 24, 1, 3, 4, '16:30', '22:00', '2021-03-23 09:17:14', '2021-03-23 09:17:14'),
(63, 1, 1, 3, 4, 2, 24, 1, 6, 4, '19:30', '23:59', '2021-03-23 09:17:14', '2021-03-23 09:17:14'),
(64, 1, 1, 3, 4, 2, 24, 1, 1, 1, '08:30', '09:45', '2021-03-23 09:17:25', '2021-03-23 09:17:25'),
(65, 1, 1, 3, 4, 2, 24, 1, 6, 1, '08:30', '09:45', '2021-03-23 09:17:25', '2021-03-23 09:17:25'),
(66, 1, 1, 3, 4, 2, 24, 1, 1, 3, '11:30', '12:45', '2021-03-23 09:17:36', '2021-03-23 09:17:36'),
(67, 1, 1, 3, 4, 2, 24, 1, 5, 3, '17:30', '18:45', '2021-03-23 09:17:36', '2021-03-23 09:17:36'),
(69, 1, 1, 3, 3, 1, 21, 1, 3, 2, '12:00', '16:30', '2021-03-23 09:18:04', '2021-03-23 09:18:04'),
(70, 1, 1, 3, 3, 1, 21, 1, 5, 4, '19:00', '20:15', '2021-03-23 09:18:04', '2021-03-23 09:18:04'),
(71, 1, 1, 3, 3, 1, 21, 1, 6, 1, '08:30', '09:45', '2021-03-23 09:18:04', '2021-03-23 09:18:04'),
(72, 1, 1, 3, 3, 1, 21, 1, 1, 1, '08:30', '09:45', '2021-03-23 13:58:50', '2021-03-23 13:58:50'),
(73, 1, 1, 3, 3, 1, 21, 1, 4, 1, '08:00', '10:00', '2021-03-23 13:58:50', '2021-03-23 13:58:50'),
(74, 1, 1, 3, 3, 1, 21, 1, 4, 3, '18:00', '22:00', '2021-03-23 13:58:50', '2021-03-23 13:58:50'),
(75, 1, 1, 3, 3, 1, 21, 1, 4, 4, '22:00', '23:59', '2021-03-23 13:58:50', '2021-03-23 13:58:50');

-- --------------------------------------------------------

--
-- Table structure for table `school`
--

CREATE TABLE `school` (
  `id` bigint UNSIGNED NOT NULL,
  `title` varchar(550) CHARACTER SET utf8mb4 COLLATE utf8mb4_unicode_ci DEFAULT NULL,
  `code` varchar(255) CHARACTER SET utf8mb4 COLLATE utf8mb4_unicode_ci DEFAULT NULL,
  `user_id` bigint NOT NULL DEFAULT '0',
  `register_type` enum('1','2','3') CHARACTER SET utf8mb4 COLLATE utf8mb4_unicode_ci NOT NULL DEFAULT '1' COMMENT '1:By the deputy - 2:By the parents - 3:By the student',
  `province` bigint NOT NULL DEFAULT '0',
  `city` bigint NOT NULL DEFAULT '0',
  `address` mediumtext CHARACTER SET utf8mb4 COLLATE utf8mb4_unicode_ci,
  `postal_code` bigint NOT NULL DEFAULT '0',
  `area_code` varchar(10) CHARACTER SET utf8mb4 COLLATE utf8mb4_unicode_ci DEFAULT NULL,
  `phone` varchar(20) CHARACTER SET utf8mb4 COLLATE utf8mb4_unicode_ci DEFAULT NULL,
  `this_domain` int NOT NULL DEFAULT '0',
  `subdomain` int NOT NULL DEFAULT '0',
  `subdomain_name` varchar(550) CHARACTER SET utf8mb4 COLLATE utf8mb4_unicode_ci DEFAULT NULL,
  `another_domain` int NOT NULL DEFAULT '0',
  `another_domain_name` varchar(255) CHARACTER SET utf8mb4 COLLATE utf8mb4_unicode_ci DEFAULT NULL,
  `created_at` timestamp NULL DEFAULT NULL,
  `updated_at` timestamp NULL DEFAULT NULL
) ENGINE=InnoDB DEFAULT CHARSET=utf8mb4 COLLATE=utf8mb4_unicode_ci;

--
-- Dumping data for table `school`
--

INSERT INTO `school` (`id`, `title`, `code`, `user_id`, `register_type`, `province`, `city`, `address`, `postal_code`, `area_code`, `phone`, `this_domain`, `subdomain`, `subdomain_name`, `another_domain`, `another_domain_name`, `created_at`, `updated_at`) VALUES
(1, 'سلام گلبانگ', NULL, 1, '1', 24, 3374, 'شهرک غرب، خیابان ایران زمین، خیابان مهستان، نبش کوچه مهستان ۱۴', 1617766591, '021', '88378531', 1, 0, NULL, 0, NULL, '2021-02-03 13:49:38', '2021-02-03 13:49:38'),
(2, 'سلام سیمرغ', NULL, 1, '1', 24, 3374, 'خ بهشتی ، خ سرافراز ، کوچه یکم ، پلاک 5', 1587657113, '021', '88749361', 1, 0, NULL, 0, NULL, '2021-02-13 08:04:01', '2021-02-13 08:04:01');

-- --------------------------------------------------------

--
-- Table structure for table `setting`
--

CREATE TABLE `setting` (
  `id` bigint UNSIGNED NOT NULL,
  `title` varchar(550) CHARACTER SET utf8mb4 COLLATE utf8mb4_unicode_ci DEFAULT NULL,
  `login_image` varchar(550) CHARACTER SET utf8mb4 COLLATE utf8mb4_unicode_ci DEFAULT NULL,
  `top_menu_image` varchar(550) CHARACTER SET utf8mb4 COLLATE utf8mb4_unicode_ci DEFAULT NULL,
  `signature_image` varchar(550) CHARACTER SET utf8mb4 COLLATE utf8mb4_unicode_ci DEFAULT NULL,
  `software_text` mediumtext CHARACTER SET utf8mb4 COLLATE utf8mb4_unicode_ci,
  `owner_text` mediumtext CHARACTER SET utf8mb4 COLLATE utf8mb4_unicode_ci,
  `powered_text` mediumtext CHARACTER SET utf8mb4 COLLATE utf8mb4_unicode_ci,
  `license_text` mediumtext CHARACTER SET utf8mb4 COLLATE utf8mb4_unicode_ci,
  `created_at` timestamp NULL DEFAULT NULL,
  `updated_at` timestamp NULL DEFAULT NULL
) ENGINE=InnoDB DEFAULT CHARSET=utf8mb4 COLLATE=utf8mb4_unicode_ci;

--
-- Dumping data for table `setting`
--

INSERT INTO `setting` (`id`, `title`, `login_image`, `top_menu_image`, `signature_image`, `software_text`, `owner_text`, `powered_text`, `license_text`, `created_at`, `updated_at`) VALUES
(1, 'سامانه آموزش الکترونیک شُعا', 'login_image1613262960_shoa.png', 'top_menu_image1613257666_pajoohesh.jpg', 'signature_image1613258350_shoa (1).png', '<p style=\"text-align:center\"><span style=\"color:#f87008\"><span style=\"font-size:18px\">سامانه آموزش الکترونیک شُعا</span></span></p>', '<p style=\"text-align:center\"><span style=\"font-size:18px\">شرکت سامانه&zwnj;های هوشمند سیمرغ</span></p>', '<p style=\"text-align:center\"><span style=\"color:#f87008\">قدرت یافته از سکوی نرم افزاری <em><strong>سیم&zwnj;&zwnj;&zwnj;&zwnj;&zwnj;&zwnj;&zwnj;&zwnj;&zwnj;&zwnj;&zwnj;&zwnj;&zwnj;&zwnj;&zwnj;&zwnj;&zwnj;&zwnj;&zwnj;&zwnj;&zwnj;&zwnj;&zwnj;&zwnj;سا ای&zwnj;ال</strong></em></span></p>', '<p style=\"text-align:center\"><span style=\"font-size:12px\">وابسته به گروه فناوری اطلاعات و ارتباطات سیمرغ سامانه</span></p>', NULL, '2021-02-14 00:37:33');

-- --------------------------------------------------------

--
-- Table structure for table `state`
--

CREATE TABLE `state` (
  `id` int UNSIGNED NOT NULL,
  `State_No` int DEFAULT '0',
  `State_Name` varchar(50) CHARACTER SET utf8 COLLATE utf8_unicode_ci NOT NULL,
  `created_at` timestamp NULL DEFAULT NULL,
  `updated_at` timestamp NULL DEFAULT NULL
) ENGINE=InnoDB DEFAULT CHARSET=utf8mb4 COLLATE=utf8mb4_unicode_ci;

--
-- Dumping data for table `state`
--

INSERT INTO `state` (`id`, `State_No`, `State_Name`, `created_at`, `updated_at`) VALUES
(1, 1, 'مرکزی', '2020-03-13 02:04:09', '2020-03-13 02:04:09'),
(2, 2, 'گیلان', '2020-03-13 02:04:09', '2020-03-13 02:04:09'),
(3, 3, 'مازندران', '2020-03-13 02:04:09', '2020-03-13 02:04:09'),
(4, 4, 'آذربایجان شرقی', '2020-03-13 02:04:09', '2020-03-13 02:04:09'),
(5, 5, 'آذربایجان غربی', '2020-03-13 02:04:09', '2020-03-13 02:04:09'),
(6, 6, 'کرمانشاه', '2020-03-13 02:04:09', '2020-03-13 02:04:09'),
(7, 7, 'خوزستان', '2020-03-13 02:04:09', '2020-03-13 02:04:09'),
(8, 8, 'فارس', '2020-03-13 02:04:09', '2020-03-13 02:04:09'),
(9, 9, 'کرمان', '2020-03-13 02:04:09', '2020-03-13 02:04:09'),
(10, 10, 'خراسان رضوی', '2020-03-13 02:04:09', '2020-03-13 02:04:09'),
(11, 11, 'اصفهان', '2020-03-13 02:04:09', '2020-03-13 02:04:09'),
(12, 12, 'سیستان و بلوچستان', '2020-03-13 02:04:09', '2020-03-13 02:04:09'),
(13, 13, 'کردستان', '2020-03-13 02:04:09', '2020-03-13 02:04:09'),
(14, 14, 'همدان', '2020-03-13 02:04:09', '2020-03-13 02:04:09'),
(15, 15, 'چهارمحال و بختیاری', '2020-03-13 02:04:09', '2020-03-13 02:04:09'),
(16, 16, 'لرستان', '2020-03-13 02:04:09', '2020-03-13 02:04:09'),
(17, 17, 'ایلام', '2020-03-13 02:04:09', '2020-03-13 02:04:09'),
(18, 18, 'کهگیلویه وبویراحمد', '2020-03-13 02:04:09', '2020-03-13 02:04:09'),
(19, 19, 'بوشهر', '2020-03-13 02:04:09', '2020-03-13 02:04:09'),
(20, 20, 'زنجان', '2020-03-13 02:04:09', '2020-03-13 02:04:09'),
(21, 21, 'سمنان', '2020-03-13 02:04:09', '2020-03-13 02:04:09'),
(22, 22, 'یزد', '2020-03-13 02:04:09', '2020-03-13 02:04:09'),
(23, 23, 'هرمزگان', '2020-03-13 02:04:09', '2020-03-13 02:04:09'),
(24, 24, 'تهران', '2020-03-13 02:04:09', '2020-03-13 02:04:09'),
(25, 25, 'اردبیل', '2020-03-13 02:04:09', '2020-03-13 02:04:09'),
(26, 26, 'قم', '2020-03-13 02:04:09', '2020-03-13 02:04:09'),
(27, 27, 'قزوین', '2020-03-13 02:04:09', '2020-03-13 02:04:09'),
(28, 28, 'گلستان', '2020-03-13 02:04:09', '2020-03-13 02:04:09'),
(29, 29, 'خراسان شمالی', '2020-03-13 02:04:09', '2020-03-13 02:04:09'),
(30, 30, 'خراسان جنوبی', '2020-03-13 02:04:09', '2020-03-13 02:04:09'),
(31, 31, 'البرز', '2020-03-13 02:04:09', '2020-03-13 02:04:09');

-- --------------------------------------------------------

--
-- Table structure for table `student`
--

CREATE TABLE `student` (
  `id` bigint UNSIGNED NOT NULL,
  `name` varchar(550) CHARACTER SET utf8mb4 COLLATE utf8mb4_unicode_ci DEFAULT NULL,
  `family` varchar(550) CHARACTER SET utf8mb4 COLLATE utf8mb4_unicode_ci DEFAULT NULL,
  `phone` varchar(550) CHARACTER SET utf8mb4 COLLATE utf8mb4_unicode_ci DEFAULT NULL,
  `image` varchar(550) CHARACTER SET utf8mb4 COLLATE utf8mb4_unicode_ci DEFAULT NULL,
  `code` varchar(255) CHARACTER SET utf8mb4 COLLATE utf8mb4_unicode_ci DEFAULT NULL,
  `national_code` varchar(550) CHARACTER SET utf8mb4 COLLATE utf8mb4_unicode_ci DEFAULT NULL,
  `password` varchar(550) CHARACTER SET utf8mb4 COLLATE utf8mb4_unicode_ci DEFAULT NULL,
  `school_id` bigint NOT NULL DEFAULT '0',
  `deputy_id` bigint NOT NULL DEFAULT '0',
  `grade_id` varchar(255) CHARACTER SET utf8mb4 COLLATE utf8mb4_unicode_ci DEFAULT NULL,
  `base_id` bigint NOT NULL DEFAULT '0',
  `class_id` bigint NOT NULL DEFAULT '0',
  `email` varchar(550) CHARACTER SET utf8mb4 COLLATE utf8mb4_unicode_ci DEFAULT NULL,
  `created_at` timestamp NULL DEFAULT NULL,
  `updated_at` timestamp NULL DEFAULT NULL
) ENGINE=InnoDB DEFAULT CHARSET=utf8mb4 COLLATE=utf8mb4_unicode_ci;

--
-- Dumping data for table `student`
--

INSERT INTO `student` (`id`, `name`, `family`, `phone`, `image`, `code`, `national_code`, `password`, `school_id`, `deputy_id`, `grade_id`, `base_id`, `class_id`, `email`, `created_at`, `updated_at`) VALUES
(1, 'امیرمحمد', 'مقدم فر', '09021583798', 'image1617022127_pp.jpg', NULL, '0025094548', '$2y$10$tWP9XxeFpZkm5epDH4sy7.fobjppj8NXKfNViAWzbDdY/7WV3pzAO', 1, 1, '3', 4, 2, 'amir1441@gmail.com', '2021-02-03 14:27:17', '2021-02-03 14:27:17'),
(2, 'علی', 'ابوتراب', '09125666716', NULL, NULL, '1234567890', '$2y$10$myJAt53QQW5mC9.tJDTfFuMkieSf1mIwXEVE5X07rtMQB6L.DpuPO', 1, 1, '3', 4, 2, 'test@gmail.com', '2021-03-29 12:20:47', '2021-03-29 12:48:47');

-- --------------------------------------------------------

--
-- Table structure for table `students_absent_present`
--

CREATE TABLE `students_absent_present` (
  `id` bigint UNSIGNED NOT NULL,
  `classes_completed_id` bigint NOT NULL DEFAULT '0',
  `student_id` bigint NOT NULL DEFAULT '0',
  `delay` int NOT NULL DEFAULT '0',
  `haste` int NOT NULL DEFAULT '0',
  `status` enum('0','1') CHARACTER SET utf8mb4 COLLATE utf8mb4_unicode_ci NOT NULL DEFAULT '0',
  `created_at` timestamp NULL DEFAULT NULL,
  `updated_at` timestamp NULL DEFAULT NULL
) ENGINE=InnoDB DEFAULT CHARSET=utf8mb4 COLLATE=utf8mb4_unicode_ci;

--
-- Dumping data for table `students_absent_present`
--

INSERT INTO `students_absent_present` (`id`, `classes_completed_id`, `student_id`, `delay`, `haste`, `status`, `created_at`, `updated_at`) VALUES
(1, 1, 1, 15, 30, '0', '2021-03-29 17:15:16', '2021-03-29 17:15:16'),
(2, 1, 2, 0, 10, '1', '2021-03-29 17:15:16', '2021-03-29 17:15:16');

-- --------------------------------------------------------

--
-- Table structure for table `supervisor`
--

CREATE TABLE `supervisor` (
  `id` bigint UNSIGNED NOT NULL,
  `name` varchar(550) CHARACTER SET utf8mb4 COLLATE utf8mb4_unicode_ci DEFAULT NULL,
  `family` varchar(550) CHARACTER SET utf8mb4 COLLATE utf8mb4_unicode_ci DEFAULT NULL,
  `phone` varchar(550) CHARACTER SET utf8mb4 COLLATE utf8mb4_unicode_ci DEFAULT NULL,
  `code` varchar(255) CHARACTER SET utf8mb4 COLLATE utf8mb4_unicode_ci DEFAULT NULL,
  `national_code` varchar(10) CHARACTER SET utf8mb4 COLLATE utf8mb4_unicode_ci NOT NULL DEFAULT '0',
  `password` varchar(550) CHARACTER SET utf8mb4 COLLATE utf8mb4_unicode_ci DEFAULT NULL,
  `school_id` bigint NOT NULL DEFAULT '0',
  `email` varchar(550) CHARACTER SET utf8mb4 COLLATE utf8mb4_unicode_ci DEFAULT NULL,
  `created_at` timestamp NULL DEFAULT NULL,
  `updated_at` timestamp NULL DEFAULT NULL
) ENGINE=InnoDB DEFAULT CHARSET=utf8mb4 COLLATE=utf8mb4_unicode_ci;

--
-- Dumping data for table `supervisor`
--

INSERT INTO `supervisor` (`id`, `name`, `family`, `phone`, `code`, `national_code`, `password`, `school_id`, `email`, `created_at`, `updated_at`) VALUES
(1, 'ناظم', 'گلبانگ', '09201583798', NULL, '0452320496', '$2y$10$n4u07t/si.8Vx/Xis1KPBeMHVjQ4IR/HteZfWeXtXRW4d2u4GkQd6', 1, 'hasan@seemsys.com', '2021-02-03 13:49:38', '2021-02-03 13:49:38'),
(2, 'حسن', 'مهندسی', '06101583798', NULL, '1234567890', '$2y$10$EDehWyAK2eum/e9KFpzCGeoCOLfBcjgqkDL5OdWaLhl9oWiXXISx2', 2, 'hasan@seemsys.com', '2021-02-13 08:04:01', '2021-02-13 08:04:01');

-- --------------------------------------------------------

--
-- Table structure for table `teacher`
--

CREATE TABLE `teacher` (
  `id` bigint UNSIGNED NOT NULL,
  `name` varchar(550) CHARACTER SET utf8mb4 COLLATE utf8mb4_unicode_ci DEFAULT NULL,
  `family` varchar(550) CHARACTER SET utf8mb4 COLLATE utf8mb4_unicode_ci DEFAULT NULL,
  `phone` varchar(550) CHARACTER SET utf8mb4 COLLATE utf8mb4_unicode_ci DEFAULT NULL,
  `code` varchar(255) CHARACTER SET utf8mb4 COLLATE utf8mb4_unicode_ci DEFAULT NULL,
  `national_code` varchar(550) CHARACTER SET utf8mb4 COLLATE utf8mb4_unicode_ci DEFAULT NULL,
  `password` varchar(550) CHARACTER SET utf8mb4 COLLATE utf8mb4_unicode_ci DEFAULT NULL,
  `school_id` bigint NOT NULL DEFAULT '0',
  `email` varchar(550) CHARACTER SET utf8mb4 COLLATE utf8mb4_unicode_ci DEFAULT NULL,
  `created_at` timestamp NULL DEFAULT NULL,
  `updated_at` timestamp NULL DEFAULT NULL
) ENGINE=InnoDB DEFAULT CHARSET=utf8mb4 COLLATE=utf8mb4_unicode_ci;

--
-- Dumping data for table `teacher`
--

INSERT INTO `teacher` (`id`, `name`, `family`, `phone`, `code`, `national_code`, `password`, `school_id`, `email`, `created_at`, `updated_at`) VALUES
(1, 'عماد', 'اختری', '09125666716', NULL, '0323738893', '$2y$10$na0gn8ChPveARVPuaQXgOuUXgpdNJRih5Rxm.D2qE6MGd6sUR/fg2', 1, 'akhtari.em@zoho.com', '2021-02-03 14:16:05', '2021-02-03 14:16:05'),
(2, 'سادینا', 'آبائی', '09121831613', NULL, '3961769311', '$2y$10$w0Ydh2e59brFcoxXt.rgV.cT/peWtNCaKZiTjtfj5XzmV7Sz.yVoK', 1, 'sadina@seemsys.com', '2021-02-03 14:20:27', '2021-02-03 14:20:27'),
(3, 'عماد', 'اختری', '09121583798', NULL, '0323738892', '$2y$10$X222Wlw3rWS6XJO9.Mpl3ePQz.fNw.LSCnmw3k7G2sufAvS7EWwDO', 2, 'hasan@seemsys.com', '2021-02-13 08:07:32', '2021-02-13 08:07:32');

-- --------------------------------------------------------

--
-- Table structure for table `teacher_assign`
--

CREATE TABLE `teacher_assign` (
  `id` bigint UNSIGNED NOT NULL,
  `deputy_id` bigint NOT NULL DEFAULT '0',
  `school_id` bigint NOT NULL DEFAULT '0',
  `teacher_id` bigint NOT NULL DEFAULT '0',
  `base_id` bigint NOT NULL DEFAULT '0',
  `lesson_id` bigint NOT NULL DEFAULT '0',
  `class_id` bigint NOT NULL DEFAULT '0',
  `created_at` timestamp NULL DEFAULT NULL,
  `updated_at` timestamp NULL DEFAULT NULL
) ENGINE=InnoDB DEFAULT CHARSET=utf8mb4 COLLATE=utf8mb4_unicode_ci;

--
-- Dumping data for table `teacher_assign`
--

INSERT INTO `teacher_assign` (`id`, `deputy_id`, `school_id`, `teacher_id`, `base_id`, `lesson_id`, `class_id`, `created_at`, `updated_at`) VALUES
(1, 1, 1, 1, 3, 21, 1, '2021-02-03 14:20:55', '2021-02-03 14:20:55'),
(2, 1, 1, 1, 4, 24, 2, '2021-02-03 14:21:37', '2021-02-03 14:21:37'),
(3, 1, 1, 2, 4, 25, 2, '2021-02-03 14:22:01', '2021-02-03 14:22:01'),
(4, 1, 1, 2, 3, 18, 1, '2021-02-03 14:22:09', '2021-02-03 14:22:09'),
(5, 2, 2, 3, 10, 32, 4, '2021-02-13 08:09:37', '2021-02-13 08:09:37'),
(6, 2, 2, 3, 10, 33, 4, '2021-02-13 08:11:07', '2021-02-13 08:11:07');

-- --------------------------------------------------------

--
-- Table structure for table `training_hours`
--

CREATE TABLE `training_hours` (
  `id` bigint UNSIGNED NOT NULL,
  `school_id` bigint NOT NULL DEFAULT '0',
  `deputy_id` bigint NOT NULL DEFAULT '0',
  `week_day` enum('1','2','3','4','5','6','7') CHARACTER SET utf8mb4 COLLATE utf8mb4_unicode_ci NOT NULL DEFAULT '1',
  `time_number` int NOT NULL DEFAULT '0',
  `start_time` varchar(550) CHARACTER SET utf8mb4 COLLATE utf8mb4_unicode_ci DEFAULT NULL,
  `end_time` varchar(550) CHARACTER SET utf8mb4 COLLATE utf8mb4_unicode_ci DEFAULT NULL,
  `created_at` timestamp NULL DEFAULT NULL,
  `updated_at` timestamp NULL DEFAULT NULL
) ENGINE=InnoDB DEFAULT CHARSET=utf8mb4 COLLATE=utf8mb4_unicode_ci;

--
-- Dumping data for table `training_hours`
--

INSERT INTO `training_hours` (`id`, `school_id`, `deputy_id`, `week_day`, `time_number`, `start_time`, `end_time`, `created_at`, `updated_at`) VALUES
(1, 1, 1, '1', 1, '08:30', '09:45', '2021-02-03 13:57:44', '2021-02-03 13:57:44'),
(2, 1, 1, '1', 2, '10:00', '11:15', '2021-02-03 13:58:37', '2021-02-03 13:58:37'),
(3, 1, 1, '1', 3, '11:30', '12:45', '2021-02-03 13:58:58', '2021-02-03 13:58:58'),
(4, 1, 1, '1', 4, '13:00', '14:15', '2021-02-03 14:01:21', '2021-02-03 14:01:21'),
(5, 1, 1, '1', 5, '14:30', '15:45', '2021-02-03 14:01:40', '2021-02-03 14:06:11'),
(6, 1, 1, '5', 1, '14:30', '15:45', '2021-02-03 14:09:07', '2021-02-03 14:09:07'),
(7, 1, 1, '5', 2, '16:00', '17:15', '2021-02-03 14:09:26', '2021-02-03 14:09:26'),
(8, 1, 1, '5', 3, '17:30', '18:45', '2021-02-03 14:09:51', '2021-02-03 14:10:30'),
(9, 1, 1, '5', 4, '19:00', '20:15', '2021-02-03 14:10:10', '2021-02-03 14:12:52'),
(10, 1, 1, '6', 1, '08:30', '09:45', '2021-02-03 14:13:11', '2021-02-03 14:13:11'),
(11, 1, 1, '6', 2, '10:00', '11:15', '2021-02-03 14:13:23', '2021-02-03 14:13:23'),
(12, 1, 1, '6', 3, '11:30', '12:45', '2021-02-03 14:13:35', '2021-02-03 14:13:35'),
(13, 2, 2, '1', 1, '08:00', '09:16', '2021-02-13 08:09:21', '2021-02-13 08:09:21'),
(14, 1, 1, '3', 1, '10:00', '12:00', '2021-02-22 11:29:01', '2021-02-22 11:29:01'),
(15, 1, 1, '3', 2, '12:00', '16:30', '2021-02-22 11:29:47', '2021-02-22 11:29:47'),
(16, 1, 1, '3', 3, '16:30', '16:00', '2021-02-22 11:30:04', '2021-02-22 11:30:04'),
(17, 1, 1, '3', 4, '16:30', '22:00', '2021-02-22 11:30:28', '2021-02-22 11:30:28'),
(18, 1, 1, '6', 4, '19:30', '23:59', '2021-02-25 16:23:45', '2021-02-25 16:23:45'),
(19, 1, 1, '4', 1, '08:00', '10:00', '2021-03-23 13:46:14', '2021-03-23 13:46:14'),
(20, 1, 1, '4', 2, '11:00', '13:00', '2021-03-23 13:46:37', '2021-03-23 13:46:37'),
(21, 1, 1, '4', 3, '17:00', '22:00', '2021-03-23 13:47:05', '2021-03-29 12:50:37'),
(22, 1, 1, '4', 4, '22:00', '23:59', '2021-03-23 13:47:36', '2021-03-23 13:47:36');

-- --------------------------------------------------------

--
-- Table structure for table `training_information`
--

CREATE TABLE `training_information` (
  `id` bigint UNSIGNED NOT NULL,
  `title` varchar(550) CHARACTER SET utf8mb4 COLLATE utf8mb4_unicode_ci DEFAULT NULL,
  `teacher_id` bigint NOT NULL DEFAULT '0',
  `school_id` bigint NOT NULL DEFAULT '0',
  `grade_id` bigint NOT NULL DEFAULT '0',
  `base_id` bigint NOT NULL DEFAULT '0',
  `class_id` bigint NOT NULL DEFAULT '0',
  `date` varchar(550) CHARACTER SET utf8mb4 COLLATE utf8mb4_unicode_ci DEFAULT NULL,
  `file_type` varchar(550) CHARACTER SET utf8mb4 COLLATE utf8mb4_unicode_ci DEFAULT NULL,
  `file` varchar(550) CHARACTER SET utf8mb4 COLLATE utf8mb4_unicode_ci DEFAULT NULL,
  `created_at` timestamp NULL DEFAULT NULL,
  `updated_at` timestamp NULL DEFAULT NULL
) ENGINE=InnoDB DEFAULT CHARSET=utf8mb4 COLLATE=utf8mb4_unicode_ci;

--
-- Dumping data for table `training_information`
--

INSERT INTO `training_information` (`id`, `title`, `teacher_id`, `school_id`, `grade_id`, `base_id`, `class_id`, `date`, `file_type`, `file`, `created_at`, `updated_at`) VALUES
(1, 'ویدیو 1', 1, 1, 3, 4, 2, '2021-03-29', 'zip', 'file1616681572_tes.zip', '2021-03-25 14:12:52', '2021-03-25 14:12:52');

-- --------------------------------------------------------

--
-- Table structure for table `users`
--

CREATE TABLE `users` (
  `id` bigint UNSIGNED NOT NULL,
  `group_name` varchar(550) CHARACTER SET utf8mb4 COLLATE utf8mb4_unicode_ci DEFAULT NULL,
  `group_logo` varchar(550) CHARACTER SET utf8mb4 COLLATE utf8mb4_unicode_ci DEFAULT NULL,
  `group_address` mediumtext CHARACTER SET utf8mb4 COLLATE utf8mb4_unicode_ci,
  `group_postalCode` varchar(550) CHARACTER SET utf8mb4 COLLATE utf8mb4_unicode_ci DEFAULT NULL,
  `group_phone` varchar(550) CHARACTER SET utf8mb4 COLLATE utf8mb4_unicode_ci DEFAULT NULL,
  `phone` varchar(45) CHARACTER SET utf8mb4 COLLATE utf8mb4_unicode_ci NOT NULL,
  `national_code` varchar(10) CHARACTER SET utf8mb4 COLLATE utf8mb4_unicode_ci DEFAULT NULL,
  `code` varchar(4) CHARACTER SET utf8mb4 COLLATE utf8mb4_unicode_ci DEFAULT NULL,
  `password` varchar(450) CHARACTER SET utf8mb4 COLLATE utf8mb4_unicode_ci DEFAULT NULL,
  `name` varchar(450) CHARACTER SET utf8mb4 COLLATE utf8mb4_unicode_ci DEFAULT NULL,
  `family` varchar(450) CHARACTER SET utf8mb4 COLLATE utf8mb4_unicode_ci DEFAULT NULL,
  `publicName` varchar(450) CHARACTER SET utf8mb4 COLLATE utf8mb4_unicode_ci DEFAULT NULL,
  `birthday` varchar(450) CHARACTER SET utf8mb4 COLLATE utf8mb4_unicode_ci DEFAULT NULL,
  `email` varchar(450) CHARACTER SET utf8mb4 COLLATE utf8mb4_unicode_ci NOT NULL,
  `address` mediumtext CHARACTER SET utf8mb4 COLLATE utf8mb4_unicode_ci,
  `level` int NOT NULL DEFAULT '0',
  `user_category_id` bigint NOT NULL DEFAULT '0',
  `permissions` text CHARACTER SET utf8mb4 COLLATE utf8mb4_unicode_ci,
  `created_at` timestamp NULL DEFAULT NULL,
  `updated_at` timestamp NULL DEFAULT NULL,
  `status` enum('0','1') CHARACTER SET utf8mb4 COLLATE utf8mb4_unicode_ci NOT NULL DEFAULT '0',
  `type` enum('0','1') CHARACTER SET utf8mb4 COLLATE utf8mb4_unicode_ci NOT NULL DEFAULT '0' COMMENT '0:Admin,1:Assistance'
) ENGINE=InnoDB DEFAULT CHARSET=utf8mb4 COLLATE=utf8mb4_unicode_ci;

--
-- Dumping data for table `users`
--

INSERT INTO `users` (`id`, `group_name`, `group_logo`, `group_address`, `group_postalCode`, `group_phone`, `phone`, `national_code`, `code`, `password`, `name`, `family`, `publicName`, `birthday`, `email`, `address`, `level`, `user_category_id`, `permissions`, `created_at`, `updated_at`, `status`, `type`) VALUES
(1, NULL, NULL, NULL, NULL, NULL, '09125666716', '0323738893', NULL, '$2y$10$NfU6Bf5JK.x/6KOiXSXW2Ot04Ym96WZduvTaWStPx8d3r/vkWugpC', 'عماد', 'اختری', 'عماد اختری', NULL, 'akhtari.em@zoho.com', 'کرج - بلوار چمران - تالار بابابزرگ', 0, 1, '{\"admin\":{\"Base\":{\"permissions\":[\"{\\\"Add\\\":[\\\"Base.Add.View\\\",\\\"Base.Add\\\"]}\",\"{\\\"Edit\\\":[\\\"Base.Edit.View\\\",\\\"Base.Edit\\\"]}\",\"{\\\"List\\\":[\\\"Base.List.View\\\"]}\"]},\"Grade\":{\"permissions\":[\"{\\\"Add\\\":[\\\"Grade.Add.View\\\",\\\"Grade.Add\\\"]}\",\"{\\\"Edit\\\":[\\\"Grade.Edit.View\\\",\\\"Grade.Edit\\\"]}\",\"{\\\"List\\\":[\\\"Grade.List.View\\\"]}\"]},\"Lesson\":{\"permissions\":[\"{\\\"Add\\\":[\\\"Lesson.Add.View\\\",\\\"Lesson.Add\\\"]}\",\"{\\\"Edit\\\":[\\\"Lesson.Edit.View\\\",\\\"Lesson.Edit\\\"]}\",\"{\\\"List\\\":[\\\"Lesson.List.View\\\"]}\"]},\"School\":{\"permissions\":[\"{\\\"Add\\\":[\\\"School.Add.View\\\",\\\"School.Add\\\"]}\"]},\"UserCategory\":{\"permissions\":[\"{\\\"Add\\\":[\\\"UserCategory.Add.View\\\",\\\"UserCategory.Add\\\"]}\",\"{\\\"Edit\\\":[\\\"UserCategory.Edit.View\\\",\\\"UserCategory.Edit\\\"]}\",\"{\\\"List\\\":[\\\"UserCategory.List.View\\\"]}\"]},\"Users\":{\"permissions\":[\"{\\\"Add\\\":[\\\"Users.Add.View\\\",\\\"Users.Add\\\"]}\",\"{\\\"Edit\\\":[\\\"Users.Edit.View\\\",\\\"Users.Edit\\\"]}\",\"{\\\"List\\\":[\\\"Users.List.View\\\"]}\"]}}}', '2020-08-29 17:08:19', '2021-02-16 21:17:37', '1', '1'),
(2, 'شهید باهنر', NULL, 'تهران - خیابان حافظ - جنب تالار فرهنگ - مرکز آموزش عالی شهید باهنر تهران', '1231231231', '02166709551', '09125666717', '0452320496', NULL, '$2y$10$yrtdZOIcUTLpybHE7Hb5yevu8sGtEYEnA4SaJkePsp2cftDyH2mVe', 'حسن', 'مقدم', 'حسن مقدم', NULL, 'info@example.com', 'سهند فاز 2 قطعه 427 طبقه سوم', 0, 2, '{\"admin\":{\"Base\":{\"permissions\":[\"{\\\"Add\\\":[\\\"Base.Add.View\\\",\\\"Base.Add\\\"]}\",\"{\\\"Edit\\\":[\\\"Base.Edit.View\\\",\\\"Base.Edit\\\"]}\",\"{\\\"List\\\":[\\\"Base.List.View\\\"]}\"]},\"School\":{\"permissions\":[\"{\\\"Add\\\":[\\\"School.Add.View\\\",\\\"School.Add\\\"]}\"]},\"SchoolList\":{\"permissions\":[\"{\\\"Edit\\\":[\\\"SchoolList.Edit.View\\\",\\\"SchoolList.Edit\\\"]}\",\"{\\\"List\\\":[\\\"SchoolList.List.View\\\"]}\"]}}}', '2020-08-29 17:08:19', '2021-02-03 12:37:06', '1', '1');

-- --------------------------------------------------------

--
-- Table structure for table `user_categories`
--

CREATE TABLE `user_categories` (
  `id` bigint UNSIGNED NOT NULL,
  `title` varchar(255) CHARACTER SET utf8mb4 COLLATE utf8mb4_unicode_ci NOT NULL,
  `permissions` text CHARACTER SET utf8mb4 COLLATE utf8mb4_unicode_ci NOT NULL,
  `status` enum('0','1') CHARACTER SET utf8mb4 COLLATE utf8mb4_unicode_ci NOT NULL DEFAULT '0',
  `created_at` timestamp NULL DEFAULT NULL,
  `updated_at` timestamp NULL DEFAULT NULL
) ENGINE=InnoDB DEFAULT CHARSET=utf8mb4 COLLATE=utf8mb4_unicode_ci;

--
-- Dumping data for table `user_categories`
--

INSERT INTO `user_categories` (`id`, `title`, `permissions`, `status`, `created_at`, `updated_at`) VALUES
(1, 'ادمین', '{\"admin\":{\"Base\":{\"permAll\":\"no\",\"permissions\":[\"{\\\"Add\\\":[\\\"Base.Add.View\\\",\\\"Base.Add\\\"]}\",\"{\\\"Edit\\\":[\\\"Base.Edit.View\\\",\\\"Base.Edit\\\"]}\",\"{\\\"List\\\":[\\\"Base.List.View\\\"]}\"]},\"Grade\":{\"permAll\":\"no\",\"permissions\":[\"{\\\"Add\\\":[\\\"Grade.Add.View\\\",\\\"Grade.Add\\\"]}\",\"{\\\"Edit\\\":[\\\"Grade.Edit.View\\\",\\\"Grade.Edit\\\"]}\",\"{\\\"List\\\":[\\\"Grade.List.View\\\"]}\"]},\"Lesson\":{\"permAll\":\"no\",\"permissions\":[\"{\\\"Add\\\":[\\\"Lesson.Add.View\\\",\\\"Lesson.Add\\\"]}\",\"{\\\"Edit\\\":[\\\"Lesson.Edit.View\\\",\\\"Lesson.Edit\\\"]}\",\"{\\\"List\\\":[\\\"Lesson.List.View\\\"]}\"]},\"School\":{\"permAll\":\"no\",\"permissions\":[\"{\\\"Add\\\":[\\\"School.Add.View\\\",\\\"School.Add\\\"]}\"]},\"Setting\":{\"permAll\":\"no\",\"permissions\":[\"{\\\"Edit\\\":[\\\"Setting.Edit.View\\\",\\\"Setting.Edit\\\"]}\"]},\"UserCategory\":{\"permAll\":\"no\",\"permissions\":[\"{\\\"Add\\\":[\\\"UserCategory.Add.View\\\",\\\"UserCategory.Add\\\"]}\",\"{\\\"Edit\\\":[\\\"UserCategory.Edit.View\\\",\\\"UserCategory.Edit\\\"]}\",\"{\\\"List\\\":[\\\"UserCategory.List.View\\\"]}\"]},\"Users\":{\"permAll\":\"no\",\"permissions\":[\"{\\\"Add\\\":[\\\"Users.Add.View\\\",\\\"Users.Add\\\"]}\",\"{\\\"Edit\\\":[\\\"Users.Edit.View\\\",\\\"Users.Edit\\\"]}\",\"{\\\"List\\\":[\\\"Users.List.View\\\"]}\"]}}}', '1', '2020-08-17 02:52:53', '2020-08-27 08:16:17'),
(2, 'کاربر ادمین', '{\"admin\":{\"Lesson\":{\"permAll\":\"no\",\"permissions\":[\"{\\\"Add\\\":[\\\"Lesson.Add.View\\\",\\\"Lesson.Add\\\"]}\",\"{\\\"Edit\\\":[\\\"Lesson.Edit.View\\\",\\\"Lesson.Edit\\\"]}\",\"{\\\"List\\\":[\\\"Lesson.List.View\\\"]}\"]},\"School\":{\"permAll\":\"no\",\"permissions\":[\"{\\\"Add\\\":[\\\"School.Add.View\\\",\\\"School.Add\\\"]}\"]},\"SchoolList\":{\"permAll\":\"no\",\"permissions\":[\"{\\\"Edit\\\":[\\\"SchoolList.Edit.View\\\",\\\"SchoolList.Edit\\\"]}\",\"{\\\"List\\\":[\\\"SchoolList.List.View\\\"]}\"]}}}', '1', '2020-08-17 02:52:53', '2021-02-13 07:32:19');

--
-- Indexes for dumped tables
--

--
-- Indexes for table `assign_grade_base`
--
ALTER TABLE `assign_grade_base`
  ADD PRIMARY KEY (`id`);

--
-- Indexes for table `base`
--
ALTER TABLE `base`
  ADD PRIMARY KEY (`id`);

--
-- Indexes for table `city`
--
ALTER TABLE `city`
  ADD PRIMARY KEY (`id`),
  ADD KEY `City_No` (`City_No`),
  ADD KEY `State_No` (`State_No`),
  ADD KEY `City_Name` (`City_Name`);

--
-- Indexes for table `classes_completed`
--
ALTER TABLE `classes_completed`
  ADD PRIMARY KEY (`id`);

--
-- Indexes for table `class_assign`
--
ALTER TABLE `class_assign`
  ADD PRIMARY KEY (`id`);

--
-- Indexes for table `deputy`
--
ALTER TABLE `deputy`
  ADD PRIMARY KEY (`id`);

--
-- Indexes for table `general_information`
--
ALTER TABLE `general_information`
  ADD PRIMARY KEY (`id`);

--
-- Indexes for table `grade`
--
ALTER TABLE `grade`
  ADD PRIMARY KEY (`id`);

--
-- Indexes for table `homeworks`
--
ALTER TABLE `homeworks`
  ADD PRIMARY KEY (`id`);

--
-- Indexes for table `lesson`
--
ALTER TABLE `lesson`
  ADD PRIMARY KEY (`id`);

--
-- Indexes for table `migrations`
--
ALTER TABLE `migrations`
  ADD PRIMARY KEY (`id`);

--
-- Indexes for table `parents`
--
ALTER TABLE `parents`
  ADD PRIMARY KEY (`id`);

--
-- Indexes for table `principal`
--
ALTER TABLE `principal`
  ADD PRIMARY KEY (`id`);

--
-- Indexes for table `schedule`
--
ALTER TABLE `schedule`
  ADD PRIMARY KEY (`id`);

--
-- Indexes for table `school`
--
ALTER TABLE `school`
  ADD PRIMARY KEY (`id`);

--
-- Indexes for table `setting`
--
ALTER TABLE `setting`
  ADD PRIMARY KEY (`id`);

--
-- Indexes for table `state`
--
ALTER TABLE `state`
  ADD PRIMARY KEY (`id`),
  ADD KEY `State_Name` (`State_Name`);

--
-- Indexes for table `student`
--
ALTER TABLE `student`
  ADD PRIMARY KEY (`id`);

--
-- Indexes for table `students_absent_present`
--
ALTER TABLE `students_absent_present`
  ADD PRIMARY KEY (`id`);

--
-- Indexes for table `supervisor`
--
ALTER TABLE `supervisor`
  ADD PRIMARY KEY (`id`);

--
-- Indexes for table `teacher`
--
ALTER TABLE `teacher`
  ADD PRIMARY KEY (`id`);

--
-- Indexes for table `teacher_assign`
--
ALTER TABLE `teacher_assign`
  ADD PRIMARY KEY (`id`);

--
-- Indexes for table `training_hours`
--
ALTER TABLE `training_hours`
  ADD PRIMARY KEY (`id`);

--
-- Indexes for table `training_information`
--
ALTER TABLE `training_information`
  ADD PRIMARY KEY (`id`);

--
-- Indexes for table `users`
--
ALTER TABLE `users`
  ADD PRIMARY KEY (`id`);

--
-- Indexes for table `user_categories`
--
ALTER TABLE `user_categories`
  ADD PRIMARY KEY (`id`);

--
-- AUTO_INCREMENT for dumped tables
--

--
-- AUTO_INCREMENT for table `assign_grade_base`
--
ALTER TABLE `assign_grade_base`
  MODIFY `id` bigint UNSIGNED NOT NULL AUTO_INCREMENT, AUTO_INCREMENT=15;

--
-- AUTO_INCREMENT for table `base`
--
ALTER TABLE `base`
  MODIFY `id` bigint UNSIGNED NOT NULL AUTO_INCREMENT, AUTO_INCREMENT=12;

--
-- AUTO_INCREMENT for table `city`
--
ALTER TABLE `city`
  MODIFY `id` int UNSIGNED NOT NULL AUTO_INCREMENT, AUTO_INCREMENT=4021;

--
-- AUTO_INCREMENT for table `classes_completed`
--
ALTER TABLE `classes_completed`
  MODIFY `id` bigint UNSIGNED NOT NULL AUTO_INCREMENT, AUTO_INCREMENT=2;

--
-- AUTO_INCREMENT for table `class_assign`
--
ALTER TABLE `class_assign`
  MODIFY `id` bigint UNSIGNED NOT NULL AUTO_INCREMENT, AUTO_INCREMENT=7;

--
-- AUTO_INCREMENT for table `deputy`
--
ALTER TABLE `deputy`
  MODIFY `id` bigint UNSIGNED NOT NULL AUTO_INCREMENT, AUTO_INCREMENT=3;

--
-- AUTO_INCREMENT for table `general_information`
--
ALTER TABLE `general_information`
  MODIFY `id` bigint UNSIGNED NOT NULL AUTO_INCREMENT;

--
-- AUTO_INCREMENT for table `grade`
--
ALTER TABLE `grade`
  MODIFY `id` bigint UNSIGNED NOT NULL AUTO_INCREMENT, AUTO_INCREMENT=5;

--
-- AUTO_INCREMENT for table `homeworks`
--
ALTER TABLE `homeworks`
  MODIFY `id` bigint UNSIGNED NOT NULL AUTO_INCREMENT, AUTO_INCREMENT=3;

--
-- AUTO_INCREMENT for table `lesson`
--
ALTER TABLE `lesson`
  MODIFY `id` bigint UNSIGNED NOT NULL AUTO_INCREMENT, AUTO_INCREMENT=36;

--
-- AUTO_INCREMENT for table `migrations`
--
ALTER TABLE `migrations`
  MODIFY `id` int UNSIGNED NOT NULL AUTO_INCREMENT, AUTO_INCREMENT=55;

--
-- AUTO_INCREMENT for table `parents`
--
ALTER TABLE `parents`
  MODIFY `id` bigint UNSIGNED NOT NULL AUTO_INCREMENT, AUTO_INCREMENT=3;

--
-- AUTO_INCREMENT for table `principal`
--
ALTER TABLE `principal`
  MODIFY `id` bigint UNSIGNED NOT NULL AUTO_INCREMENT, AUTO_INCREMENT=3;

--
-- AUTO_INCREMENT for table `schedule`
--
ALTER TABLE `schedule`
  MODIFY `id` bigint UNSIGNED NOT NULL AUTO_INCREMENT, AUTO_INCREMENT=76;

--
-- AUTO_INCREMENT for table `school`
--
ALTER TABLE `school`
  MODIFY `id` bigint UNSIGNED NOT NULL AUTO_INCREMENT, AUTO_INCREMENT=3;

--
-- AUTO_INCREMENT for table `setting`
--
ALTER TABLE `setting`
  MODIFY `id` bigint UNSIGNED NOT NULL AUTO_INCREMENT, AUTO_INCREMENT=2;

--
-- AUTO_INCREMENT for table `state`
--
ALTER TABLE `state`
  MODIFY `id` int UNSIGNED NOT NULL AUTO_INCREMENT, AUTO_INCREMENT=32;

--
-- AUTO_INCREMENT for table `student`
--
ALTER TABLE `student`
  MODIFY `id` bigint UNSIGNED NOT NULL AUTO_INCREMENT, AUTO_INCREMENT=3;

--
-- AUTO_INCREMENT for table `students_absent_present`
--
ALTER TABLE `students_absent_present`
  MODIFY `id` bigint UNSIGNED NOT NULL AUTO_INCREMENT, AUTO_INCREMENT=3;

--
-- AUTO_INCREMENT for table `supervisor`
--
ALTER TABLE `supervisor`
  MODIFY `id` bigint UNSIGNED NOT NULL AUTO_INCREMENT, AUTO_INCREMENT=3;

--
-- AUTO_INCREMENT for table `teacher`
--
ALTER TABLE `teacher`
  MODIFY `id` bigint UNSIGNED NOT NULL AUTO_INCREMENT, AUTO_INCREMENT=4;

--
-- AUTO_INCREMENT for table `teacher_assign`
--
ALTER TABLE `teacher_assign`
  MODIFY `id` bigint UNSIGNED NOT NULL AUTO_INCREMENT, AUTO_INCREMENT=10;

--
-- AUTO_INCREMENT for table `training_hours`
--
ALTER TABLE `training_hours`
  MODIFY `id` bigint UNSIGNED NOT NULL AUTO_INCREMENT, AUTO_INCREMENT=23;

--
-- AUTO_INCREMENT for table `training_information`
--
ALTER TABLE `training_information`
  MODIFY `id` bigint UNSIGNED NOT NULL AUTO_INCREMENT, AUTO_INCREMENT=2;

--
-- AUTO_INCREMENT for table `users`
--
ALTER TABLE `users`
  MODIFY `id` bigint UNSIGNED NOT NULL AUTO_INCREMENT, AUTO_INCREMENT=3;

--
-- AUTO_INCREMENT for table `user_categories`
--
ALTER TABLE `user_categories`
  MODIFY `id` bigint UNSIGNED NOT NULL AUTO_INCREMENT, AUTO_INCREMENT=3;
COMMIT;

/*!40101 SET CHARACTER_SET_CLIENT=@OLD_CHARACTER_SET_CLIENT */;
/*!40101 SET CHARACTER_SET_RESULTS=@OLD_CHARACTER_SET_RESULTS */;
/*!40101 SET COLLATION_CONNECTION=@OLD_COLLATION_CONNECTION */;
